Fitter report for risc_v_mike_top
Wed May  8 18:03:21 2024
Quartus Prime Version 22.1std.2 Build 922 07/20/2023 SC Lite Edition


---------------------
; Table of Contents ;
---------------------
  1. Legal Notice
  2. Fitter Summary
  3. Fitter Settings
  4. Parallel Compilation
  5. Fitter Netlist Optimizations
  6. Incremental Compilation Preservation Summary
  7. Incremental Compilation Partition Settings
  8. Incremental Compilation Placement Preservation
  9. Pin-Out File
 10. Fitter Resource Usage Summary
 11. Fitter Partition Statistics
 12. Input Pins
 13. Output Pins
 14. I/O Bank Usage
 15. All Package Pins
 16. I/O Assignment Warnings
 17. PLL Usage Summary
 18. Fitter Resource Utilization by Entity
 19. Delay Chain Summary
 20. Pad To Core Delay Chain Fanout
 21. Control Signals
 22. Global & Other Fast Signals
 23. Non-Global High Fan-Out Signals
 24. Fitter RAM Summary
 25. Routing Usage Summary
 26. I/O Rules Summary
 27. I/O Rules Details
 28. I/O Rules Matrix
 29. Fitter Device Options
 30. Operating Settings and Conditions
 31. Estimated Delay Added for Hold Timing Summary
 32. Estimated Delay Added for Hold Timing Details
 33. Fitter Messages
 34. Fitter Suppressed Messages



----------------
; Legal Notice ;
----------------
Copyright (C) 2023  Intel Corporation. All rights reserved.
Your use of Intel Corporation's design tools, logic functions 
and other software and tools, and any partner logic 
functions, and any output files from any of the foregoing 
(including device programming or simulation files), and any 
associated documentation or information are expressly subject 
to the terms and conditions of the Intel Program License 
Subscription Agreement, the Intel Quartus Prime License Agreement,
the Intel FPGA IP License Agreement, or other applicable license
agreement, including, without limitation, that your use is for
the sole purpose of programming logic devices manufactured by
Intel and sold by Intel or its authorized distributors.  Please
refer to the applicable agreement for further details, at
https://fpgasoftware.intel.com/eula.



+----------------------------------------------------------------------------------+
; Fitter Summary                                                                   ;
+---------------------------------+------------------------------------------------+
; Fitter Status                   ; Successful - Wed May  8 18:03:21 2024          ;
; Quartus Prime Version           ; 22.1std.2 Build 922 07/20/2023 SC Lite Edition ;
; Revision Name                   ; risc_v_mike_top                                ;
; Top-level Entity Name           ; risc_v_mike_top                                ;
; Family                          ; Cyclone V                                      ;
; Device                          ; 5CSXFC6D6F31C6                                 ;
; Timing Models                   ; Final                                          ;
; Logic utilization (in ALMs)     ; 9,850 / 41,910 ( 24 % )                        ;
; Total registers                 ; 18116                                          ;
; Total pins                      ; 20 / 499 ( 4 % )                               ;
; Total virtual pins              ; 0                                              ;
; Total block memory bits         ; 28,672 / 5,662,720 ( < 1 % )                   ;
; Total RAM Blocks                ; 3 / 553 ( < 1 % )                              ;
; Total DSP Blocks                ; 0 / 112 ( 0 % )                                ;
; Total HSSI RX PCSs              ; 0 / 9 ( 0 % )                                  ;
; Total HSSI PMA RX Deserializers ; 0 / 9 ( 0 % )                                  ;
; Total HSSI TX PCSs              ; 0 / 9 ( 0 % )                                  ;
; Total HSSI PMA TX Serializers   ; 0 / 9 ( 0 % )                                  ;
; Total PLLs                      ; 1 / 15 ( 7 % )                                 ;
; Total DLLs                      ; 0 / 4 ( 0 % )                                  ;
+---------------------------------+------------------------------------------------+


+----------------------------------------------------------------------------------------------------------------------------------------------------+
; Fitter Settings                                                                                                                                    ;
+--------------------------------------------------------------------+---------------------------------------+---------------------------------------+
; Option                                                             ; Setting                               ; Default Value                         ;
+--------------------------------------------------------------------+---------------------------------------+---------------------------------------+
; Device                                                             ; 5CSXFC6D6F31C6                        ;                                       ;
; Minimum Core Junction Temperature                                  ; 0                                     ;                                       ;
; Maximum Core Junction Temperature                                  ; 85                                    ;                                       ;
; Use smart compilation                                              ; Off                                   ; Off                                   ;
; Enable parallel Assembler and Timing Analyzer during compilation   ; On                                    ; On                                    ;
; Enable compact report table                                        ; Off                                   ; Off                                   ;
; Router Timing Optimization Level                                   ; Normal                                ; Normal                                ;
; Perform Clocking Topology Analysis During Routing                  ; Off                                   ; Off                                   ;
; Placement Effort Multiplier                                        ; 1.0                                   ; 1.0                                   ;
; Device initialization clock source                                 ; INIT_INTOSC                           ; INIT_INTOSC                           ;
; Optimize Hold Timing                                               ; All Paths                             ; All Paths                             ;
; Optimize Multi-Corner Timing                                       ; On                                    ; On                                    ;
; Auto RAM to MLAB Conversion                                        ; On                                    ; On                                    ;
; Equivalent RAM and MLAB Power Up                                   ; Auto                                  ; Auto                                  ;
; Equivalent RAM and MLAB Paused Read Capabilities                   ; Care                                  ; Care                                  ;
; Power Optimization During Fitting                                  ; Normal compilation                    ; Normal compilation                    ;
; SSN Optimization                                                   ; Off                                   ; Off                                   ;
; Optimize Timing                                                    ; Normal compilation                    ; Normal compilation                    ;
; Optimize Timing for ECOs                                           ; Off                                   ; Off                                   ;
; Regenerate Full Fit Report During ECO Compiles                     ; Off                                   ; Off                                   ;
; Optimize IOC Register Placement for Timing                         ; Normal                                ; Normal                                ;
; Final Placement Optimizations                                      ; Automatically                         ; Automatically                         ;
; Fitter Aggressive Routability Optimizations                        ; Automatically                         ; Automatically                         ;
; Fitter Initial Placement Seed                                      ; 1                                     ; 1                                     ;
; Periphery to Core Placement and Routing Optimization               ; Off                                   ; Off                                   ;
; Weak Pull-Up Resistor                                              ; Off                                   ; Off                                   ;
; Enable Bus-Hold Circuitry                                          ; Off                                   ; Off                                   ;
; Auto Packed Registers                                              ; Auto                                  ; Auto                                  ;
; Auto Delay Chains                                                  ; On                                    ; On                                    ;
; Auto Delay Chains for High Fanout Input Pins                       ; Off                                   ; Off                                   ;
; Treat Bidirectional Pin as Output Pin                              ; Off                                   ; Off                                   ;
; Perform Physical Synthesis for Combinational Logic for Fitting     ; Off                                   ; Off                                   ;
; Perform Physical Synthesis for Combinational Logic for Performance ; Off                                   ; Off                                   ;
; Perform Register Duplication for Performance                       ; Off                                   ; Off                                   ;
; Perform Register Retiming for Performance                          ; Off                                   ; Off                                   ;
; Perform Asynchronous Signal Pipelining                             ; Off                                   ; Off                                   ;
; Fitter Effort                                                      ; Auto Fit                              ; Auto Fit                              ;
; Physical Synthesis Effort Level                                    ; Normal                                ; Normal                                ;
; Logic Cell Insertion - Logic Duplication                           ; Auto                                  ; Auto                                  ;
; Auto Register Duplication                                          ; Auto                                  ; Auto                                  ;
; Auto Global Clock                                                  ; On                                    ; On                                    ;
; Auto Global Register Control Signals                               ; On                                    ; On                                    ;
; Reserve all unused pins                                            ; As input tri-stated with weak pull-up ; As input tri-stated with weak pull-up ;
; Synchronizer Identification                                        ; Auto                                  ; Auto                                  ;
; Enable Beneficial Skew Optimization                                ; On                                    ; On                                    ;
; Optimize Design for Metastability                                  ; On                                    ; On                                    ;
; Active Serial clock source                                         ; FREQ_100MHz                           ; FREQ_100MHz                           ;
; Force Fitter to Avoid Periphery Placement Warnings                 ; Off                                   ; Off                                   ;
; Clamping Diode                                                     ; Off                                   ; Off                                   ;
; Enable input tri-state on active configuration pins in user mode   ; Off                                   ; Off                                   ;
; Advanced Physical Optimization                                     ; On                                    ; On                                    ;
+--------------------------------------------------------------------+---------------------------------------+---------------------------------------+


+------------------------------------------+
; Parallel Compilation                     ;
+----------------------------+-------------+
; Processors                 ; Number      ;
+----------------------------+-------------+
; Number detected on machine ; 8           ;
; Maximum allowed            ; 4           ;
;                            ;             ;
; Average used               ; 1.44        ;
; Maximum used               ; 4           ;
;                            ;             ;
; Usage by Processor         ; % Time Used ;
;     Processor 1            ; 100.0%      ;
;     Processor 2            ;  15.6%      ;
;     Processor 3            ;  14.4%      ;
;     Processor 4            ;  14.2%      ;
+----------------------------+-------------+


+--------------------------------------------------------------------------------------------------------------------------------------------------------------------------------------------------------------------------------------------------------------------------------------------------------------------------------------------------------------------------------------------------+
; Fitter Netlist Optimizations                                                                                                                                                                                                                                                                                                                                                                     ;
+--------------------------------------------------------------------------------------------------------------------+------------+---------------------------------------------------+----------------------------+-----------+----------------+-------------------------------------------------------------------------------------------------------+------------------+-----------------------+
; Node                                                                                                               ; Action     ; Operation                                         ; Reason                     ; Node Port ; Node Port Name ; Destination Node                                                                                      ; Destination Port ; Destination Port Name ;
+--------------------------------------------------------------------------------------------------------------------+------------+---------------------------------------------------+----------------------------+-----------+----------------+-------------------------------------------------------------------------------------------------------+------------------+-----------------------+
; risv_mike_pll:i_risv_mike_pll|risv_mike_pll_0002:risv_mike_pll_inst|altera_pll:altera_pll_i|outclk_wire[0]~CLKENA0 ; Created    ; Placement                                         ; Fitter Periphery Placement ;           ;                ;                                                                                                       ;                  ;                       ;
; clk_in~inputCLKENA0                                                                                                ; Created    ; Placement                                         ; Fitter Periphery Placement ;           ;                ;                                                                                                       ;                  ;                       ;
; UART_UNCORE:i_UART_UNCORE|UART_MIKE:i_top_UART_MIKE|rx_done_ff                                                     ; Duplicated ; Router Logic Cell Insertion and Logic Duplication ; Routability optimization   ;           ;                ; UART_UNCORE:i_UART_UNCORE|UART_MIKE:i_top_UART_MIKE|rx_done_ff~DUPLICATE                              ;                  ;                       ;
; UART_UNCORE:i_UART_UNCORE|UART_MIKE:i_top_UART_MIKE|rx_flag                                                        ; Duplicated ; Router Logic Cell Insertion and Logic Duplication ; Routability optimization   ;           ;                ; UART_UNCORE:i_UART_UNCORE|UART_MIKE:i_top_UART_MIKE|rx_flag~DUPLICATE                                 ;                  ;                       ;
; UART_UNCORE:i_UART_UNCORE|UART_MIKE:i_top_UART_MIKE|rx_shifter:rx_shifter|rx_byte_buffer[4]                        ; Duplicated ; Router Logic Cell Insertion and Logic Duplication ; Routability optimization   ;           ;                ; UART_UNCORE:i_UART_UNCORE|UART_MIKE:i_top_UART_MIKE|rx_shifter:rx_shifter|rx_byte_buffer[4]~DUPLICATE ;                  ;                       ;
; UART_UNCORE:i_UART_UNCORE|UART_MIKE:i_top_UART_MIKE|tx_shifter:tx_shifter|temp_index_ff[2]                         ; Duplicated ; Router Logic Cell Insertion and Logic Duplication ; Routability optimization   ;           ;                ; UART_UNCORE:i_UART_UNCORE|UART_MIKE:i_top_UART_MIKE|tx_shifter:tx_shifter|temp_index_ff[2]~DUPLICATE  ;                  ;                       ;
; UART_UNCORE:i_UART_UNCORE|risc_v_mike_gpio_module:i_risc_v_mike_gpio_module|rx_flag_clr_ff                         ; Duplicated ; Router Logic Cell Insertion and Logic Duplication ; Routability optimization   ;           ;                ; UART_UNCORE:i_UART_UNCORE|risc_v_mike_gpio_module:i_risc_v_mike_gpio_module|rx_flag_clr_ff~DUPLICATE  ;                  ;                       ;
; UART_UNCORE:i_UART_UNCORE|risc_v_mike_gpio_module:i_risc_v_mike_gpio_module|tx_data_ff[1]                          ; Duplicated ; Router Logic Cell Insertion and Logic Duplication ; Routability optimization   ;           ;                ; UART_UNCORE:i_UART_UNCORE|risc_v_mike_gpio_module:i_risc_v_mike_gpio_module|tx_data_ff[1]~DUPLICATE   ;                  ;                       ;
; UART_UNCORE:i_UART_UNCORE|risc_v_mike_gpio_module:i_risc_v_mike_gpio_module|tx_data_ff[4]                          ; Duplicated ; Router Logic Cell Insertion and Logic Duplication ; Routability optimization   ;           ;                ; UART_UNCORE:i_UART_UNCORE|risc_v_mike_gpio_module:i_risc_v_mike_gpio_module|tx_data_ff[4]~DUPLICATE   ;                  ;                       ;
; UART_UNCORE:i_UART_UNCORE|risc_v_mike_gpio_module:i_risc_v_mike_gpio_module|tx_data_ff[6]                          ; Duplicated ; Router Logic Cell Insertion and Logic Duplication ; Routability optimization   ;           ;                ; UART_UNCORE:i_UART_UNCORE|risc_v_mike_gpio_module:i_risc_v_mike_gpio_module|tx_data_ff[6]~DUPLICATE   ;                  ;                       ;
; alu_ctrl_e[1]                                                                                                      ; Duplicated ; Router Logic Cell Insertion and Logic Duplication ; Routability optimization   ;           ;                ; alu_ctrl_e[1]~DUPLICATE                                                                               ;                  ;                       ;
; alu_result_m[21]                                                                                                   ; Duplicated ; Router Logic Cell Insertion and Logic Duplication ; Routability optimization   ;           ;                ; alu_result_m[21]~DUPLICATE                                                                            ;                  ;                       ;
; alu_result_m[25]                                                                                                   ; Duplicated ; Router Logic Cell Insertion and Logic Duplication ; Routability optimization   ;           ;                ; alu_result_m[25]~DUPLICATE                                                                            ;                  ;                       ;
; alu_result_w[2]                                                                                                    ; Duplicated ; Router Logic Cell Insertion and Logic Duplication ; Routability optimization   ;           ;                ; alu_result_w[2]~DUPLICATE                                                                             ;                  ;                       ;
; alu_result_w[9]                                                                                                    ; Duplicated ; Router Logic Cell Insertion and Logic Duplication ; Routability optimization   ;           ;                ; alu_result_w[9]~DUPLICATE                                                                             ;                  ;                       ;
; alu_result_w[14]                                                                                                   ; Duplicated ; Router Logic Cell Insertion and Logic Duplication ; Routability optimization   ;           ;                ; alu_result_w[14]~DUPLICATE                                                                            ;                  ;                       ;
; alu_result_w[15]                                                                                                   ; Duplicated ; Router Logic Cell Insertion and Logic Duplication ; Routability optimization   ;           ;                ; alu_result_w[15]~DUPLICATE                                                                            ;                  ;                       ;
; alu_result_w[16]                                                                                                   ; Duplicated ; Router Logic Cell Insertion and Logic Duplication ; Routability optimization   ;           ;                ; alu_result_w[16]~DUPLICATE                                                                            ;                  ;                       ;
; alu_result_w[19]                                                                                                   ; Duplicated ; Router Logic Cell Insertion and Logic Duplication ; Routability optimization   ;           ;                ; alu_result_w[19]~DUPLICATE                                                                            ;                  ;                       ;
; alu_result_w[23]                                                                                                   ; Duplicated ; Router Logic Cell Insertion and Logic Duplication ; Routability optimization   ;           ;                ; alu_result_w[23]~DUPLICATE                                                                            ;                  ;                       ;
; alu_src_sel_a_e[0]                                                                                                 ; Duplicated ; Router Logic Cell Insertion and Logic Duplication ; Routability optimization   ;           ;                ; alu_src_sel_a_e[0]~DUPLICATE                                                                          ;                  ;                       ;
; data_mem_bus_rd_data_w[0]                                                                                          ; Duplicated ; Router Logic Cell Insertion and Logic Duplication ; Routability optimization   ;           ;                ; data_mem_bus_rd_data_w[0]~DUPLICATE                                                                   ;                  ;                       ;
; data_mem_bus_rd_data_w[5]                                                                                          ; Duplicated ; Router Logic Cell Insertion and Logic Duplication ; Routability optimization   ;           ;                ; data_mem_bus_rd_data_w[5]~DUPLICATE                                                                   ;                  ;                       ;
; data_mem_bus_rd_data_w[6]                                                                                          ; Duplicated ; Router Logic Cell Insertion and Logic Duplication ; Routability optimization   ;           ;                ; data_mem_bus_rd_data_w[6]~DUPLICATE                                                                   ;                  ;                       ;
; instruction_d[14]                                                                                                  ; Duplicated ; Router Logic Cell Insertion and Logic Duplication ; Routability optimization   ;           ;                ; instruction_d[14]~DUPLICATE                                                                           ;                  ;                       ;
; pc_addr_e[5]                                                                                                       ; Duplicated ; Router Logic Cell Insertion and Logic Duplication ; Routability optimization   ;           ;                ; pc_addr_e[5]~DUPLICATE                                                                                ;                  ;                       ;
; pc_addr_f[4]                                                                                                       ; Duplicated ; Router Logic Cell Insertion and Logic Duplication ; Routability optimization   ;           ;                ; pc_addr_f[4]~DUPLICATE                                                                                ;                  ;                       ;
; pc_addr_f[6]                                                                                                       ; Duplicated ; Router Logic Cell Insertion and Logic Duplication ; Routability optimization   ;           ;                ; pc_addr_f[6]~DUPLICATE                                                                                ;                  ;                       ;
; pc_addr_f[7]                                                                                                       ; Duplicated ; Router Logic Cell Insertion and Logic Duplication ; Routability optimization   ;           ;                ; pc_addr_f[7]~DUPLICATE                                                                                ;                  ;                       ;
; pc_addr_f[8]                                                                                                       ; Duplicated ; Router Logic Cell Insertion and Logic Duplication ; Routability optimization   ;           ;                ; pc_addr_f[8]~DUPLICATE                                                                                ;                  ;                       ;
; pc_addr_f[9]                                                                                                       ; Duplicated ; Router Logic Cell Insertion and Logic Duplication ; Routability optimization   ;           ;                ; pc_addr_f[9]~DUPLICATE                                                                                ;                  ;                       ;
; pc_addr_f[18]                                                                                                      ; Duplicated ; Router Logic Cell Insertion and Logic Duplication ; Routability optimization   ;           ;                ; pc_addr_f[18]~DUPLICATE                                                                               ;                  ;                       ;
; pc_addr_f[19]                                                                                                      ; Duplicated ; Router Logic Cell Insertion and Logic Duplication ; Routability optimization   ;           ;                ; pc_addr_f[19]~DUPLICATE                                                                               ;                  ;                       ;
; pc_addr_f[24]                                                                                                      ; Duplicated ; Router Logic Cell Insertion and Logic Duplication ; Routability optimization   ;           ;                ; pc_addr_f[24]~DUPLICATE                                                                               ;                  ;                       ;
; pc_addr_f[28]                                                                                                      ; Duplicated ; Router Logic Cell Insertion and Logic Duplication ; Routability optimization   ;           ;                ; pc_addr_f[28]~DUPLICATE                                                                               ;                  ;                       ;
; pc_addr_f[30]                                                                                                      ; Duplicated ; Router Logic Cell Insertion and Logic Duplication ; Routability optimization   ;           ;                ; pc_addr_f[30]~DUPLICATE                                                                               ;                  ;                       ;
; pc_addr_f[31]                                                                                                      ; Duplicated ; Router Logic Cell Insertion and Logic Duplication ; Routability optimization   ;           ;                ; pc_addr_f[31]~DUPLICATE                                                                               ;                  ;                       ;
; reg_write_m                                                                                                        ; Duplicated ; Router Logic Cell Insertion and Logic Duplication ; Routability optimization   ;           ;                ; reg_write_m~DUPLICATE                                                                                 ;                  ;                       ;
; result_src_w[1]                                                                                                    ; Duplicated ; Router Logic Cell Insertion and Logic Duplication ; Routability optimization   ;           ;                ; result_src_w[1]~DUPLICATE                                                                             ;                  ;                       ;
; risc_v_mike_ctrl:i_risc_v_mike_ctrl|intr_opcode_e[0]                                                               ; Duplicated ; Router Logic Cell Insertion and Logic Duplication ; Routability optimization   ;           ;                ; risc_v_mike_ctrl:i_risc_v_mike_ctrl|intr_opcode_e[0]~DUPLICATE                                        ;                  ;                       ;
; risc_v_mike_ctrl:i_risc_v_mike_ctrl|intr_opcode_e[5]                                                               ; Duplicated ; Router Logic Cell Insertion and Logic Duplication ; Routability optimization   ;           ;                ; risc_v_mike_ctrl:i_risc_v_mike_ctrl|intr_opcode_e[5]~DUPLICATE                                        ;                  ;                       ;
; risc_v_mike_reg_file:i_risc_v_mike_reg_file|reg_file_ff[8][11]                                                     ; Duplicated ; Router Logic Cell Insertion and Logic Duplication ; Routability optimization   ;           ;                ; risc_v_mike_reg_file:i_risc_v_mike_reg_file|reg_file_ff[8][11]~DUPLICATE                              ;                  ;                       ;
; risc_v_mike_reg_file:i_risc_v_mike_reg_file|reg_file_ff[21][29]                                                    ; Duplicated ; Router Logic Cell Insertion and Logic Duplication ; Routability optimization   ;           ;                ; risc_v_mike_reg_file:i_risc_v_mike_reg_file|reg_file_ff[21][29]~DUPLICATE                             ;                  ;                       ;
; risc_v_mike_reg_file:i_risc_v_mike_reg_file|reg_file_ff[21][31]                                                    ; Duplicated ; Router Logic Cell Insertion and Logic Duplication ; Routability optimization   ;           ;                ; risc_v_mike_reg_file:i_risc_v_mike_reg_file|reg_file_ff[21][31]~DUPLICATE                             ;                  ;                       ;
; risc_v_mike_reg_file:i_risc_v_mike_reg_file|reg_file_ff[29][24]                                                    ; Duplicated ; Router Logic Cell Insertion and Logic Duplication ; Routability optimization   ;           ;                ; risc_v_mike_reg_file:i_risc_v_mike_reg_file|reg_file_ff[29][24]~DUPLICATE                             ;                  ;                       ;
; risc_v_mike_reg_file:i_risc_v_mike_reg_file|reg_file_ff[29][26]                                                    ; Duplicated ; Router Logic Cell Insertion and Logic Duplication ; Routability optimization   ;           ;                ; risc_v_mike_reg_file:i_risc_v_mike_reg_file|reg_file_ff[29][26]~DUPLICATE                             ;                  ;                       ;
; rs1_e[0]                                                                                                           ; Duplicated ; Router Logic Cell Insertion and Logic Duplication ; Routability optimization   ;           ;                ; rs1_e[0]~DUPLICATE                                                                                    ;                  ;                       ;
; rs1_e[1]                                                                                                           ; Duplicated ; Router Logic Cell Insertion and Logic Duplication ; Routability optimization   ;           ;                ; rs1_e[1]~DUPLICATE                                                                                    ;                  ;                       ;
; rsd_m[1]                                                                                                           ; Duplicated ; Router Logic Cell Insertion and Logic Duplication ; Routability optimization   ;           ;                ; rsd_m[1]~DUPLICATE                                                                                    ;                  ;                       ;
; rsd_m[2]                                                                                                           ; Duplicated ; Router Logic Cell Insertion and Logic Duplication ; Routability optimization   ;           ;                ; rsd_m[2]~DUPLICATE                                                                                    ;                  ;                       ;
; rsd_w[1]                                                                                                           ; Duplicated ; Router Logic Cell Insertion and Logic Duplication ; Routability optimization   ;           ;                ; rsd_w[1]~DUPLICATE                                                                                    ;                  ;                       ;
; rsd_w[2]                                                                                                           ; Duplicated ; Router Logic Cell Insertion and Logic Duplication ; Routability optimization   ;           ;                ; rsd_w[2]~DUPLICATE                                                                                    ;                  ;                       ;
+--------------------------------------------------------------------------------------------------------------------+------------+---------------------------------------------------+----------------------------+-----------+----------------+-------------------------------------------------------------------------------------------------------+------------------+-----------------------+


+----------------------------------------------------------------------------------------------------+
; Incremental Compilation Preservation Summary                                                       ;
+---------------------+----------------------+----------------------------+--------------------------+
; Type                ; Total [A + B]        ; From Design Partitions [A] ; From Rapid Recompile [B] ;
+---------------------+----------------------+----------------------------+--------------------------+
; Placement (by node) ;                      ;                            ;                          ;
;     -- Requested    ; 0.00 % ( 0 / 26391 ) ; 0.00 % ( 0 / 26391 )       ; 0.00 % ( 0 / 26391 )     ;
;     -- Achieved     ; 0.00 % ( 0 / 26391 ) ; 0.00 % ( 0 / 26391 )       ; 0.00 % ( 0 / 26391 )     ;
;                     ;                      ;                            ;                          ;
; Routing (by net)    ;                      ;                            ;                          ;
;     -- Requested    ; 0.00 % ( 0 / 0 )     ; 0.00 % ( 0 / 0 )           ; 0.00 % ( 0 / 0 )         ;
;     -- Achieved     ; 0.00 % ( 0 / 0 )     ; 0.00 % ( 0 / 0 )           ; 0.00 % ( 0 / 0 )         ;
+---------------------+----------------------+----------------------------+--------------------------+


+----------------------------------------------------------------------------------------------------------------------------------------------------------------------------------------+
; Incremental Compilation Partition Settings                                                                                                                                             ;
+--------------------------------+----------------+-------------------+-------------------------+------------------------+------------------------------+--------------------------------+
; Partition Name                 ; Partition Type ; Netlist Type Used ; Preservation Level Used ; Netlist Type Requested ; Preservation Level Requested ; Contents                       ;
+--------------------------------+----------------+-------------------+-------------------------+------------------------+------------------------------+--------------------------------+
; Top                            ; User-created   ; Source File       ; N/A                     ; Source File            ; N/A                          ;                                ;
; hard_block:auto_generated_inst ; Auto-generated ; Source File       ; N/A                     ; Source File            ; N/A                          ; hard_block:auto_generated_inst ;
+--------------------------------+----------------+-------------------+-------------------------+------------------------+------------------------------+--------------------------------+


+------------------------------------------------------------------------------------------------------------------------------------+
; Incremental Compilation Placement Preservation                                                                                     ;
+--------------------------------+-----------------------+-------------------------+-------------------+---------------------+-------+
; Partition Name                 ; Preservation Achieved ; Preservation Level Used ; Netlist Type Used ; Preservation Method ; Notes ;
+--------------------------------+-----------------------+-------------------------+-------------------+---------------------+-------+
; Top                            ; 0.00 % ( 0 / 26383 )  ; N/A                     ; Source File       ; N/A                 ;       ;
; hard_block:auto_generated_inst ; 0.00 % ( 0 / 8 )      ; N/A                     ; Source File       ; N/A                 ;       ;
+--------------------------------+-----------------------+-------------------------+-------------------+---------------------+-------+


+--------------+
; Pin-Out File ;
+--------------+
The pin-out file can be found in C:/Users/matriana/Personal/Masters/Diseno de Micros/RISC-V/RISC-V_Pipeline/proj_quartus_final/output_files/risc_v_mike_top.pin.


+---------------------------------------------------------------------------------------------+
; Fitter Resource Usage Summary                                                               ;
+-------------------------------------------------------------+-----------------------+-------+
; Resource                                                    ; Usage                 ; %     ;
+-------------------------------------------------------------+-----------------------+-------+
; Logic utilization (ALMs needed / total ALMs on device)      ; 9,850 / 41,910        ; 24 %  ;
; ALMs needed [=A-B+C]                                        ; 9,850                 ;       ;
;     [A] ALMs used in final placement [=a+b+c+d]             ; 12,387 / 41,910       ; 30 %  ;
;         [a] ALMs used for LUT logic and registers           ; 2,632                 ;       ;
;         [b] ALMs used for LUT logic                         ; 4,046                 ;       ;
;         [c] ALMs used for registers                         ; 5,709                 ;       ;
;         [d] ALMs used for memory (up to half of total ALMs) ; 0                     ;       ;
;     [B] Estimate of ALMs recoverable by dense packing       ; 2,589 / 41,910        ; 6 %   ;
;     [C] Estimate of ALMs unavailable [=a+b+c+d]             ; 52 / 41,910           ; < 1 % ;
;         [a] Due to location constrained logic               ; 0                     ;       ;
;         [b] Due to LAB-wide signal conflicts                ; 23                    ;       ;
;         [c] Due to LAB input limits                         ; 29                    ;       ;
;         [d] Due to virtual I/Os                             ; 0                     ;       ;
;                                                             ;                       ;       ;
; Difficulty packing design                                   ; Low                   ;       ;
;                                                             ;                       ;       ;
; Total LABs:  partially or completely used                   ; 1,786 / 4,191         ; 43 %  ;
;     -- Logic LABs                                           ; 1,786                 ;       ;
;     -- Memory LABs (up to half of total LABs)               ; 0                     ;       ;
;                                                             ;                       ;       ;
; Combinational ALUT usage for logic                          ; 8,252                 ;       ;
;     -- 7 input functions                                    ; 18                    ;       ;
;     -- 6 input functions                                    ; 6,982                 ;       ;
;     -- 5 input functions                                    ; 485                   ;       ;
;     -- 4 input functions                                    ; 211                   ;       ;
;     -- <=3 input functions                                  ; 556                   ;       ;
; Combinational ALUT usage for route-throughs                 ; 6,095                 ;       ;
;                                                             ;                       ;       ;
; Dedicated logic registers                                   ; 18,116                ;       ;
;     -- By type:                                             ;                       ;       ;
;         -- Primary logic registers                          ; 16,680 / 83,820       ; 20 %  ;
;         -- Secondary logic registers                        ; 1,436 / 83,820        ; 2 %   ;
;     -- By function:                                         ;                       ;       ;
;         -- Design implementation registers                  ; 18,066                ;       ;
;         -- Routing optimization registers                   ; 50                    ;       ;
;                                                             ;                       ;       ;
; Virtual pins                                                ; 0                     ;       ;
; I/O pins                                                    ; 20 / 499              ; 4 %   ;
;     -- Clock pins                                           ; 3 / 11                ; 27 %  ;
;     -- Dedicated input pins                                 ; 0 / 39                ; 0 %   ;
;                                                             ;                       ;       ;
; Hard processor system peripheral utilization                ;                       ;       ;
;     -- Boot from FPGA                                       ; 0 / 1 ( 0 % )         ;       ;
;     -- Clock resets                                         ; 0 / 1 ( 0 % )         ;       ;
;     -- Cross trigger                                        ; 0 / 1 ( 0 % )         ;       ;
;     -- S2F AXI                                              ; 0 / 1 ( 0 % )         ;       ;
;     -- F2S AXI                                              ; 0 / 1 ( 0 % )         ;       ;
;     -- AXI Lightweight                                      ; 0 / 1 ( 0 % )         ;       ;
;     -- SDRAM                                                ; 0 / 1 ( 0 % )         ;       ;
;     -- Interrupts                                           ; 0 / 1 ( 0 % )         ;       ;
;     -- JTAG                                                 ; 0 / 1 ( 0 % )         ;       ;
;     -- Loan I/O                                             ; 0 / 1 ( 0 % )         ;       ;
;     -- MPU event standby                                    ; 0 / 1 ( 0 % )         ;       ;
;     -- MPU general purpose                                  ; 0 / 1 ( 0 % )         ;       ;
;     -- STM event                                            ; 0 / 1 ( 0 % )         ;       ;
;     -- TPIU trace                                           ; 0 / 1 ( 0 % )         ;       ;
;     -- DMA                                                  ; 0 / 1 ( 0 % )         ;       ;
;     -- CAN                                                  ; 0 / 2 ( 0 % )         ;       ;
;     -- EMAC                                                 ; 0 / 2 ( 0 % )         ;       ;
;     -- I2C                                                  ; 0 / 4 ( 0 % )         ;       ;
;     -- NAND Flash                                           ; 0 / 1 ( 0 % )         ;       ;
;     -- QSPI                                                 ; 0 / 1 ( 0 % )         ;       ;
;     -- SDMMC                                                ; 0 / 1 ( 0 % )         ;       ;
;     -- SPI Master                                           ; 0 / 2 ( 0 % )         ;       ;
;     -- SPI Slave                                            ; 0 / 2 ( 0 % )         ;       ;
;     -- UART                                                 ; 0 / 2 ( 0 % )         ;       ;
;     -- USB                                                  ; 0 / 2 ( 0 % )         ;       ;
;                                                             ;                       ;       ;
; M10K blocks                                                 ; 3 / 553               ; < 1 % ;
; Total MLAB memory bits                                      ; 0                     ;       ;
; Total block memory bits                                     ; 28,672 / 5,662,720    ; < 1 % ;
; Total block memory implementation bits                      ; 30,720 / 5,662,720    ; < 1 % ;
;                                                             ;                       ;       ;
; Total DSP Blocks                                            ; 0 / 112               ; 0 %   ;
;                                                             ;                       ;       ;
; Fractional PLLs                                             ; 1 / 6                 ; 17 %  ;
; Global signals                                              ; 2                     ;       ;
;     -- Global clocks                                        ; 2 / 16                ; 13 %  ;
;     -- Quadrant clocks                                      ; 0 / 66                ; 0 %   ;
;     -- Horizontal periphery clocks                          ; 0 / 18                ; 0 %   ;
; SERDES Transmitters                                         ; 0 / 100               ; 0 %   ;
; SERDES Receivers                                            ; 0 / 100               ; 0 %   ;
; JTAGs                                                       ; 0 / 1                 ; 0 %   ;
; ASMI blocks                                                 ; 0 / 1                 ; 0 %   ;
; CRC blocks                                                  ; 0 / 1                 ; 0 %   ;
; Remote update blocks                                        ; 0 / 1                 ; 0 %   ;
; Oscillator blocks                                           ; 0 / 1                 ; 0 %   ;
; Hard IPs                                                    ; 0 / 2                 ; 0 %   ;
; Standard RX PCSs                                            ; 0 / 9                 ; 0 %   ;
; HSSI PMA RX Deserializers                                   ; 0 / 9                 ; 0 %   ;
; Standard TX PCSs                                            ; 0 / 9                 ; 0 %   ;
; HSSI PMA TX Serializers                                     ; 0 / 9                 ; 0 %   ;
; Channel PLLs                                                ; 0 / 9                 ; 0 %   ;
; Impedance control blocks                                    ; 0 / 4                 ; 0 %   ;
; Hard Memory Controllers                                     ; 0 / 2                 ; 0 %   ;
; Average interconnect usage (total/H/V)                      ; 11.2% / 11.4% / 10.6% ;       ;
; Peak interconnect usage (total/H/V)                         ; 35.1% / 35.1% / 35.4% ;       ;
; Maximum fan-out                                             ; 18470                 ;       ;
; Highest non-global fan-out                                  ; 18470                 ;       ;
; Total fan-out                                               ; 124250                ;       ;
; Average fan-out                                             ; 3.83                  ;       ;
+-------------------------------------------------------------+-----------------------+-------+


+-----------------------------------------------------------------------------------------------------------------------+
; Fitter Partition Statistics                                                                                           ;
+-------------------------------------------------------------+------------------------+--------------------------------+
; Statistic                                                   ; Top                    ; hard_block:auto_generated_inst ;
+-------------------------------------------------------------+------------------------+--------------------------------+
; Logic utilization (ALMs needed / total ALMs on device)      ; 9850 / 41910 ( 24 % )  ; 0 / 41910 ( 0 % )              ;
; ALMs needed [=A-B+C]                                        ; 9850                   ; 0                              ;
;     [A] ALMs used in final placement [=a+b+c+d]             ; 12387 / 41910 ( 30 % ) ; 0 / 41910 ( 0 % )              ;
;         [a] ALMs used for LUT logic and registers           ; 2632                   ; 0                              ;
;         [b] ALMs used for LUT logic                         ; 4046                   ; 0                              ;
;         [c] ALMs used for registers                         ; 5709                   ; 0                              ;
;         [d] ALMs used for memory (up to half of total ALMs) ; 0                      ; 0                              ;
;     [B] Estimate of ALMs recoverable by dense packing       ; 2589 / 41910 ( 6 % )   ; 0 / 41910 ( 0 % )              ;
;     [C] Estimate of ALMs unavailable [=a+b+c+d]             ; 52 / 41910 ( < 1 % )   ; 0 / 41910 ( 0 % )              ;
;         [a] Due to location constrained logic               ; 0                      ; 0                              ;
;         [b] Due to LAB-wide signal conflicts                ; 23                     ; 0                              ;
;         [c] Due to LAB input limits                         ; 29                     ; 0                              ;
;         [d] Due to virtual I/Os                             ; 0                      ; 0                              ;
;                                                             ;                        ;                                ;
; Difficulty packing design                                   ; Low                    ; Low                            ;
;                                                             ;                        ;                                ;
; Total LABs:  partially or completely used                   ; 1786 / 4191 ( 43 % )   ; 0 / 4191 ( 0 % )               ;
;     -- Logic LABs                                           ; 1786                   ; 0                              ;
;     -- Memory LABs (up to half of total LABs)               ; 0                      ; 0                              ;
;                                                             ;                        ;                                ;
; Combinational ALUT usage for logic                          ; 8252                   ; 0                              ;
;     -- 7 input functions                                    ; 18                     ; 0                              ;
;     -- 6 input functions                                    ; 6982                   ; 0                              ;
;     -- 5 input functions                                    ; 485                    ; 0                              ;
;     -- 4 input functions                                    ; 211                    ; 0                              ;
;     -- <=3 input functions                                  ; 556                    ; 0                              ;
; Combinational ALUT usage for route-throughs                 ; 6095                   ; 0                              ;
; Memory ALUT usage                                           ; 0                      ; 0                              ;
;     -- 64-address deep                                      ; 0                      ; 0                              ;
;     -- 32-address deep                                      ; 0                      ; 0                              ;
;                                                             ;                        ;                                ;
; Dedicated logic registers                                   ; 0                      ; 0                              ;
;     -- By type:                                             ;                        ;                                ;
;         -- Primary logic registers                          ; 16680 / 83820 ( 20 % ) ; 0 / 83820 ( 0 % )              ;
;         -- Secondary logic registers                        ; 1436 / 83820 ( 2 % )   ; 0 / 83820 ( 0 % )              ;
;     -- By function:                                         ;                        ;                                ;
;         -- Design implementation registers                  ; 18066                  ; 0                              ;
;         -- Routing optimization registers                   ; 50                     ; 0                              ;
;                                                             ;                        ;                                ;
;                                                             ;                        ;                                ;
; Virtual pins                                                ; 0                      ; 0                              ;
; I/O pins                                                    ; 19                     ; 1                              ;
; I/O registers                                               ; 0                      ; 0                              ;
; Total block memory bits                                     ; 28672                  ; 0                              ;
; Total block memory implementation bits                      ; 30720                  ; 0                              ;
; M10K block                                                  ; 3 / 553 ( < 1 % )      ; 0 / 553 ( 0 % )                ;
; Clock enable block                                          ; 0 / 116 ( 0 % )        ; 2 / 116 ( 1 % )                ;
; Fractional PLL                                              ; 0 / 6 ( 0 % )          ; 1 / 6 ( 16 % )                 ;
; PLL Output Counter                                          ; 0 / 54 ( 0 % )         ; 1 / 54 ( 1 % )                 ;
; PLL Reconfiguration Block                                   ; 0 / 6 ( 0 % )          ; 1 / 6 ( 16 % )                 ;
; PLL Reference Clock Select Block                            ; 0 / 6 ( 0 % )          ; 1 / 6 ( 16 % )                 ;
;                                                             ;                        ;                                ;
; Connections                                                 ;                        ;                                ;
;     -- Input Connections                                    ; 18119                  ; 0                              ;
;     -- Registered Input Connections                         ; 18116                  ; 0                              ;
;     -- Output Connections                                   ; 0                      ; 18119                          ;
;     -- Registered Output Connections                        ; 0                      ; 0                              ;
;                                                             ;                        ;                                ;
; Internal Connections                                        ;                        ;                                ;
;     -- Total Connections                                    ; 124285                 ; 18152                          ;
;     -- Registered Connections                               ; 73703                  ; 0                              ;
;                                                             ;                        ;                                ;
; External Connections                                        ;                        ;                                ;
;     -- Top                                                  ; 0                      ; 18119                          ;
;     -- hard_block:auto_generated_inst                       ; 18119                  ; 0                              ;
;                                                             ;                        ;                                ;
; Partition Interface                                         ;                        ;                                ;
;     -- Input Ports                                          ; 5                      ; 1                              ;
;     -- Output Ports                                         ; 15                     ; 2                              ;
;     -- Bidir Ports                                          ; 0                      ; 0                              ;
;                                                             ;                        ;                                ;
; Registered Ports                                            ;                        ;                                ;
;     -- Registered Input Ports                               ; 0                      ; 0                              ;
;     -- Registered Output Ports                              ; 0                      ; 0                              ;
;                                                             ;                        ;                                ;
; Port Connectivity                                           ;                        ;                                ;
;     -- Input Ports driven by GND                            ; 0                      ; 0                              ;
;     -- Output Ports driven by GND                           ; 0                      ; 0                              ;
;     -- Input Ports driven by VCC                            ; 0                      ; 0                              ;
;     -- Output Ports driven by VCC                           ; 0                      ; 0                              ;
;     -- Input Ports with no Source                           ; 0                      ; 0                              ;
;     -- Output Ports with no Source                          ; 0                      ; 0                              ;
;     -- Input Ports with no Fanout                           ; 0                      ; 0                              ;
;     -- Output Ports with no Fanout                          ; 0                      ; 0                              ;
+-------------------------------------------------------------+------------------------+--------------------------------+


+------------------------------------------------------------------------------------------------------------------------------------------------------------------------------------------------------------------------------------------------------------------------------------------------+
; Input Pins                                                                                                                                                                                                                                                                                     ;
+-----------------+-------+----------+--------------+--------------+--------------+-----------------------+--------------------+--------+----------------+-----------------+----------+--------------+--------------+-------------+---------------------------+----------------------+-----------+
; Name            ; Pin # ; I/O Bank ; X coordinate ; Y coordinate ; Z coordinate ; Combinational Fan-Out ; Registered Fan-Out ; Global ; Input Register ; PCI I/O Enabled ; Bus Hold ; Weak Pull Up ; I/O Standard ; Termination ; Termination Control Block ; Location assigned by ; Slew Rate ;
+-----------------+-------+----------+--------------+--------------+--------------+-----------------------+--------------------+--------+----------------+-----------------+----------+--------------+--------------+-------------+---------------------------+----------------------+-----------+
; asci_or_hexa_rx ; AB30  ; 5B       ; 89           ; 21           ; 3            ; 10                    ; 0                  ; no     ; no             ; no              ; no       ; Off          ; 2.5 V        ; Off         ; --                        ; User                 ; no        ;
; asci_or_hexa_tx ; Y27   ; 5B       ; 89           ; 25           ; 20           ; 10                    ; 0                  ; no     ; no             ; no              ; no       ; Off          ; 2.5 V        ; Off         ; --                        ; User                 ; no        ;
; clk_in          ; AF14  ; 3B       ; 32           ; 0            ; 0            ; 4                     ; 0                  ; yes    ; no             ; no              ; no       ; Off          ; 2.5 V        ; Off         ; --                        ; User                 ; no        ;
; rst             ; AA30  ; 5B       ; 89           ; 21           ; 20           ; 3                     ; 0                  ; no     ; no             ; no              ; no       ; Off          ; 2.5 V        ; Off         ; --                        ; User                 ; no        ;
; rx              ; AH5   ; 3A       ; 14           ; 0            ; 51           ; 4                     ; 0                  ; no     ; no             ; no              ; no       ; Off          ; 2.5 V        ; Off         ; --                        ; User                 ; no        ;
+-----------------+-------+----------+--------------+--------------+--------------+-----------------------+--------------------+--------+----------------+-----------------+----------+--------------+--------------+-------------+---------------------------+----------------------+-----------+


+-----------------------------------------------------------------------------------------------------------------------------------------------------------------------------------------------------------------------------------------------------------------------------------------------------------------------------------------------------------------------------------------------------------------------------------------------------------------------------------------------+
; Output Pins                                                                                                                                                                                                                                                                                                                                                                                                                                                                                   ;
+----------+-------+----------+--------------+--------------+--------------+-----------------+------------------------+-----------+-----------------+------------+---------------+----------+--------------+--------------+------------------+-----------------------------------+---------------------------+----------------------------+-----------------------------+---------------------+-----------------------------+----------------------+----------------------+---------------------+
; Name     ; Pin # ; I/O Bank ; X coordinate ; Y coordinate ; Z coordinate ; Output Register ; Output Enable Register ; Slew Rate ; PCI I/O Enabled ; Open Drain ; TRI Primitive ; Bus Hold ; Weak Pull Up ; I/O Standard ; Current Strength ; Termination                       ; Termination Control Block ; Output Buffer Pre-emphasis ; Voltage Output Differential ; Output Buffer Delay ; Output Buffer Delay Control ; Location assigned by ; Output Enable Source ; Output Enable Group ;
+----------+-------+----------+--------------+--------------+--------------+-----------------+------------------------+-----------+-----------------+------------+---------------+----------+--------------+--------------+------------------+-----------------------------------+---------------------------+----------------------------+-----------------------------+---------------------+-----------------------------+----------------------+----------------------+---------------------+
; seg_a    ; W17   ; 4A       ; 60           ; 0            ; 17           ; no              ; no                     ; 1         ; no              ; no         ; no            ; no       ; Off          ; 2.5 V        ; Default          ; Series 50 Ohm without Calibration ; --                        ; no                         ; no                          ; 0                   ; Off                         ; User                 ; -                    ; -                   ;
; seg_b    ; V18   ; 4A       ; 80           ; 0            ; 0            ; no              ; no                     ; 1         ; no              ; no         ; no            ; no       ; Off          ; 2.5 V        ; Default          ; Series 50 Ohm without Calibration ; --                        ; no                         ; no                          ; 0                   ; Off                         ; User                 ; -                    ; -                   ;
; seg_c    ; AG17  ; 4A       ; 50           ; 0            ; 91           ; no              ; no                     ; 1         ; no              ; no         ; no            ; no       ; Off          ; 2.5 V        ; Default          ; Series 50 Ohm without Calibration ; --                        ; no                         ; no                          ; 0                   ; Off                         ; User                 ; -                    ; -                   ;
; seg_d    ; AG16  ; 4A       ; 50           ; 0            ; 74           ; no              ; no                     ; 1         ; no              ; no         ; no            ; no       ; Off          ; 2.5 V        ; Default          ; Series 50 Ohm without Calibration ; --                        ; no                         ; no                          ; 0                   ; Off                         ; User                 ; -                    ; -                   ;
; seg_e    ; AH17  ; 4A       ; 56           ; 0            ; 34           ; no              ; no                     ; 1         ; no              ; no         ; no            ; no       ; Off          ; 2.5 V        ; Default          ; Series 50 Ohm without Calibration ; --                        ; no                         ; no                          ; 0                   ; Off                         ; User                 ; -                    ; -                   ;
; seg_f    ; AG18  ; 4A       ; 58           ; 0            ; 74           ; no              ; no                     ; 1         ; no              ; no         ; no            ; no       ; Off          ; 2.5 V        ; Default          ; Series 50 Ohm without Calibration ; --                        ; no                         ; no                          ; 0                   ; Off                         ; User                 ; -                    ; -                   ;
; seg_g    ; AH18  ; 4A       ; 56           ; 0            ; 51           ; no              ; no                     ; 1         ; no              ; no         ; no            ; no       ; Off          ; 2.5 V        ; Default          ; Series 50 Ohm without Calibration ; --                        ; no                         ; no                          ; 0                   ; Off                         ; User                 ; -                    ; -                   ;
; tx       ; AH3   ; 3A       ; 16           ; 0            ; 51           ; no              ; no                     ; 1         ; no              ; no         ; no            ; no       ; Off          ; 2.5 V        ; Default          ; Series 50 Ohm without Calibration ; --                        ; no                         ; no                          ; 0                   ; Off                         ; User                 ; -                    ; -                   ;
; tx_seg_a ; AF16  ; 4A       ; 52           ; 0            ; 51           ; no              ; no                     ; 1         ; no              ; no         ; no            ; no       ; Off          ; 2.5 V        ; Default          ; Series 50 Ohm without Calibration ; --                        ; no                         ; no                          ; 0                   ; Off                         ; User                 ; -                    ; -                   ;
; tx_seg_b ; V16   ; 4A       ; 52           ; 0            ; 0            ; no              ; no                     ; 1         ; no              ; no         ; no            ; no       ; Off          ; 2.5 V        ; Default          ; Series 50 Ohm without Calibration ; --                        ; no                         ; no                          ; 0                   ; Off                         ; User                 ; -                    ; -                   ;
; tx_seg_c ; AE16  ; 4A       ; 52           ; 0            ; 34           ; no              ; no                     ; 1         ; no              ; no         ; no            ; no       ; Off          ; 2.5 V        ; Default          ; Series 50 Ohm without Calibration ; --                        ; no                         ; no                          ; 0                   ; Off                         ; User                 ; -                    ; -                   ;
; tx_seg_d ; AD17  ; 4A       ; 64           ; 0            ; 17           ; no              ; no                     ; 1         ; no              ; no         ; no            ; no       ; Off          ; 2.5 V        ; Default          ; Series 50 Ohm without Calibration ; --                        ; no                         ; no                          ; 0                   ; Off                         ; User                 ; -                    ; -                   ;
; tx_seg_e ; AE18  ; 4A       ; 66           ; 0            ; 40           ; no              ; no                     ; 1         ; no              ; no         ; no            ; no       ; Off          ; 2.5 V        ; Default          ; Series 50 Ohm without Calibration ; --                        ; no                         ; no                          ; 0                   ; Off                         ; User                 ; -                    ; -                   ;
; tx_seg_f ; AE17  ; 4A       ; 50           ; 0            ; 40           ; no              ; no                     ; 1         ; no              ; no         ; no            ; no       ; Off          ; 2.5 V        ; Default          ; Series 50 Ohm without Calibration ; --                        ; no                         ; no                          ; 0                   ; Off                         ; User                 ; -                    ; -                   ;
; tx_seg_g ; V17   ; 4A       ; 60           ; 0            ; 0            ; no              ; no                     ; 1         ; no              ; no         ; no            ; no       ; Off          ; 2.5 V        ; Default          ; Series 50 Ohm without Calibration ; --                        ; no                         ; no                          ; 0                   ; Off                         ; User                 ; -                    ; -                   ;
+----------+-------+----------+--------------+--------------+--------------+-----------------+------------------------+-----------+-----------------+------------+---------------+----------+--------------+--------------+------------------+-----------------------------------+---------------------------+----------------------------+-----------------------------+---------------------+-----------------------------+----------------------+----------------------+---------------------+


+----------------------------------------------------------------------------+
; I/O Bank Usage                                                             ;
+----------+------------------+---------------+--------------+---------------+
; I/O Bank ; Usage            ; VCCIO Voltage ; VREF Voltage ; VCCPD Voltage ;
+----------+------------------+---------------+--------------+---------------+
; B2L      ; 0 / 14 ( 0 % )   ; --            ; --           ; --            ;
; B1L      ; 0 / 14 ( 0 % )   ; --            ; --           ; --            ;
; B0L      ; 0 / 14 ( 0 % )   ; --            ; --           ; --            ;
; 3A       ; 2 / 32 ( 6 % )   ; 2.5V          ; --           ; 2.5V          ;
; 3B       ; 1 / 48 ( 2 % )   ; 2.5V          ; --           ; 2.5V          ;
; 4A       ; 14 / 80 ( 18 % ) ; 2.5V          ; --           ; 2.5V          ;
; 5A       ; 0 / 32 ( 0 % )   ; 2.5V          ; --           ; 2.5V          ;
; 5B       ; 3 / 16 ( 19 % )  ; 2.5V          ; --           ; 2.5V          ;
; 6B       ; 0 / 44 ( 0 % )   ; 2.5V          ; --           ; 2.5V          ;
; 6A       ; 0 / 56 ( 0 % )   ; 2.5V          ; --           ; 2.5V          ;
; 7A       ; 0 / 19 ( 0 % )   ; 2.5V          ; --           ; 2.5V          ;
; 7B       ; 0 / 22 ( 0 % )   ; 2.5V          ; --           ; 2.5V          ;
; 7C       ; 0 / 12 ( 0 % )   ; 2.5V          ; --           ; 2.5V          ;
; 7D       ; 0 / 14 ( 0 % )   ; 2.5V          ; --           ; 2.5V          ;
; 8A       ; 0 / 80 ( 0 % )   ; 2.5V          ; --           ; 2.5V          ;
+----------+------------------+---------------+--------------+---------------+


+-----------------------------------------------------------------------------------------------------------------------------------------------------------------------------------+
; All Package Pins                                                                                                                                                                  ;
+----------+------------+----------------+---------------------------------+--------+--------------+---------------------+--------------+-----------------+----------+--------------+
; Location ; Pad Number ; I/O Bank       ; Pin Name/Usage                  ; Dir.   ; I/O Standard ; Voltage             ; I/O Type     ; User Assignment ; Bus Hold ; Weak Pull Up ;
+----------+------------+----------------+---------------------------------+--------+--------------+---------------------+--------------+-----------------+----------+--------------+
; A2       ;            ;                ; GND                             ; gnd    ;              ;                     ; --           ;                 ; --       ; --           ;
; A3       ; 493        ; 8A             ; RESERVED_INPUT_WITH_WEAK_PULLUP ;        ;              ;                     ; Column I/O   ;                 ; no       ; On           ;
; A4       ; 491        ; 8A             ; RESERVED_INPUT_WITH_WEAK_PULLUP ;        ;              ;                     ; Column I/O   ;                 ; no       ; On           ;
; A5       ; 489        ; 8A             ; RESERVED_INPUT_WITH_WEAK_PULLUP ;        ;              ;                     ; Column I/O   ;                 ; no       ; On           ;
; A6       ; 487        ; 8A             ; RESERVED_INPUT_WITH_WEAK_PULLUP ;        ;              ;                     ; Column I/O   ;                 ; no       ; On           ;
; A7       ;            ; 8A             ; VCCIO8A                         ; power  ;              ; 2.5V                ; --           ;                 ; --       ; --           ;
; A8       ; 473        ; 8A             ; RESERVED_INPUT_WITH_WEAK_PULLUP ;        ;              ;                     ; Column I/O   ;                 ; no       ; On           ;
; A9       ; 471        ; 8A             ; RESERVED_INPUT_WITH_WEAK_PULLUP ;        ;              ;                     ; Column I/O   ;                 ; no       ; On           ;
; A10      ; 465        ; 8A             ; RESERVED_INPUT_WITH_WEAK_PULLUP ;        ;              ;                     ; Column I/O   ;                 ; no       ; On           ;
; A11      ; 463        ; 8A             ; RESERVED_INPUT_WITH_WEAK_PULLUP ;        ;              ;                     ; Column I/O   ;                 ; no       ; On           ;
; A12      ;            ;                ; GND                             ; gnd    ;              ;                     ; --           ;                 ; --       ; --           ;
; A13      ; 461        ; 8A             ; RESERVED_INPUT_WITH_WEAK_PULLUP ;        ;              ;                     ; Column I/O   ;                 ; no       ; On           ;
; A14      ; 455        ; 7D             ; RESERVED_INPUT_WITH_WEAK_PULLUP ;        ;              ;                     ; Column I/O   ;                 ; no       ; On           ;
; A15      ; 447        ; 7D             ; RESERVED_INPUT_WITH_WEAK_PULLUP ;        ;              ;                     ; Column I/O   ;                 ; no       ; On           ;
; A16      ; 439        ; 7C             ; RESERVED_INPUT_WITH_WEAK_PULLUP ;        ;              ;                     ; Column I/O   ;                 ; no       ; On           ;
; A17      ;            ;                ; GND                             ; gnd    ;              ;                     ; --           ;                 ; --       ; --           ;
; A18      ; 425        ; 7B             ; RESERVED_INPUT_WITH_WEAK_PULLUP ;        ;              ;                     ; Column I/O   ;                 ; no       ; On           ;
; A19      ; 423        ; 7B             ; RESERVED_INPUT_WITH_WEAK_PULLUP ;        ;              ;                     ; Column I/O   ;                 ; no       ; On           ;
; A20      ; 415        ; 7B             ; RESERVED_INPUT_WITH_WEAK_PULLUP ;        ;              ;                     ; Column I/O   ;                 ; no       ; On           ;
; A21      ; 411        ; 7B             ; RESERVED_INPUT_WITH_WEAK_PULLUP ;        ;              ;                     ; Column I/O   ;                 ; no       ; On           ;
; A22      ;            ;                ; GND                             ; gnd    ;              ;                     ; --           ;                 ; --       ; --           ;
; A23      ; 395        ; 7A             ; RESERVED_INPUT_WITH_WEAK_PULLUP ;        ;              ;                     ; Column I/O   ;                 ; no       ; On           ;
; A24      ; 391        ; 7A             ; RESERVED_INPUT_WITH_WEAK_PULLUP ;        ;              ;                     ; Column I/O   ;                 ; no       ; On           ;
; A25      ; 389        ; 7A             ; RESERVED_INPUT_WITH_WEAK_PULLUP ;        ;              ;                     ; Column I/O   ;                 ; no       ; On           ;
; A26      ; 382        ; 7A             ; ^GND                            ;        ;              ;                     ; --           ;                 ; --       ; --           ;
; A27      ;            ;                ; GND                             ; gnd    ;              ;                     ; --           ;                 ; --       ; --           ;
; A28      ; 380        ; 7A             ; ^HPS_TRST                       ;        ;              ;                     ; --           ;                 ; --       ; --           ;
; A29      ; 378        ; 7A             ; ^HPS_TMS                        ;        ;              ;                     ; --           ;                 ; --       ; --           ;
; AA1      ; 31         ; B0L            ; GND                             ;        ;              ;                     ; --           ;                 ; --       ; --           ;
; AA2      ; 30         ; B0L            ; GND                             ;        ;              ;                     ; --           ;                 ; --       ; --           ;
; AA3      ;            ;                ; GND                             ; gnd    ;              ;                     ; --           ;                 ; --       ; --           ;
; AA4      ;            ;                ; GND                             ; gnd    ;              ;                     ; --           ;                 ; --       ; --           ;
; AA5      ;            ; --             ; VCCE_GXBL                       ; power  ;              ; 1.1V                ; --           ;                 ; --       ; --           ;
; AA6      ;            ;                ; GND                             ; gnd    ;              ;                     ; --           ;                 ; --       ; --           ;
; AA7      ;            ;                ; DNU                             ;        ;              ;                     ; --           ;                 ; --       ; --           ;
; AA8      ;            ; --             ; VCCA_FPLL                       ; power  ;              ; 2.5V                ; --           ;                 ; --       ; --           ;
; AA9      ;            ;                ; GND                             ; gnd    ;              ;                     ; --           ;                 ; --       ; --           ;
; AA10     ;            ; 3A             ; VCCPD3A                         ; power  ;              ; 2.5V                ; --           ;                 ; --       ; --           ;
; AA11     ;            ;                ; GND                             ; gnd    ;              ;                     ; --           ;                 ; --       ; --           ;
; AA12     ; 74         ; 3A             ; RESERVED_INPUT_WITH_WEAK_PULLUP ;        ;              ;                     ; Column I/O   ;                 ; no       ; On           ;
; AA13     ; 90         ; 3B             ; RESERVED_INPUT_WITH_WEAK_PULLUP ;        ;              ;                     ; Column I/O   ;                 ; no       ; On           ;
; AA14     ; 122        ; 3B             ; RESERVED_INPUT_WITH_WEAK_PULLUP ;        ;              ;                     ; Column I/O   ;                 ; no       ; On           ;
; AA15     ; 120        ; 3B             ; RESERVED_INPUT_WITH_WEAK_PULLUP ;        ;              ;                     ; Column I/O   ;                 ; no       ; On           ;
; AA16     ; 146        ; 4A             ; RESERVED_INPUT_WITH_WEAK_PULLUP ;        ;              ;                     ; Column I/O   ;                 ; no       ; On           ;
; AA17     ;            ; 4A             ; VCCIO4A                         ; power  ;              ; 2.5V                ; --           ;                 ; --       ; --           ;
; AA18     ; 168        ; 4A             ; RESERVED_INPUT_WITH_WEAK_PULLUP ;        ;              ;                     ; Column I/O   ;                 ; no       ; On           ;
; AA19     ; 176        ; 4A             ; RESERVED_INPUT_WITH_WEAK_PULLUP ;        ;              ;                     ; Column I/O   ;                 ; no       ; On           ;
; AA20     ; 200        ; 4A             ; RESERVED_INPUT_WITH_WEAK_PULLUP ;        ;              ;                     ; Column I/O   ;                 ; no       ; On           ;
; AA21     ; 210        ; 4A             ; RESERVED_INPUT_WITH_WEAK_PULLUP ;        ;              ;                     ; Column I/O   ;                 ; no       ; On           ;
; AA22     ;            ;                ; GND                             ; gnd    ;              ;                     ; --           ;                 ; --       ; --           ;
; AA23     ;            ; --             ; VCCPGM                          ; power  ;              ; 1.8V/2.5V/3.0V/3.3V ; --           ;                 ; --       ; --           ;
; AA24     ; 228        ; 5A             ; RESERVED_INPUT_WITH_WEAK_PULLUP ;        ;              ;                     ; Row I/O      ;                 ; no       ; On           ;
; AA25     ; 224        ; 5A             ; RESERVED_INPUT_WITH_WEAK_PULLUP ;        ;              ;                     ; Row I/O      ;                 ; no       ; On           ;
; AA26     ; 252        ; 5B             ; RESERVED_INPUT_WITH_WEAK_PULLUP ;        ;              ;                     ; Row I/O      ;                 ; no       ; On           ;
; AA27     ;            ; 5B             ; VCCIO5B                         ; power  ;              ; 2.5V                ; --           ;                 ; --       ; --           ;
; AA28     ; 251        ; 5B             ; RESERVED_INPUT_WITH_WEAK_PULLUP ;        ;              ;                     ; Row I/O      ;                 ; no       ; On           ;
; AA29     ;            ; 5B             ; VREFB5BN0                       ; power  ;              ;                     ; --           ;                 ; --       ; --           ;
; AA30     ; 250        ; 5B             ; rst                             ; input  ; 2.5 V        ;                     ; Row I/O      ; Y               ; no       ; Off          ;
; AB1      ;            ;                ; GND                             ; gnd    ;              ;                     ; --           ;                 ; --       ; --           ;
; AB2      ;            ;                ; GND                             ; gnd    ;              ;                     ; --           ;                 ; --       ; --           ;
; AB3      ; 32         ; B0L            ; GXB_NC                          ;        ;              ;                     ; --           ;                 ; --       ; --           ;
; AB4      ; 33         ; B0L            ; GXB_NC                          ;        ;              ;                     ; --           ;                 ; --       ; --           ;
; AB5      ;            ;                ; GND                             ; gnd    ;              ;                     ; --           ;                 ; --       ; --           ;
; AB6      ;            ; --             ; VCCH_GXBL                       ; power  ;              ; 2.5V                ; --           ;                 ; --       ; --           ;
; AB7      ;            ;                ; GND                             ; gnd    ;              ;                     ; --           ;                 ; --       ; --           ;
; AB8      ; 43         ; 3A             ; ^nCSO, DATA4                    ;        ;              ;                     ; Weak Pull Up ;                 ; --       ; On           ;
; AB9      ; 42         ; 3A             ; #TDO                            ; output ;              ;                     ; --           ;                 ; --       ; --           ;
; AB10     ;            ; --             ; VCCPGM                          ; power  ;              ; 1.8V/2.5V/3.0V/3.3V ; --           ;                 ; --       ; --           ;
; AB11     ;            ; --             ; VCC_AUX                         ; power  ;              ; 2.5V                ; --           ;                 ; --       ; --           ;
; AB12     ; 72         ; 3A             ; RESERVED_INPUT_WITH_WEAK_PULLUP ;        ;              ;                     ; Column I/O   ;                 ; no       ; On           ;
; AB13     ; 88         ; 3B             ; RESERVED_INPUT_WITH_WEAK_PULLUP ;        ;              ;                     ; Column I/O   ;                 ; no       ; On           ;
; AB14     ;            ; 3B             ; VCCIO3B                         ; power  ;              ; 2.5V                ; --           ;                 ; --       ; --           ;
; AB15     ; 106        ; 3B             ; RESERVED_INPUT_WITH_WEAK_PULLUP ;        ;              ;                     ; Column I/O   ;                 ; no       ; On           ;
; AB16     ;            ; --             ; VCC_AUX                         ; power  ;              ; 2.5V                ; --           ;                 ; --       ; --           ;
; AB17     ; 144        ; 4A             ; RESERVED_INPUT_WITH_WEAK_PULLUP ;        ;              ;                     ; Column I/O   ;                 ; no       ; On           ;
; AB18     ;            ; 3B, 4A         ; VCCPD3B4A                       ; power  ;              ; 2.5V                ; --           ;                 ; --       ; --           ;
; AB19     ;            ;                ; GND                             ; gnd    ;              ;                     ; --           ;                 ; --       ; --           ;
; AB20     ;            ; 3B, 4A         ; VCCPD3B4A                       ; power  ;              ; 2.5V                ; --           ;                 ; --       ; --           ;
; AB21     ; 208        ; 4A             ; RESERVED_INPUT_WITH_WEAK_PULLUP ;        ;              ;                     ; Column I/O   ;                 ; no       ; On           ;
; AB22     ; 225        ; 5A             ; RESERVED_INPUT_WITH_WEAK_PULLUP ;        ;              ;                     ; Row I/O      ;                 ; no       ; On           ;
; AB23     ; 227        ; 5A             ; RESERVED_INPUT_WITH_WEAK_PULLUP ;        ;              ;                     ; Row I/O      ;                 ; no       ; On           ;
; AB24     ;            ; 5A             ; VCCIO5A                         ; power  ;              ; 2.5V                ; --           ;                 ; --       ; --           ;
; AB25     ; 230        ; 5A             ; RESERVED_INPUT_WITH_WEAK_PULLUP ;        ;              ;                     ; Row I/O      ;                 ; no       ; On           ;
; AB26     ; 226        ; 5A             ; RESERVED_INPUT_WITH_WEAK_PULLUP ;        ;              ;                     ; Row I/O      ;                 ; no       ; On           ;
; AB27     ; 254        ; 5B             ; RESERVED_INPUT_WITH_WEAK_PULLUP ;        ;              ;                     ; Row I/O      ;                 ; no       ; On           ;
; AB28     ; 249        ; 5B             ; RESERVED_INPUT_WITH_WEAK_PULLUP ;        ;              ;                     ; Row I/O      ;                 ; no       ; On           ;
; AB29     ;            ;                ; GND                             ; gnd    ;              ;                     ; --           ;                 ; --       ; --           ;
; AB30     ; 248        ; 5B             ; asci_or_hexa_rx                 ; input  ; 2.5 V        ;                     ; Row I/O      ; Y               ; no       ; Off          ;
; AC1      ; 35         ; B0L            ; GND                             ;        ;              ;                     ; --           ;                 ; --       ; --           ;
; AC2      ; 34         ; B0L            ; GND                             ;        ;              ;                     ; --           ;                 ; --       ; --           ;
; AC3      ;            ;                ; GND                             ; gnd    ;              ;                     ; --           ;                 ; --       ; --           ;
; AC4      ;            ;                ; GND                             ; gnd    ;              ;                     ; --           ;                 ; --       ; --           ;
; AC5      ; 46         ; 3A             ; #TCK                            ; input  ;              ;                     ; --           ;                 ; --       ; --           ;
; AC6      ;            ;                ; GND                             ; gnd    ;              ;                     ; --           ;                 ; --       ; --           ;
; AC7      ; 45         ; 3A             ; ^AS_DATA3, DATA3                ;        ;              ;                     ; Weak Pull Up ;                 ; --       ; On           ;
; AC8      ;            ;                ; GND                             ; gnd    ;              ;                     ; --           ;                 ; --       ; --           ;
; AC9      ; 58         ; 3A             ; RESERVED_INPUT_WITH_WEAK_PULLUP ;        ;              ;                     ; Column I/O   ;                 ; no       ; On           ;
; AC10     ;            ; 3A             ; VCCPD3A                         ; power  ;              ; 2.5V                ; --           ;                 ; --       ; --           ;
; AC11     ;            ; 3A             ; VCCIO3A                         ; power  ;              ; 2.5V                ; --           ;                 ; --       ; --           ;
; AC12     ; 82         ; 3A             ; RESERVED_INPUT_WITH_WEAK_PULLUP ;        ;              ;                     ; Column I/O   ;                 ; no       ; On           ;
; AC13     ;            ; 3B, 4A         ; VCCPD3B4A                       ; power  ;              ; 2.5V                ; --           ;                 ; --       ; --           ;
; AC14     ; 104        ; 3B             ; RESERVED_INPUT_WITH_WEAK_PULLUP ;        ;              ;                     ; Column I/O   ;                 ; no       ; On           ;
; AC15     ;            ; 3B, 4A         ; VCCPD3B4A                       ; power  ;              ; 2.5V                ; --           ;                 ; --       ; --           ;
; AC16     ;            ;                ; GND                             ; gnd    ;              ;                     ; --           ;                 ; --       ; --           ;
; AC17     ;            ; 3B, 4A         ; VCCPD3B4A                       ; power  ;              ; 2.5V                ; --           ;                 ; --       ; --           ;
; AC18     ; 162        ; 4A             ; RESERVED_INPUT_WITH_WEAK_PULLUP ;        ;              ;                     ; Column I/O   ;                 ; no       ; On           ;
; AC19     ;            ; 3B, 4A         ; VCCPD3B4A                       ; power  ;              ; 2.5V                ; --           ;                 ; --       ; --           ;
; AC20     ; 186        ; 4A             ; RESERVED_INPUT_WITH_WEAK_PULLUP ;        ;              ;                     ; Column I/O   ;                 ; no       ; On           ;
; AC21     ;            ; 4A             ; VCCIO4A                         ; power  ;              ; 2.5V                ; --           ;                 ; --       ; --           ;
; AC22     ; 207        ; 4A             ; RESERVED_INPUT_WITH_WEAK_PULLUP ;        ;              ;                     ; Column I/O   ;                 ; no       ; On           ;
; AC23     ; 205        ; 4A             ; RESERVED_INPUT_WITH_WEAK_PULLUP ;        ;              ;                     ; Column I/O   ;                 ; no       ; On           ;
; AC24     ;            ; 5A             ; VREFB5AN0                       ; power  ;              ;                     ; --           ;                 ; --       ; --           ;
; AC25     ; 215        ; 5A             ; RESERVED_INPUT_WITH_WEAK_PULLUP ;        ;              ;                     ; Row I/O      ;                 ; no       ; On           ;
; AC26     ;            ;                ; GND                             ; gnd    ;              ;                     ; --           ;                 ; --       ; --           ;
; AC27     ; 242        ; 5A             ; RESERVED_INPUT_WITH_WEAK_PULLUP ;        ;              ;                     ; Row I/O      ;                 ; no       ; On           ;
; AC28     ; 245        ; 5B             ; RESERVED_INPUT_WITH_WEAK_PULLUP ;        ;              ;                     ; Row I/O      ;                 ; no       ; On           ;
; AC29     ; 247        ; 5B             ; RESERVED_INPUT_WITH_WEAK_PULLUP ;        ;              ;                     ; Row I/O      ;                 ; no       ; On           ;
; AC30     ; 259        ; 5B             ; RESERVED_INPUT_WITH_WEAK_PULLUP ;        ;              ;                     ; Row I/O      ;                 ; no       ; On           ;
; AD1      ;            ;                ; GND                             ; gnd    ;              ;                     ; --           ;                 ; --       ; --           ;
; AD2      ;            ;                ; GND                             ; gnd    ;              ;                     ; --           ;                 ; --       ; --           ;
; AD3      ; 36         ; B0L            ; GXB_NC                          ;        ;              ;                     ; --           ;                 ; --       ; --           ;
; AD4      ; 37         ; B0L            ; GXB_NC                          ;        ;              ;                     ; --           ;                 ; --       ; --           ;
; AD5      ;            ;                ; GND                             ; gnd    ;              ;                     ; --           ;                 ; --       ; --           ;
; AD6      ;            ; 3A             ; VREFB3AN0                       ; power  ;              ;                     ; --           ;                 ; --       ; --           ;
; AD7      ; 62         ; 3A             ; RESERVED_INPUT_WITH_WEAK_PULLUP ;        ;              ;                     ; Column I/O   ;                 ; no       ; On           ;
; AD8      ;            ; 3A             ; VCCIO3A                         ; power  ;              ; 2.5V                ; --           ;                 ; --       ; --           ;
; AD9      ; 55         ; 3A             ; RESERVED_INPUT_WITH_WEAK_PULLUP ;        ;              ;                     ; Column I/O   ;                 ; no       ; On           ;
; AD10     ; 56         ; 3A             ; RESERVED_INPUT_WITH_WEAK_PULLUP ;        ;              ;                     ; Column I/O   ;                 ; no       ; On           ;
; AD11     ; 54         ; 3A             ; RESERVED_INPUT_WITH_WEAK_PULLUP ;        ;              ;                     ; Column I/O   ;                 ; no       ; On           ;
; AD12     ; 80         ; 3A             ; RESERVED_INPUT_WITH_WEAK_PULLUP ;        ;              ;                     ; Column I/O   ;                 ; no       ; On           ;
; AD13     ;            ; 3B             ; VCCIO3B                         ; power  ;              ; 2.5V                ; --           ;                 ; --       ; --           ;
; AD14     ; 98         ; 3B             ; RESERVED_INPUT_WITH_WEAK_PULLUP ;        ;              ;                     ; Column I/O   ;                 ; no       ; On           ;
; AD15     ;            ;                ; DNU                             ;        ;              ;                     ; --           ;                 ; --       ; --           ;
; AD16     ;            ; 3B, 4A         ; VCCPD3B4A                       ; power  ;              ; 2.5V                ; --           ;                 ; --       ; --           ;
; AD17     ; 160        ; 4A             ; tx_seg_d                        ; output ; 2.5 V        ;                     ; Column I/O   ; Y               ; no       ; Off          ;
; AD18     ;            ; 4A             ; VCCIO4A                         ; power  ;              ; 2.5V                ; --           ;                 ; --       ; --           ;
; AD19     ; 184        ; 4A             ; RESERVED_INPUT_WITH_WEAK_PULLUP ;        ;              ;                     ; Column I/O   ;                 ; no       ; On           ;
; AD20     ; 199        ; 4A             ; RESERVED_INPUT_WITH_WEAK_PULLUP ;        ;              ;                     ; Column I/O   ;                 ; no       ; On           ;
; AD21     ; 197        ; 4A             ; RESERVED_INPUT_WITH_WEAK_PULLUP ;        ;              ;                     ; Column I/O   ;                 ; no       ; On           ;
; AD22     ;            ; --             ; VCC_AUX                         ; power  ;              ; 2.5V                ; --           ;                 ; --       ; --           ;
; AD23     ;            ;                ; GND                             ; gnd    ;              ;                     ; --           ;                 ; --       ; --           ;
; AD24     ; 211        ; 4A             ; RESERVED_INPUT_WITH_WEAK_PULLUP ;        ;              ;                     ; Column I/O   ;                 ; no       ; On           ;
; AD25     ; 213        ; 5A             ; RESERVED_INPUT_WITH_WEAK_PULLUP ;        ;              ;                     ; Row I/O      ;                 ; no       ; On           ;
; AD26     ; 240        ; 5A             ; RESERVED_INPUT_WITH_WEAK_PULLUP ;        ;              ;                     ; Row I/O      ;                 ; no       ; On           ;
; AD27     ; 222        ; 5A             ; RESERVED_INPUT_WITH_WEAK_PULLUP ;        ;              ;                     ; Row I/O      ;                 ; no       ; On           ;
; AD28     ;            ; 5A             ; VCCIO5A                         ; power  ;              ; 2.5V                ; --           ;                 ; --       ; --           ;
; AD29     ; 255        ; 5B             ; RESERVED_INPUT_WITH_WEAK_PULLUP ;        ;              ;                     ; Row I/O      ;                 ; no       ; On           ;
; AD30     ; 257        ; 5B             ; RESERVED_INPUT_WITH_WEAK_PULLUP ;        ;              ;                     ; Row I/O      ;                 ; no       ; On           ;
; AE1      ; 39         ; B0L            ; GND                             ;        ;              ;                     ; --           ;                 ; --       ; --           ;
; AE2      ; 38         ; B0L            ; GND                             ;        ;              ;                     ; --           ;                 ; --       ; --           ;
; AE3      ;            ;                ; GND                             ; gnd    ;              ;                     ; --           ;                 ; --       ; --           ;
; AE4      ;            ;                ; GND                             ; gnd    ;              ;                     ; --           ;                 ; --       ; --           ;
; AE5      ; 49         ; 3A             ; ^AS_DATA1, DATA1                ;        ;              ;                     ; Weak Pull Up ;                 ; --       ; On           ;
; AE6      ; 51         ; 3A             ; ^AS_DATA0, ASDO, DATA0          ;        ;              ;                     ; Weak Pull Up ;                 ; --       ; On           ;
; AE7      ; 60         ; 3A             ; RESERVED_INPUT_WITH_WEAK_PULLUP ;        ;              ;                     ; Column I/O   ;                 ; no       ; On           ;
; AE8      ; 47         ; 3A             ; ^AS_DATA2, DATA2                ;        ;              ;                     ; Weak Pull Up ;                 ; --       ; On           ;
; AE9      ; 53         ; 3A             ; RESERVED_INPUT_WITH_WEAK_PULLUP ;        ;              ;                     ; Column I/O   ;                 ; no       ; On           ;
; AE10     ;            ;                ; GND                             ; gnd    ;              ;                     ; --           ;                 ; --       ; --           ;
; AE11     ; 59         ; 3A             ; RESERVED_INPUT_WITH_WEAK_PULLUP ;        ;              ;                     ; Column I/O   ;                 ; no       ; On           ;
; AE12     ; 52         ; 3A             ; RESERVED_INPUT_WITH_WEAK_PULLUP ;        ;              ;                     ; Column I/O   ;                 ; no       ; On           ;
; AE13     ; 95         ; 3B             ; RESERVED_INPUT_WITH_WEAK_PULLUP ;        ;              ;                     ; Column I/O   ;                 ; no       ; On           ;
; AE14     ; 96         ; 3B             ; RESERVED_INPUT_WITH_WEAK_PULLUP ;        ;              ;                     ; Column I/O   ;                 ; no       ; On           ;
; AE15     ;            ; 3B             ; VCCIO3B                         ; power  ;              ; 2.5V                ; --           ;                 ; --       ; --           ;
; AE16     ; 139        ; 4A             ; tx_seg_c                        ; output ; 2.5 V        ;                     ; Column I/O   ; Y               ; no       ; Off          ;
; AE17     ; 135        ; 4A             ; tx_seg_f                        ; output ; 2.5 V        ;                     ; Column I/O   ; Y               ; no       ; Off          ;
; AE18     ; 167        ; 4A             ; tx_seg_e                        ; output ; 2.5 V        ;                     ; Column I/O   ; Y               ; no       ; Off          ;
; AE19     ; 165        ; 4A             ; RESERVED_INPUT_WITH_WEAK_PULLUP ;        ;              ;                     ; Column I/O   ;                 ; no       ; On           ;
; AE20     ;            ;                ; GND                             ; gnd    ;              ;                     ; --           ;                 ; --       ; --           ;
; AE21     ;            ; 3B, 4A         ; VCCPD3B4A                       ; power  ;              ; 2.5V                ; --           ;                 ; --       ; --           ;
; AE22     ; 191        ; 4A             ; RESERVED_INPUT_WITH_WEAK_PULLUP ;        ;              ;                     ; Column I/O   ;                 ; no       ; On           ;
; AE23     ; 189        ; 4A             ; RESERVED_INPUT_WITH_WEAK_PULLUP ;        ;              ;                     ; Column I/O   ;                 ; no       ; On           ;
; AE24     ; 209        ; 4A             ; RESERVED_INPUT_WITH_WEAK_PULLUP ;        ;              ;                     ; Column I/O   ;                 ; no       ; On           ;
; AE25     ;            ; 4A             ; VCCIO4A                         ; power  ;              ; 2.5V                ; --           ;                 ; --       ; --           ;
; AE26     ; 220        ; 5A             ; RESERVED_INPUT_WITH_WEAK_PULLUP ;        ;              ;                     ; Row I/O      ;                 ; no       ; On           ;
; AE27     ; 229        ; 5A             ; RESERVED_INPUT_WITH_WEAK_PULLUP ;        ;              ;                     ; Row I/O      ;                 ; no       ; On           ;
; AE28     ; 231        ; 5A             ; RESERVED_INPUT_WITH_WEAK_PULLUP ;        ;              ;                     ; Row I/O      ;                 ; no       ; On           ;
; AE29     ; 253        ; 5B             ; RESERVED_INPUT_WITH_WEAK_PULLUP ;        ;              ;                     ; Row I/O      ;                 ; no       ; On           ;
; AE30     ;            ; 5B             ; VCCIO5B                         ; power  ;              ; 2.5V                ; --           ;                 ; --       ; --           ;
; AF1      ;            ;                ; GND                             ; gnd    ;              ;                     ; --           ;                 ; --       ; --           ;
; AF2      ;            ;                ; GND                             ; gnd    ;              ;                     ; --           ;                 ; --       ; --           ;
; AF3      ;            ;                ; GND                             ; gnd    ;              ;                     ; --           ;                 ; --       ; --           ;
; AF4      ; 66         ; 3A             ; RESERVED_INPUT_WITH_WEAK_PULLUP ;        ;              ;                     ; Column I/O   ;                 ; no       ; On           ;
; AF5      ; 64         ; 3A             ; RESERVED_INPUT_WITH_WEAK_PULLUP ;        ;              ;                     ; Column I/O   ;                 ; no       ; On           ;
; AF6      ; 75         ; 3A             ; RESERVED_INPUT_WITH_WEAK_PULLUP ;        ;              ;                     ; Column I/O   ;                 ; no       ; On           ;
; AF7      ;            ; 3A             ; VCCIO3A                         ; power  ;              ; 2.5V                ; --           ;                 ; --       ; --           ;
; AF8      ; 70         ; 3A             ; RESERVED_INPUT_WITH_WEAK_PULLUP ;        ;              ;                     ; Column I/O   ;                 ; no       ; On           ;
; AF9      ; 67         ; 3A             ; RESERVED_INPUT_WITH_WEAK_PULLUP ;        ;              ;                     ; Column I/O   ;                 ; no       ; On           ;
; AF10     ; 57         ; 3A             ; RESERVED_INPUT_WITH_WEAK_PULLUP ;        ;              ;                     ; Column I/O   ;                 ; no       ; On           ;
; AF11     ; 87         ; 3B             ; RESERVED_INPUT_WITH_WEAK_PULLUP ;        ;              ;                     ; Column I/O   ;                 ; no       ; On           ;
; AF12     ;            ;                ; GND                             ; gnd    ;              ;                     ; --           ;                 ; --       ; --           ;
; AF13     ; 93         ; 3B             ; RESERVED_INPUT_WITH_WEAK_PULLUP ;        ;              ;                     ; Column I/O   ;                 ; no       ; On           ;
; AF14     ; 114        ; 3B             ; clk_in                          ; input  ; 2.5 V        ;                     ; Column I/O   ; Y               ; no       ; Off          ;
; AF15     ; 112        ; 3B             ; RESERVED_INPUT_WITH_WEAK_PULLUP ;        ;              ;                     ; Column I/O   ;                 ; no       ; On           ;
; AF16     ; 137        ; 4A             ; tx_seg_a                        ; output ; 2.5 V        ;                     ; Column I/O   ; Y               ; no       ; Off          ;
; AF17     ;            ;                ; GND                             ; gnd    ;              ;                     ; --           ;                 ; --       ; --           ;
; AF18     ; 133        ; 4A             ; RESERVED_INPUT_WITH_WEAK_PULLUP ;        ;              ;                     ; Column I/O   ;                 ; no       ; On           ;
; AF19     ; 159        ; 4A             ; RESERVED_INPUT_WITH_WEAK_PULLUP ;        ;              ;                     ; Column I/O   ;                 ; no       ; On           ;
; AF20     ; 175        ; 4A             ; RESERVED_INPUT_WITH_WEAK_PULLUP ;        ;              ;                     ; Column I/O   ;                 ; no       ; On           ;
; AF21     ; 173        ; 4A             ; RESERVED_INPUT_WITH_WEAK_PULLUP ;        ;              ;                     ; Column I/O   ;                 ; no       ; On           ;
; AF22     ;            ; 4A             ; VCCIO4A                         ; power  ;              ; 2.5V                ; --           ;                 ; --       ; --           ;
; AF23     ; 183        ; 4A             ; RESERVED_INPUT_WITH_WEAK_PULLUP ;        ;              ;                     ; Column I/O   ;                 ; no       ; On           ;
; AF24     ; 181        ; 4A             ; RESERVED_INPUT_WITH_WEAK_PULLUP ;        ;              ;                     ; Column I/O   ;                 ; no       ; On           ;
; AF25     ; 206        ; 4A             ; RESERVED_INPUT_WITH_WEAK_PULLUP ;        ;              ;                     ; Column I/O   ;                 ; no       ; On           ;
; AF26     ; 204        ; 4A             ; RESERVED_INPUT_WITH_WEAK_PULLUP ;        ;              ;                     ; Column I/O   ;                 ; no       ; On           ;
; AF27     ;            ;                ; GND                             ; gnd    ;              ;                     ; --           ;                 ; --       ; --           ;
; AF28     ; 235        ; 5A             ; RESERVED_INPUT_WITH_WEAK_PULLUP ;        ;              ;                     ; Row I/O      ;                 ; no       ; On           ;
; AF29     ; 237        ; 5A             ; RESERVED_INPUT_WITH_WEAK_PULLUP ;        ;              ;                     ; Row I/O      ;                 ; no       ; On           ;
; AF30     ; 239        ; 5A             ; RESERVED_INPUT_WITH_WEAK_PULLUP ;        ;              ;                     ; Row I/O      ;                 ; no       ; On           ;
; AG1      ; 71         ; 3A             ; RESERVED_INPUT_WITH_WEAK_PULLUP ;        ;              ;                     ; Column I/O   ;                 ; no       ; On           ;
; AG2      ; 83         ; 3A             ; RESERVED_INPUT_WITH_WEAK_PULLUP ;        ;              ;                     ; Column I/O   ;                 ; no       ; On           ;
; AG3      ; 63         ; 3A             ; RESERVED_INPUT_WITH_WEAK_PULLUP ;        ;              ;                     ; Column I/O   ;                 ; no       ; On           ;
; AG4      ;            ; 3A             ; VCCIO3A                         ; power  ;              ; 2.5V                ; --           ;                 ; --       ; --           ;
; AG5      ; 78         ; 3A             ; RESERVED_INPUT_WITH_WEAK_PULLUP ;        ;              ;                     ; Column I/O   ;                 ; no       ; On           ;
; AG6      ; 73         ; 3A             ; RESERVED_INPUT_WITH_WEAK_PULLUP ;        ;              ;                     ; Column I/O   ;                 ; no       ; On           ;
; AG7      ; 68         ; 3A             ; RESERVED_INPUT_WITH_WEAK_PULLUP ;        ;              ;                     ; Column I/O   ;                 ; no       ; On           ;
; AG8      ; 65         ; 3A             ; RESERVED_INPUT_WITH_WEAK_PULLUP ;        ;              ;                     ; Column I/O   ;                 ; no       ; On           ;
; AG9      ;            ;                ; GND                             ; gnd    ;              ;                     ; --           ;                 ; --       ; --           ;
; AG10     ; 86         ; 3B             ; RESERVED_INPUT_WITH_WEAK_PULLUP ;        ;              ;                     ; Column I/O   ;                 ; no       ; On           ;
; AG11     ; 85         ; 3B             ; RESERVED_INPUT_WITH_WEAK_PULLUP ;        ;              ;                     ; Column I/O   ;                 ; no       ; On           ;
; AG12     ; 103        ; 3B             ; RESERVED_INPUT_WITH_WEAK_PULLUP ;        ;              ;                     ; Column I/O   ;                 ; no       ; On           ;
; AG13     ; 101        ; 3B             ; RESERVED_INPUT_WITH_WEAK_PULLUP ;        ;              ;                     ; Column I/O   ;                 ; no       ; On           ;
; AG14     ;            ;                ; GND                             ; gnd    ;              ;                     ; --           ;                 ; --       ; --           ;
; AG15     ; 127        ; 3B             ; RESERVED_INPUT_WITH_WEAK_PULLUP ;        ;              ;                     ; Column I/O   ;                 ; no       ; On           ;
; AG16     ; 134        ; 4A             ; seg_d                           ; output ; 2.5 V        ;                     ; Column I/O   ; Y               ; no       ; Off          ;
; AG17     ; 132        ; 4A             ; seg_c                           ; output ; 2.5 V        ;                     ; Column I/O   ; Y               ; no       ; Off          ;
; AG18     ; 150        ; 4A             ; seg_f                           ; output ; 2.5 V        ;                     ; Column I/O   ; Y               ; no       ; Off          ;
; AG19     ;            ; 4A             ; VCCIO4A                         ; power  ;              ; 2.5V                ; --           ;                 ; --       ; --           ;
; AG20     ; 157        ; 4A             ; RESERVED_INPUT_WITH_WEAK_PULLUP ;        ;              ;                     ; Column I/O   ;                 ; no       ; On           ;
; AG21     ; 143        ; 4A             ; RESERVED_INPUT_WITH_WEAK_PULLUP ;        ;              ;                     ; Column I/O   ;                 ; no       ; On           ;
; AG22     ; 166        ; 4A             ; RESERVED_INPUT_WITH_WEAK_PULLUP ;        ;              ;                     ; Column I/O   ;                 ; no       ; On           ;
; AG23     ; 163        ; 4A             ; RESERVED_INPUT_WITH_WEAK_PULLUP ;        ;              ;                     ; Column I/O   ;                 ; no       ; On           ;
; AG24     ;            ;                ; GND                             ; gnd    ;              ;                     ; --           ;                 ; --       ; --           ;
; AG25     ; 190        ; 4A             ; RESERVED_INPUT_WITH_WEAK_PULLUP ;        ;              ;                     ; Column I/O   ;                 ; no       ; On           ;
; AG26     ; 203        ; 4A             ; RESERVED_INPUT_WITH_WEAK_PULLUP ;        ;              ;                     ; Column I/O   ;                 ; no       ; On           ;
; AG27     ; 212        ; 5A             ; RESERVED_INPUT_WITH_WEAK_PULLUP ;        ;              ;                     ; Row I/O      ;                 ; no       ; On           ;
; AG28     ; 233        ; 5A             ; RESERVED_INPUT_WITH_WEAK_PULLUP ;        ;              ;                     ; Row I/O      ;                 ; no       ; On           ;
; AG29     ;            ; 5A             ; VCCIO5A                         ; power  ;              ; 2.5V                ; --           ;                 ; --       ; --           ;
; AG30     ; 243        ; 5A             ; RESERVED_INPUT_WITH_WEAK_PULLUP ;        ;              ;                     ; Row I/O      ;                 ; no       ; On           ;
; AH1      ;            ;                ; GND                             ; gnd    ;              ;                     ; --           ;                 ; --       ; --           ;
; AH2      ; 69         ; 3A             ; RESERVED_INPUT_WITH_WEAK_PULLUP ;        ;              ;                     ; Column I/O   ;                 ; no       ; On           ;
; AH3      ; 81         ; 3A             ; tx                              ; output ; 2.5 V        ;                     ; Column I/O   ; Y               ; no       ; Off          ;
; AH4      ; 61         ; 3A             ; RESERVED_INPUT_WITH_WEAK_PULLUP ;        ;              ;                     ; Column I/O   ;                 ; no       ; On           ;
; AH5      ; 76         ; 3A             ; rx                              ; input  ; 2.5 V        ;                     ; Column I/O   ; Y               ; no       ; Off          ;
; AH6      ;            ;                ; GND                             ; gnd    ;              ;                     ; --           ;                 ; --       ; --           ;
; AH7      ; 115        ; 3B             ; RESERVED_INPUT_WITH_WEAK_PULLUP ;        ;              ;                     ; Column I/O   ;                 ; no       ; On           ;
; AH8      ; 113        ; 3B             ; RESERVED_INPUT_WITH_WEAK_PULLUP ;        ;              ;                     ; Column I/O   ;                 ; no       ; On           ;
; AH9      ; 84         ; 3B             ; RESERVED_INPUT_WITH_WEAK_PULLUP ;        ;              ;                     ; Column I/O   ;                 ; no       ; On           ;
; AH10     ; 118        ; 3B             ; RESERVED_INPUT_WITH_WEAK_PULLUP ;        ;              ;                     ; Column I/O   ;                 ; no       ; On           ;
; AH11     ;            ;                ; GND                             ; gnd    ;              ;                     ; --           ;                 ; --       ; --           ;
; AH12     ; 126        ; 3B             ; RESERVED_INPUT_WITH_WEAK_PULLUP ;        ;              ;                     ; Column I/O   ;                 ; no       ; On           ;
; AH13     ; 111        ; 3B             ; RESERVED_INPUT_WITH_WEAK_PULLUP ;        ;              ;                     ; Column I/O   ;                 ; no       ; On           ;
; AH14     ; 109        ; 3B             ; RESERVED_INPUT_WITH_WEAK_PULLUP ;        ;              ;                     ; Column I/O   ;                 ; no       ; On           ;
; AH15     ; 125        ; 3B             ; RESERVED_INPUT_WITH_WEAK_PULLUP ;        ;              ;                     ; Column I/O   ;                 ; no       ; On           ;
; AH16     ;            ; 4A             ; VCCIO4A                         ; power  ;              ; 2.5V                ; --           ;                 ; --       ; --           ;
; AH17     ; 147        ; 4A             ; seg_e                           ; output ; 2.5 V        ;                     ; Column I/O   ; Y               ; no       ; Off          ;
; AH18     ; 145        ; 4A             ; seg_g                           ; output ; 2.5 V        ;                     ; Column I/O   ; Y               ; no       ; Off          ;
; AH19     ; 148        ; 4A             ; RESERVED_INPUT_WITH_WEAK_PULLUP ;        ;              ;                     ; Column I/O   ;                 ; no       ; On           ;
; AH20     ; 141        ; 4A             ; RESERVED_INPUT_WITH_WEAK_PULLUP ;        ;              ;                     ; Column I/O   ;                 ; no       ; On           ;
; AH21     ;            ;                ; GND                             ; gnd    ;              ;                     ; --           ;                 ; --       ; --           ;
; AH22     ; 164        ; 4A             ; RESERVED_INPUT_WITH_WEAK_PULLUP ;        ;              ;                     ; Column I/O   ;                 ; no       ; On           ;
; AH23     ; 174        ; 4A             ; RESERVED_INPUT_WITH_WEAK_PULLUP ;        ;              ;                     ; Column I/O   ;                 ; no       ; On           ;
; AH24     ; 161        ; 4A             ; RESERVED_INPUT_WITH_WEAK_PULLUP ;        ;              ;                     ; Column I/O   ;                 ; no       ; On           ;
; AH25     ; 188        ; 4A             ; RESERVED_INPUT_WITH_WEAK_PULLUP ;        ;              ;                     ; Column I/O   ;                 ; no       ; On           ;
; AH26     ;            ; 4A             ; VCCIO4A                         ; power  ;              ; 2.5V                ; --           ;                 ; --       ; --           ;
; AH27     ; 201        ; 4A             ; RESERVED_INPUT_WITH_WEAK_PULLUP ;        ;              ;                     ; Column I/O   ;                 ; no       ; On           ;
; AH28     ; 214        ; 5A             ; RESERVED_INPUT_WITH_WEAK_PULLUP ;        ;              ;                     ; Row I/O      ;                 ; no       ; On           ;
; AH29     ; 218        ; 5A             ; RESERVED_INPUT_WITH_WEAK_PULLUP ;        ;              ;                     ; Row I/O      ;                 ; no       ; On           ;
; AH30     ; 241        ; 5A             ; RESERVED_INPUT_WITH_WEAK_PULLUP ;        ;              ;                     ; Row I/O      ;                 ; no       ; On           ;
; AJ1      ; 79         ; 3A             ; RESERVED_INPUT_WITH_WEAK_PULLUP ;        ;              ;                     ; Column I/O   ;                 ; no       ; On           ;
; AJ2      ; 77         ; 3A             ; RESERVED_INPUT_WITH_WEAK_PULLUP ;        ;              ;                     ; Column I/O   ;                 ; no       ; On           ;
; AJ3      ;            ;                ; GND                             ; gnd    ;              ;                     ; --           ;                 ; --       ; --           ;
; AJ4      ; 94         ; 3B             ; RESERVED_INPUT_WITH_WEAK_PULLUP ;        ;              ;                     ; Column I/O   ;                 ; no       ; On           ;
; AJ5      ; 99         ; 3B             ; RESERVED_INPUT_WITH_WEAK_PULLUP ;        ;              ;                     ; Column I/O   ;                 ; no       ; On           ;
; AJ6      ; 102        ; 3B             ; RESERVED_INPUT_WITH_WEAK_PULLUP ;        ;              ;                     ; Column I/O   ;                 ; no       ; On           ;
; AJ7      ; 100        ; 3B             ; RESERVED_INPUT_WITH_WEAK_PULLUP ;        ;              ;                     ; Column I/O   ;                 ; no       ; On           ;
; AJ8      ;            ; 3B             ; VCCIO3B                         ; power  ;              ; 2.5V                ; --           ;                 ; --       ; --           ;
; AJ9      ; 110        ; 3B             ; RESERVED_INPUT_WITH_WEAK_PULLUP ;        ;              ;                     ; Column I/O   ;                 ; no       ; On           ;
; AJ10     ; 116        ; 3B             ; RESERVED_INPUT_WITH_WEAK_PULLUP ;        ;              ;                     ; Column I/O   ;                 ; no       ; On           ;
; AJ11     ; 119        ; 3B             ; RESERVED_INPUT_WITH_WEAK_PULLUP ;        ;              ;                     ; Column I/O   ;                 ; no       ; On           ;
; AJ12     ; 124        ; 3B             ; RESERVED_INPUT_WITH_WEAK_PULLUP ;        ;              ;                     ; Column I/O   ;                 ; no       ; On           ;
; AJ13     ;            ; 3B             ; VCCIO3B                         ; power  ;              ; 2.5V                ; --           ;                 ; --       ; --           ;
; AJ14     ; 131        ; 3B             ; RESERVED_INPUT_WITH_WEAK_PULLUP ;        ;              ;                     ; Column I/O   ;                 ; no       ; On           ;
; AJ15     ;            ; 3B             ; VREFB3BN0                       ; power  ;              ;                     ; --           ;                 ; --       ; --           ;
; AJ16     ; 142        ; 4A             ; RESERVED_INPUT_WITH_WEAK_PULLUP ;        ;              ;                     ; Column I/O   ;                 ; no       ; On           ;
; AJ17     ; 151        ; 4A             ; RESERVED_INPUT_WITH_WEAK_PULLUP ;        ;              ;                     ; Column I/O   ;                 ; no       ; On           ;
; AJ18     ;            ;                ; GND                             ; gnd    ;              ;                     ; --           ;                 ; --       ; --           ;
; AJ19     ; 155        ; 4A             ; RESERVED_INPUT_WITH_WEAK_PULLUP ;        ;              ;                     ; Column I/O   ;                 ; no       ; On           ;
; AJ20     ; 158        ; 4A             ; RESERVED_INPUT_WITH_WEAK_PULLUP ;        ;              ;                     ; Column I/O   ;                 ; no       ; On           ;
; AJ21     ; 156        ; 4A             ; RESERVED_INPUT_WITH_WEAK_PULLUP ;        ;              ;                     ; Column I/O   ;                 ; no       ; On           ;
; AJ22     ; 172        ; 4A             ; RESERVED_INPUT_WITH_WEAK_PULLUP ;        ;              ;                     ; Column I/O   ;                 ; no       ; On           ;
; AJ23     ;            ; 4A             ; VCCIO4A                         ; power  ;              ; 2.5V                ; --           ;                 ; --       ; --           ;
; AJ24     ; 182        ; 4A             ; RESERVED_INPUT_WITH_WEAK_PULLUP ;        ;              ;                     ; Column I/O   ;                 ; no       ; On           ;
; AJ25     ; 180        ; 4A             ; RESERVED_INPUT_WITH_WEAK_PULLUP ;        ;              ;                     ; Column I/O   ;                 ; no       ; On           ;
; AJ26     ; 187        ; 4A             ; RESERVED_INPUT_WITH_WEAK_PULLUP ;        ;              ;                     ; Column I/O   ;                 ; no       ; On           ;
; AJ27     ; 195        ; 4A             ; RESERVED_INPUT_WITH_WEAK_PULLUP ;        ;              ;                     ; Column I/O   ;                 ; no       ; On           ;
; AJ28     ;            ;                ; GND                             ; gnd    ;              ;                     ; --           ;                 ; --       ; --           ;
; AJ29     ; 216        ; 5A             ; RESERVED_INPUT_WITH_WEAK_PULLUP ;        ;              ;                     ; Row I/O      ;                 ; no       ; On           ;
; AJ30     ;            ;                ; GND                             ; gnd    ;              ;                     ; --           ;                 ; --       ; --           ;
; AK2      ; 91         ; 3B             ; RESERVED_INPUT_WITH_WEAK_PULLUP ;        ;              ;                     ; Column I/O   ;                 ; no       ; On           ;
; AK3      ; 89         ; 3B             ; RESERVED_INPUT_WITH_WEAK_PULLUP ;        ;              ;                     ; Column I/O   ;                 ; no       ; On           ;
; AK4      ; 92         ; 3B             ; RESERVED_INPUT_WITH_WEAK_PULLUP ;        ;              ;                     ; Column I/O   ;                 ; no       ; On           ;
; AK5      ;            ;                ; GND                             ; gnd    ;              ;                     ; --           ;                 ; --       ; --           ;
; AK6      ; 97         ; 3B             ; RESERVED_INPUT_WITH_WEAK_PULLUP ;        ;              ;                     ; Column I/O   ;                 ; no       ; On           ;
; AK7      ; 107        ; 3B             ; RESERVED_INPUT_WITH_WEAK_PULLUP ;        ;              ;                     ; Column I/O   ;                 ; no       ; On           ;
; AK8      ; 105        ; 3B             ; RESERVED_INPUT_WITH_WEAK_PULLUP ;        ;              ;                     ; Column I/O   ;                 ; no       ; On           ;
; AK9      ; 108        ; 3B             ; RESERVED_INPUT_WITH_WEAK_PULLUP ;        ;              ;                     ; Column I/O   ;                 ; no       ; On           ;
; AK10     ;            ; 3B             ; VCCIO3B                         ; power  ;              ; 2.5V                ; --           ;                 ; --       ; --           ;
; AK11     ; 117        ; 3B             ; RESERVED_INPUT_WITH_WEAK_PULLUP ;        ;              ;                     ; Column I/O   ;                 ; no       ; On           ;
; AK12     ; 123        ; 3B             ; RESERVED_INPUT_WITH_WEAK_PULLUP ;        ;              ;                     ; Column I/O   ;                 ; no       ; On           ;
; AK13     ; 121        ; 3B             ; RESERVED_INPUT_WITH_WEAK_PULLUP ;        ;              ;                     ; Column I/O   ;                 ; no       ; On           ;
; AK14     ; 129        ; 3B             ; RESERVED_INPUT_WITH_WEAK_PULLUP ;        ;              ;                     ; Column I/O   ;                 ; no       ; On           ;
; AK15     ;            ;                ; GND                             ; gnd    ;              ;                     ; --           ;                 ; --       ; --           ;
; AK16     ; 140        ; 4A             ; RESERVED_INPUT_WITH_WEAK_PULLUP ;        ;              ;                     ; Column I/O   ;                 ; no       ; On           ;
; AK17     ;            ; 4A             ; VREFB4AN0                       ; power  ;              ;                     ; --           ;                 ; --       ; --           ;
; AK18     ; 149        ; 4A             ; RESERVED_INPUT_WITH_WEAK_PULLUP ;        ;              ;                     ; Column I/O   ;                 ; no       ; On           ;
; AK19     ; 153        ; 4A             ; RESERVED_INPUT_WITH_WEAK_PULLUP ;        ;              ;                     ; Column I/O   ;                 ; no       ; On           ;
; AK20     ;            ; 4A             ; VCCIO4A                         ; power  ;              ; 2.5V                ; --           ;                 ; --       ; --           ;
; AK21     ; 171        ; 4A             ; RESERVED_INPUT_WITH_WEAK_PULLUP ;        ;              ;                     ; Column I/O   ;                 ; no       ; On           ;
; AK22     ; 169        ; 4A             ; RESERVED_INPUT_WITH_WEAK_PULLUP ;        ;              ;                     ; Column I/O   ;                 ; no       ; On           ;
; AK23     ; 179        ; 4A             ; RESERVED_INPUT_WITH_WEAK_PULLUP ;        ;              ;                     ; Column I/O   ;                 ; no       ; On           ;
; AK24     ; 177        ; 4A             ; RESERVED_INPUT_WITH_WEAK_PULLUP ;        ;              ;                     ; Column I/O   ;                 ; no       ; On           ;
; AK25     ;            ;                ; GND                             ; gnd    ;              ;                     ; --           ;                 ; --       ; --           ;
; AK26     ; 185        ; 4A             ; RESERVED_INPUT_WITH_WEAK_PULLUP ;        ;              ;                     ; Column I/O   ;                 ; no       ; On           ;
; AK27     ; 193        ; 4A             ; RESERVED_INPUT_WITH_WEAK_PULLUP ;        ;              ;                     ; Column I/O   ;                 ; no       ; On           ;
; AK28     ; 198        ; 4A             ; RESERVED_INPUT_WITH_WEAK_PULLUP ;        ;              ;                     ; Column I/O   ;                 ; no       ; On           ;
; AK29     ; 196        ; 4A             ; RESERVED_INPUT_WITH_WEAK_PULLUP ;        ;              ;                     ; Column I/O   ;                 ; no       ; On           ;
; B1       ; 509        ; 8A             ; RESERVED_INPUT_WITH_WEAK_PULLUP ;        ;              ;                     ; Column I/O   ;                 ; no       ; On           ;
; B2       ; 507        ; 8A             ; RESERVED_INPUT_WITH_WEAK_PULLUP ;        ;              ;                     ; Column I/O   ;                 ; no       ; On           ;
; B3       ; 513        ; 8A             ; RESERVED_INPUT_WITH_WEAK_PULLUP ;        ;              ;                     ; Column I/O   ;                 ; no       ; On           ;
; B4       ;            ; 8A             ; VCCIO8A                         ; power  ;              ; 2.5V                ; --           ;                 ; --       ; --           ;
; B5       ; 512        ; 8A             ; RESERVED_INPUT_WITH_WEAK_PULLUP ;        ;              ;                     ; Column I/O   ;                 ; no       ; On           ;
; B6       ; 510        ; 8A             ; RESERVED_INPUT_WITH_WEAK_PULLUP ;        ;              ;                     ; Column I/O   ;                 ; no       ; On           ;
; B7       ; 477        ; 8A             ; RESERVED_INPUT_WITH_WEAK_PULLUP ;        ;              ;                     ; Column I/O   ;                 ; no       ; On           ;
; B8       ; 481        ; 8A             ; RESERVED_INPUT_WITH_WEAK_PULLUP ;        ;              ;                     ; Column I/O   ;                 ; no       ; On           ;
; B9       ;            ;                ; GND                             ; gnd    ;              ;                     ; --           ;                 ; --       ; --           ;
; B10      ;            ; 8A             ; VREFB8AN0                       ; power  ;              ;                     ; --           ;                 ; --       ; --           ;
; B11      ; 469        ; 8A             ; RESERVED_INPUT_WITH_WEAK_PULLUP ;        ;              ;                     ; Column I/O   ;                 ; no       ; On           ;
; B12      ; 464        ; 8A             ; RESERVED_INPUT_WITH_WEAK_PULLUP ;        ;              ;                     ; Column I/O   ;                 ; no       ; On           ;
; B13      ; 459        ; 8A             ; RESERVED_INPUT_WITH_WEAK_PULLUP ;        ;              ;                     ; Column I/O   ;                 ; no       ; On           ;
; B14      ;            ;                ; GND                             ; gnd    ;              ;                     ; --           ;                 ; --       ; --           ;
; B15      ; 451        ; 7D             ; RESERVED_INPUT_WITH_WEAK_PULLUP ;        ;              ;                     ; Column I/O   ;                 ; no       ; On           ;
; B16      ; 441        ; 7C             ; RESERVED_INPUT_WITH_WEAK_PULLUP ;        ;              ;                     ; Column I/O   ;                 ; no       ; On           ;
; B17      ; 431        ; 7C             ; RESERVED_INPUT_WITH_WEAK_PULLUP ;        ;              ;                     ; Column I/O   ;                 ; no       ; On           ;
; B18      ; 418        ; 7B             ; RESERVED_INPUT_WITH_WEAK_PULLUP ;        ;              ;                     ; Column I/O   ;                 ; no       ; On           ;
; B19      ;            ;                ; GND                             ; gnd    ;              ;                     ; --           ;                 ; --       ; --           ;
; B20      ; 417        ; 7B             ; RESERVED_INPUT_WITH_WEAK_PULLUP ;        ;              ;                     ; Column I/O   ;                 ; no       ; On           ;
; B21      ; 413        ; 7B             ; RESERVED_INPUT_WITH_WEAK_PULLUP ;        ;              ;                     ; Column I/O   ;                 ; no       ; On           ;
; B22      ; 399        ; 7A             ; RESERVED_INPUT_WITH_WEAK_PULLUP ;        ;              ;                     ; Column I/O   ;                 ; no       ; On           ;
; B23      ; 397        ; 7A             ; RESERVED_INPUT_WITH_WEAK_PULLUP ;        ;              ;                     ; Column I/O   ;                 ; no       ; On           ;
; B24      ;            ;                ; GND                             ; gnd    ;              ;                     ; --           ;                 ; --       ; --           ;
; B25      ; 387        ; 7A             ; RESERVED_INPUT_WITH_WEAK_PULLUP ;        ;              ;                     ; Column I/O   ;                 ; no       ; On           ;
; B26      ; 386        ; 7A             ; RESERVED_INPUT_WITH_WEAK_PULLUP ;        ;              ;                     ; Column I/O   ;                 ; no       ; On           ;
; B27      ; 381        ; 7A             ; ^HPS_TDI                        ;        ;              ;                     ; --           ;                 ; --       ; --           ;
; B28      ; 376        ; 7A             ; ^HPS_TDO                        ;        ;              ;                     ; --           ;                 ; --       ; --           ;
; B29      ;            ;                ; GND                             ; gnd    ;              ;                     ; --           ;                 ; --       ; --           ;
; B30      ; 365        ; 6A             ; RESERVED_INPUT_WITH_WEAK_PULLUP ;        ;              ;                     ; Row I/O      ;                 ; no       ; On           ;
; C1       ;            ;                ; GND                             ; gnd    ;              ;                     ; --           ;                 ; --       ; --           ;
; C2       ; 517        ; 8A             ; RESERVED_INPUT_WITH_WEAK_PULLUP ;        ;              ;                     ; Column I/O   ;                 ; no       ; On           ;
; C3       ; 511        ; 8A             ; RESERVED_INPUT_WITH_WEAK_PULLUP ;        ;              ;                     ; Column I/O   ;                 ; no       ; On           ;
; C4       ; 501        ; 8A             ; RESERVED_INPUT_WITH_WEAK_PULLUP ;        ;              ;                     ; Column I/O   ;                 ; no       ; On           ;
; C5       ; 497        ; 8A             ; RESERVED_INPUT_WITH_WEAK_PULLUP ;        ;              ;                     ; Column I/O   ;                 ; no       ; On           ;
; C6       ;            ;                ; GND                             ; gnd    ;              ;                     ; --           ;                 ; --       ; --           ;
; C7       ; 475        ; 8A             ; RESERVED_INPUT_WITH_WEAK_PULLUP ;        ;              ;                     ; Column I/O   ;                 ; no       ; On           ;
; C8       ; 479        ; 8A             ; RESERVED_INPUT_WITH_WEAK_PULLUP ;        ;              ;                     ; Column I/O   ;                 ; no       ; On           ;
; C9       ; 485        ; 8A             ; RESERVED_INPUT_WITH_WEAK_PULLUP ;        ;              ;                     ; Column I/O   ;                 ; no       ; On           ;
; C10      ; 483        ; 8A             ; RESERVED_INPUT_WITH_WEAK_PULLUP ;        ;              ;                     ; Column I/O   ;                 ; no       ; On           ;
; C11      ;            ; 8A             ; VCCIO8A                         ; power  ;              ; 2.5V                ; --           ;                 ; --       ; --           ;
; C12      ; 467        ; 8A             ; RESERVED_INPUT_WITH_WEAK_PULLUP ;        ;              ;                     ; Column I/O   ;                 ; no       ; On           ;
; C13      ; 462        ; 8A             ; RESERVED_INPUT_WITH_WEAK_PULLUP ;        ;              ;                     ; Column I/O   ;                 ; no       ; On           ;
; C14      ; 448        ; 7D             ; RESERVED_INPUT_WITH_WEAK_PULLUP ;        ;              ;                     ; Column I/O   ;                 ; no       ; On           ;
; C15      ; 453        ; 7D             ; RESERVED_INPUT_WITH_WEAK_PULLUP ;        ;              ;                     ; Column I/O   ;                 ; no       ; On           ;
; C16      ;            ;                ; GND                             ; gnd    ;              ;                     ; --           ;                 ; --       ; --           ;
; C17      ; 433        ; 7C             ; RESERVED_INPUT_WITH_WEAK_PULLUP ;        ;              ;                     ; Column I/O   ;                 ; no       ; On           ;
; C18      ; 435        ; 7C             ; RESERVED_INPUT_WITH_WEAK_PULLUP ;        ;              ;                     ; Column I/O   ;                 ; no       ; On           ;
; C19      ; 427        ; 7B             ; RESERVED_INPUT_WITH_WEAK_PULLUP ;        ;              ;                     ; Column I/O   ;                 ; no       ; On           ;
; C20      ; 421        ; 7B             ; RESERVED_INPUT_WITH_WEAK_PULLUP ;        ;              ;                     ; Column I/O   ;                 ; no       ; On           ;
; C21      ;            ;                ; GND                             ; gnd    ;              ;                     ; --           ;                 ; --       ; --           ;
; C22      ; 396        ; 7A             ; RESERVED_INPUT_WITH_WEAK_PULLUP ;        ;              ;                     ; Column I/O   ;                 ; no       ; On           ;
; C23      ; 401        ; 7A             ; RESERVED_INPUT_WITH_WEAK_PULLUP ;        ;              ;                     ; Column I/O   ;                 ; no       ; On           ;
; C24      ; 393        ; 7A             ; RESERVED_INPUT_WITH_WEAK_PULLUP ;        ;              ;                     ; Column I/O   ;                 ; no       ; On           ;
; C25      ; 388        ; 7A             ; RESERVED_INPUT_WITH_WEAK_PULLUP ;        ;              ;                     ; Column I/O   ;                 ; no       ; On           ;
; C26      ;            ;                ; GND                             ; gnd    ;              ;                     ; --           ;                 ; --       ; --           ;
; C27      ; 374        ; 7A             ; ^HPS_nRST                       ;        ;              ;                     ; --           ;                 ; --       ; --           ;
; C28      ; 369        ; 6A             ; RESERVED_INPUT_WITH_WEAK_PULLUP ;        ;              ;                     ; Row I/O      ;                 ; no       ; On           ;
; C29      ; 367        ; 6A             ; RESERVED_INPUT_WITH_WEAK_PULLUP ;        ;              ;                     ; Row I/O      ;                 ; no       ; On           ;
; C30      ; 363        ; 6A             ; RESERVED_INPUT_WITH_WEAK_PULLUP ;        ;              ;                     ; Row I/O      ;                 ; no       ; On           ;
; D1       ; 529        ; 8A             ; RESERVED_INPUT_WITH_WEAK_PULLUP ;        ;              ;                     ; Column I/O   ;                 ; no       ; On           ;
; D2       ; 515        ; 8A             ; RESERVED_INPUT_WITH_WEAK_PULLUP ;        ;              ;                     ; Column I/O   ;                 ; no       ; On           ;
; D3       ;            ;                ; GND                             ; gnd    ;              ;                     ; --           ;                 ; --       ; --           ;
; D4       ; 521        ; 8A             ; RESERVED_INPUT_WITH_WEAK_PULLUP ;        ;              ;                     ; Column I/O   ;                 ; no       ; On           ;
; D5       ; 499        ; 8A             ; RESERVED_INPUT_WITH_WEAK_PULLUP ;        ;              ;                     ; Column I/O   ;                 ; no       ; On           ;
; D6       ; 495        ; 8A             ; RESERVED_INPUT_WITH_WEAK_PULLUP ;        ;              ;                     ; Column I/O   ;                 ; no       ; On           ;
; D7       ; 505        ; 8A             ; RESERVED_INPUT_WITH_WEAK_PULLUP ;        ;              ;                     ; Column I/O   ;                 ; no       ; On           ;
; D8       ;            ; 8A             ; VCCIO8A                         ; power  ;              ; 2.5V                ; --           ;                 ; --       ; --           ;
; D9       ; 480        ; 8A             ; RESERVED_INPUT_WITH_WEAK_PULLUP ;        ;              ;                     ; Column I/O   ;                 ; no       ; On           ;
; D10      ; 472        ; 8A             ; RESERVED_INPUT_WITH_WEAK_PULLUP ;        ;              ;                     ; Column I/O   ;                 ; no       ; On           ;
; D11      ; 470        ; 8A             ; RESERVED_INPUT_WITH_WEAK_PULLUP ;        ;              ;                     ; Column I/O   ;                 ; no       ; On           ;
; D12      ; 496        ; 8A             ; RESERVED_INPUT_WITH_WEAK_PULLUP ;        ;              ;                     ; Column I/O   ;                 ; no       ; On           ;
; D13      ;            ;                ; GND                             ; gnd    ;              ;                     ; --           ;                 ; --       ; --           ;
; D14      ; 446        ; 7D             ; RESERVED_INPUT_WITH_WEAK_PULLUP ;        ;              ;                     ; Column I/O   ;                 ; no       ; On           ;
; D15      ; 449        ; 7D             ; RESERVED_INPUT_WITH_WEAK_PULLUP ;        ;              ;                     ; Column I/O   ;                 ; no       ; On           ;
; D16      ; 445        ; 7D             ; RESERVED_INPUT_WITH_WEAK_PULLUP ;        ;              ;                     ; Column I/O   ;                 ; no       ; On           ;
; D17      ; 440        ; 7C             ; RESERVED_INPUT_WITH_WEAK_PULLUP ;        ;              ;                     ; Column I/O   ;                 ; no       ; On           ;
; D18      ;            ; 7C             ; VCCIO7C_HPS                     ; power  ;              ; 2.5V                ; --           ;                 ; --       ; --           ;
; D19      ; 426        ; 7B             ; RESERVED_INPUT_WITH_WEAK_PULLUP ;        ;              ;                     ; Column I/O   ;                 ; no       ; On           ;
; D20      ; 420        ; 7B             ; RESERVED_INPUT_WITH_WEAK_PULLUP ;        ;              ;                     ; Column I/O   ;                 ; no       ; On           ;
; D21      ; 419        ; 7B             ; RESERVED_INPUT_WITH_WEAK_PULLUP ;        ;              ;                     ; Column I/O   ;                 ; no       ; On           ;
; D22      ; 402        ; 7A             ; RESERVED_INPUT_WITH_WEAK_PULLUP ;        ;              ;                     ; Column I/O   ;                 ; no       ; On           ;
; D23      ;            ;                ; GND                             ; gnd    ;              ;                     ; --           ;                 ; --       ; --           ;
; D24      ; 404        ; 7A             ; RESERVED_INPUT_WITH_WEAK_PULLUP ;        ;              ;                     ; Column I/O   ;                 ; no       ; On           ;
; D25      ; 384        ; 7A             ; ^HPS_CLK1                       ;        ;              ;                     ; --           ;                 ; --       ; --           ;
; D26      ; 373        ; 7A             ; ^GND                            ;        ;              ;                     ; --           ;                 ; --       ; --           ;
; D27      ; 371        ; 6A             ; HPS_RZQ_0                       ;        ;              ;                     ; --           ;                 ; no       ; On           ;
; D28      ;            ; 6A             ; VCCIO6A_HPS                     ; power  ;              ; 2.5V                ; --           ;                 ; --       ; --           ;
; D29      ; 361        ; 6A             ; RESERVED_INPUT_WITH_WEAK_PULLUP ;        ;              ;                     ; Row I/O      ;                 ; no       ; On           ;
; D30      ; 359        ; 6A             ; RESERVED_INPUT_WITH_WEAK_PULLUP ;        ;              ;                     ; Row I/O      ;                 ; no       ; On           ;
; E1       ; 527        ; 8A             ; RESERVED_INPUT_WITH_WEAK_PULLUP ;        ;              ;                     ; Column I/O   ;                 ; no       ; On           ;
; E2       ; 525        ; 8A             ; RESERVED_INPUT_WITH_WEAK_PULLUP ;        ;              ;                     ; Column I/O   ;                 ; no       ; On           ;
; E3       ; 523        ; 8A             ; RESERVED_INPUT_WITH_WEAK_PULLUP ;        ;              ;                     ; Column I/O   ;                 ; no       ; On           ;
; E4       ; 519        ; 8A             ; RESERVED_INPUT_WITH_WEAK_PULLUP ;        ;              ;                     ; Column I/O   ;                 ; no       ; On           ;
; E5       ;            ; 8A             ; VCCIO8A                         ; power  ;              ; 2.5V                ; --           ;                 ; --       ; --           ;
; E6       ; 533        ; 8A             ; RESERVED_INPUT_WITH_WEAK_PULLUP ;        ;              ;                     ; Column I/O   ;                 ; no       ; On           ;
; E7       ; 531        ; 8A             ; RESERVED_INPUT_WITH_WEAK_PULLUP ;        ;              ;                     ; Column I/O   ;                 ; no       ; On           ;
; E8       ; 503        ; 8A             ; RESERVED_INPUT_WITH_WEAK_PULLUP ;        ;              ;                     ; Column I/O   ;                 ; no       ; On           ;
; E9       ; 478        ; 8A             ; RESERVED_INPUT_WITH_WEAK_PULLUP ;        ;              ;                     ; Column I/O   ;                 ; no       ; On           ;
; E10      ;            ;                ; GND                             ; gnd    ;              ;                     ; --           ;                 ; --       ; --           ;
; E11      ; 504        ; 8A             ; RESERVED_INPUT_WITH_WEAK_PULLUP ;        ;              ;                     ; Column I/O   ;                 ; no       ; On           ;
; E12      ; 494        ; 8A             ; RESERVED_INPUT_WITH_WEAK_PULLUP ;        ;              ;                     ; Column I/O   ;                 ; no       ; On           ;
; E13      ; 488        ; 8A             ; RESERVED_INPUT_WITH_WEAK_PULLUP ;        ;              ;                     ; Column I/O   ;                 ; no       ; On           ;
; E14      ; 454        ; 7D             ; RESERVED_INPUT_WITH_WEAK_PULLUP ;        ;              ;                     ; Column I/O   ;                 ; no       ; On           ;
; E15      ;            ; 7D             ; VCCIO7D_HPS                     ; power  ;              ; 2.5V                ; --           ;                 ; --       ; --           ;
; E16      ; 443        ; 7D             ; RESERVED_INPUT_WITH_WEAK_PULLUP ;        ;              ;                     ; Column I/O   ;                 ; no       ; On           ;
; E17      ; 438        ; 7C             ; RESERVED_INPUT_WITH_WEAK_PULLUP ;        ;              ;                     ; Column I/O   ;                 ; no       ; On           ;
; E18      ; 437        ; 7C             ; RESERVED_INPUT_WITH_WEAK_PULLUP ;        ;              ;                     ; Column I/O   ;                 ; no       ; On           ;
; E19      ; 424        ; 7B             ; RESERVED_INPUT_WITH_WEAK_PULLUP ;        ;              ;                     ; Column I/O   ;                 ; no       ; On           ;
; E20      ;            ; 7B             ; VCCIO7B_HPS                     ; power  ;              ; 2.5V                ; --           ;                 ; --       ; --           ;
; E21      ; 412        ; 7B             ; RESERVED_INPUT_WITH_WEAK_PULLUP ;        ;              ;                     ; Column I/O   ;                 ; no       ; On           ;
; E22      ;            ; 7A, 7B, 7C, 7D ; VREFB7A7B7C7DN0_HPS             ; power  ;              ;                     ; --           ;                 ; --       ; --           ;
; E23      ; 394        ; 7A             ; RESERVED_INPUT_WITH_WEAK_PULLUP ;        ;              ;                     ; Column I/O   ;                 ; no       ; On           ;
; E24      ; 403        ; 7A             ; RESERVED_INPUT_WITH_WEAK_PULLUP ;        ;              ;                     ; Column I/O   ;                 ; no       ; On           ;
; E25      ;            ;                ; GND                             ; gnd    ;              ;                     ; --           ;                 ; --       ; --           ;
; E26      ;            ;                ; DNU                             ;        ;              ;                     ; --           ;                 ; --       ; --           ;
; E27      ; 357        ; 6A             ; RESERVED_INPUT_WITH_WEAK_PULLUP ;        ;              ;                     ; Row I/O      ;                 ; no       ; On           ;
; E28      ; 351        ; 6A             ; RESERVED_INPUT_WITH_WEAK_PULLUP ;        ;              ;                     ; Row I/O      ;                 ; no       ; On           ;
; E29      ; 353        ; 6A             ; RESERVED_INPUT_WITH_WEAK_PULLUP ;        ;              ;                     ; Row I/O      ;                 ; no       ; On           ;
; E30      ;            ;                ; GND                             ; gnd    ;              ;                     ; --           ;                 ; --       ; --           ;
; F1       ;            ;                ; DNU                             ;        ;              ;                     ; --           ;                 ; --       ; --           ;
; F2       ;            ;                ; GND                             ; gnd    ;              ;                     ; --           ;                 ; --       ; --           ;
; F3       ; 539        ; 9A             ; ^CONF_DONE                      ;        ;              ;                     ; --           ;                 ; --       ; --           ;
; F4       ; 541        ; 9A             ; ^nSTATUS                        ;        ;              ;                     ; --           ;                 ; --       ; --           ;
; F5       ;            ;                ; GND                             ; gnd    ;              ;                     ; --           ;                 ; --       ; --           ;
; F6       ; 537        ; 8A             ; RESERVED_INPUT_WITH_WEAK_PULLUP ;        ;              ;                     ; Column I/O   ;                 ; no       ; On           ;
; F7       ;            ;                ; GND                             ; gnd    ;              ;                     ; --           ;                 ; --       ; --           ;
; F8       ; 536        ; 8A             ; RESERVED_INPUT_WITH_WEAK_PULLUP ;        ;              ;                     ; Column I/O   ;                 ; no       ; On           ;
; F9       ; 534        ; 8A             ; RESERVED_INPUT_WITH_WEAK_PULLUP ;        ;              ;                     ; Column I/O   ;                 ; no       ; On           ;
; F10      ; 528        ; 8A             ; RESERVED_INPUT_WITH_WEAK_PULLUP ;        ;              ;                     ; Column I/O   ;                 ; no       ; On           ;
; F11      ; 502        ; 8A             ; RESERVED_INPUT_WITH_WEAK_PULLUP ;        ;              ;                     ; Column I/O   ;                 ; no       ; On           ;
; F12      ;            ; 8A             ; VCCIO8A                         ; power  ;              ; 2.5V                ; --           ;                 ; --       ; --           ;
; F13      ; 486        ; 8A             ; RESERVED_INPUT_WITH_WEAK_PULLUP ;        ;              ;                     ; Column I/O   ;                 ; no       ; On           ;
; F14      ; 468        ; 8A             ; RESERVED_INPUT_WITH_WEAK_PULLUP ;        ;              ;                     ; Column I/O   ;                 ; no       ; On           ;
; F15      ; 466        ; 8A             ; RESERVED_INPUT_WITH_WEAK_PULLUP ;        ;              ;                     ; Column I/O   ;                 ; no       ; On           ;
; F16      ; 442        ; 7D             ; RESERVED_INPUT_WITH_WEAK_PULLUP ;        ;              ;                     ; Column I/O   ;                 ; no       ; On           ;
; F17      ;            ;                ; GND                             ; gnd    ;              ;                     ; --           ;                 ; --       ; --           ;
; F18      ; 430        ; 7C             ; RESERVED_INPUT_WITH_WEAK_PULLUP ;        ;              ;                     ; Column I/O   ;                 ; no       ; On           ;
; F19      ; 410        ; 7B             ; RESERVED_INPUT_WITH_WEAK_PULLUP ;        ;              ;                     ; Column I/O   ;                 ; no       ; On           ;
; F20      ; 407        ; 7B             ; RESERVED_INPUT_WITH_WEAK_PULLUP ;        ;              ;                     ; Column I/O   ;                 ; no       ; On           ;
; F21      ; 409        ; 7B             ; RESERVED_INPUT_WITH_WEAK_PULLUP ;        ;              ;                     ; Column I/O   ;                 ; no       ; On           ;
; F22      ;            ; 7A             ; VCCIO7A_HPS                     ; power  ;              ; 2.5V                ; --           ;                 ; --       ; --           ;
; F23      ; 375        ; 7A             ; ^HPS_nPOR                       ;        ;              ;                     ; --           ;                 ; --       ; --           ;
; F24      ; 383        ; 7A             ; ^HPS_PORSEL                     ;        ;              ;                     ; --           ;                 ; --       ; --           ;
; F25      ; 385        ; 7A             ; ^HPS_CLK2                       ;        ;              ;                     ; --           ;                 ; --       ; --           ;
; F26      ; 341        ; 6A             ; RESERVED_INPUT_WITH_WEAK_PULLUP ;        ;              ;                     ; Row I/O      ;                 ; no       ; On           ;
; F27      ;            ;                ; GND                             ; gnd    ;              ;                     ; --           ;                 ; --       ; --           ;
; F28      ; 345        ; 6A             ; RESERVED_INPUT_WITH_WEAK_PULLUP ;        ;              ;                     ; Row I/O      ;                 ; no       ; On           ;
; F29      ; 349        ; 6A             ; RESERVED_INPUT_WITH_WEAK_PULLUP ;        ;              ;                     ; Row I/O      ;                 ; no       ; On           ;
; F30      ; 347        ; 6A             ; RESERVED_INPUT_WITH_WEAK_PULLUP ;        ;              ;                     ; Row I/O      ;                 ; no       ; On           ;
; G1       ;            ;                ; RREF                            ;        ;              ;                     ; --           ;                 ; --       ; --           ;
; G2       ;            ;                ; DNU                             ;        ;              ;                     ; --           ;                 ; --       ; --           ;
; G3       ;            ;                ; GND                             ; gnd    ;              ;                     ; --           ;                 ; --       ; --           ;
; G4       ;            ;                ; GND                             ; gnd    ;              ;                     ; --           ;                 ; --       ; --           ;
; G5       ; 542        ; 9A             ; ^nCE                            ;        ;              ;                     ; --           ;                 ; --       ; --           ;
; G6       ; 543        ; 9A             ; ^MSEL2                          ;        ;              ;                     ; --           ;                 ; --       ; --           ;
; G7       ; 535        ; 8A             ; RESERVED_INPUT_WITH_WEAK_PULLUP ;        ;              ;                     ; Column I/O   ;                 ; no       ; On           ;
; G8       ; 492        ; 8A             ; RESERVED_INPUT_WITH_WEAK_PULLUP ;        ;              ;                     ; Column I/O   ;                 ; no       ; On           ;
; G9       ;            ; 8A             ; VCCIO8A                         ; power  ;              ; 2.5V                ; --           ;                 ; --       ; --           ;
; G10      ; 526        ; 8A             ; RESERVED_INPUT_WITH_WEAK_PULLUP ;        ;              ;                     ; Column I/O   ;                 ; no       ; On           ;
; G11      ; 520        ; 8A             ; RESERVED_INPUT_WITH_WEAK_PULLUP ;        ;              ;                     ; Column I/O   ;                 ; no       ; On           ;
; G12      ; 518        ; 8A             ; RESERVED_INPUT_WITH_WEAK_PULLUP ;        ;              ;                     ; Column I/O   ;                 ; no       ; On           ;
; G13      ; 484        ; 8A             ; RESERVED_INPUT_WITH_WEAK_PULLUP ;        ;              ;                     ; Column I/O   ;                 ; no       ; On           ;
; G14      ;            ; 8A             ; VCCIO8A                         ; power  ;              ; 2.5V                ; --           ;                 ; --       ; --           ;
; G15      ; 460        ; 8A             ; RESERVED_INPUT_WITH_WEAK_PULLUP ;        ;              ;                     ; Column I/O   ;                 ; no       ; On           ;
; G16      ; 444        ; 7D             ; RESERVED_INPUT_WITH_WEAK_PULLUP ;        ;              ;                     ; Column I/O   ;                 ; no       ; On           ;
; G17      ; 436        ; 7C             ; RESERVED_INPUT_WITH_WEAK_PULLUP ;        ;              ;                     ; Column I/O   ;                 ; no       ; On           ;
; G18      ; 432        ; 7C             ; RESERVED_INPUT_WITH_WEAK_PULLUP ;        ;              ;                     ; Column I/O   ;                 ; no       ; On           ;
; G19      ;            ; 7B             ; VCCIO7B_HPS                     ; power  ;              ; 2.5V                ; --           ;                 ; --       ; --           ;
; G20      ; 416        ; 7B             ; RESERVED_INPUT_WITH_WEAK_PULLUP ;        ;              ;                     ; Column I/O   ;                 ; no       ; On           ;
; G21      ; 392        ; 7A             ; RESERVED_INPUT_WITH_WEAK_PULLUP ;        ;              ;                     ; Column I/O   ;                 ; no       ; On           ;
; G22      ; 400        ; 7A             ; RESERVED_INPUT_WITH_WEAK_PULLUP ;        ;              ;                     ; Column I/O   ;                 ; no       ; On           ;
; G23      ; 377        ; 7A             ; ^VCCRSTCLK_HPS                  ;        ;              ;                     ; --           ;                 ; --       ; --           ;
; G24      ;            ;                ; GND                             ; gnd    ;              ;                     ; --           ;                 ; --       ; --           ;
; G25      ; 370        ; 6A             ; RESERVED_INPUT_WITH_WEAK_PULLUP ;        ;              ;                     ; Row I/O      ;                 ; no       ; On           ;
; G26      ; 362        ; 6A             ; RESERVED_INPUT_WITH_WEAK_PULLUP ;        ;              ;                     ; Row I/O      ;                 ; no       ; On           ;
; G27      ; 339        ; 6A             ; RESERVED_INPUT_WITH_WEAK_PULLUP ;        ;              ;                     ; Row I/O      ;                 ; --       ; --           ;
; G28      ; 335        ; 6A             ; RESERVED_INPUT_WITH_WEAK_PULLUP ;        ;              ;                     ; Row I/O      ;                 ; no       ; On           ;
; G29      ;            ; 6A             ; VCCIO6A_HPS                     ; power  ;              ; 2.5V                ; --           ;                 ; --       ; --           ;
; G30      ; 343        ; 6A             ; RESERVED_INPUT_WITH_WEAK_PULLUP ;        ;              ;                     ; Row I/O      ;                 ; no       ; On           ;
; H1       ;            ;                ; GND                             ; gnd    ;              ;                     ; --           ;                 ; --       ; --           ;
; H2       ;            ;                ; GND                             ; gnd    ;              ;                     ; --           ;                 ; --       ; --           ;
; H3       ; 0          ; B2L            ; GXB_NC                          ;        ;              ;                     ; --           ;                 ; --       ; --           ;
; H4       ; 1          ; B2L            ; GXB_NC                          ;        ;              ;                     ; --           ;                 ; --       ; --           ;
; H5       ;            ;                ; GND                             ; gnd    ;              ;                     ; --           ;                 ; --       ; --           ;
; H6       ;            ; 8A             ; VCCIO8A                         ; power  ;              ; 2.5V                ; --           ;                 ; --       ; --           ;
; H7       ; 508        ; 8A             ; RESERVED_INPUT_WITH_WEAK_PULLUP ;        ;              ;                     ; Column I/O   ;                 ; no       ; On           ;
; H8       ; 490        ; 8A             ; RESERVED_INPUT_WITH_WEAK_PULLUP ;        ;              ;                     ; Column I/O   ;                 ; no       ; On           ;
; H9       ;            ; --             ; VCCBAT                          ; power  ;              ; 1.2V                ; --           ;                 ; --       ; --           ;
; H10      ;            ; --             ; VCC_AUX                         ; power  ;              ; 2.5V                ; --           ;                 ; --       ; --           ;
; H11      ;            ;                ; GND                             ; gnd    ;              ;                     ; --           ;                 ; --       ; --           ;
; H12      ; 500        ; 8A             ; RESERVED_INPUT_WITH_WEAK_PULLUP ;        ;              ;                     ; Column I/O   ;                 ; no       ; On           ;
; H13      ; 498        ; 8A             ; RESERVED_INPUT_WITH_WEAK_PULLUP ;        ;              ;                     ; Column I/O   ;                 ; no       ; On           ;
; H14      ; 482        ; 8A             ; RESERVED_INPUT_WITH_WEAK_PULLUP ;        ;              ;                     ; Column I/O   ;                 ; no       ; On           ;
; H15      ; 458        ; 8A             ; RESERVED_INPUT_WITH_WEAK_PULLUP ;        ;              ;                     ; Column I/O   ;                 ; no       ; On           ;
; H16      ;            ; 7D             ; VCCIO7D_HPS                     ; power  ;              ; 2.5V                ; --           ;                 ; --       ; --           ;
; H17      ; 434        ; 7C             ; RESERVED_INPUT_WITH_WEAK_PULLUP ;        ;              ;                     ; Column I/O   ;                 ; no       ; On           ;
; H18      ; 422        ; 7B             ; RESERVED_INPUT_WITH_WEAK_PULLUP ;        ;              ;                     ; Column I/O   ;                 ; no       ; On           ;
; H19      ; 406        ; 7B             ; RESERVED_INPUT_WITH_WEAK_PULLUP ;        ;              ;                     ; Column I/O   ;                 ; no       ; On           ;
; H20      ; 398        ; 7A             ; RESERVED_INPUT_WITH_WEAK_PULLUP ;        ;              ;                     ; Column I/O   ;                 ; no       ; On           ;
; H21      ;            ; 7A             ; VCCIO7A_HPS                     ; power  ;              ; 2.5V                ; --           ;                 ; --       ; --           ;
; H22      ; 379        ; 7A             ; ^HPS_TCK                        ;        ;              ;                     ; --           ;                 ; --       ; --           ;
; H23      ; 390        ; 7A             ; RESERVED_INPUT_WITH_WEAK_PULLUP ;        ;              ;                     ; Column I/O   ;                 ; no       ; On           ;
; H24      ; 364        ; 6A             ; RESERVED_INPUT_WITH_WEAK_PULLUP ;        ;              ;                     ; Row I/O      ;                 ; no       ; On           ;
; H25      ; 368        ; 6A             ; RESERVED_INPUT_WITH_WEAK_PULLUP ;        ;              ;                     ; Row I/O      ;                 ; no       ; On           ;
; H26      ;            ; 6A             ; VCCIO6A_HPS                     ; power  ;              ; 2.5V                ; --           ;                 ; --       ; --           ;
; H27      ; 360        ; 6A             ; RESERVED_INPUT_WITH_WEAK_PULLUP ;        ;              ;                     ; Row I/O      ;                 ; no       ; On           ;
; H28      ; 333        ; 6A             ; RESERVED_INPUT_WITH_WEAK_PULLUP ;        ;              ;                     ; Row I/O      ;                 ; no       ; On           ;
; H29      ; 331        ; 6A             ; RESERVED_INPUT_WITH_WEAK_PULLUP ;        ;              ;                     ; Row I/O      ;                 ; no       ; On           ;
; H30      ; 337        ; 6A             ; RESERVED_INPUT_WITH_WEAK_PULLUP ;        ;              ;                     ; Row I/O      ;                 ; no       ; On           ;
; J1       ; 3          ; B2L            ; GND                             ;        ;              ;                     ; --           ;                 ; --       ; --           ;
; J2       ; 2          ; B2L            ; GND                             ;        ;              ;                     ; --           ;                 ; --       ; --           ;
; J3       ;            ;                ; GND                             ; gnd    ;              ;                     ; --           ;                 ; --       ; --           ;
; J4       ;            ;                ; GND                             ; gnd    ;              ;                     ; --           ;                 ; --       ; --           ;
; J5       ; 545        ; 9A             ; ^nCONFIG                        ;        ;              ;                     ; --           ;                 ; --       ; --           ;
; J6       ; 547        ; 9A             ; ^GND                            ;        ;              ;                     ; --           ;                 ; --       ; --           ;
; J7       ; 506        ; 8A             ; RESERVED_INPUT_WITH_WEAK_PULLUP ;        ;              ;                     ; Column I/O   ;                 ; no       ; On           ;
; J8       ;            ;                ; GND                             ; gnd    ;              ;                     ; --           ;                 ; --       ; --           ;
; J9       ; 532        ; 8A             ; RESERVED_INPUT_WITH_WEAK_PULLUP ;        ;              ;                     ; Column I/O   ;                 ; no       ; On           ;
; J10      ; 530        ; 8A             ; RESERVED_INPUT_WITH_WEAK_PULLUP ;        ;              ;                     ; Column I/O   ;                 ; no       ; On           ;
; J11      ;            ; --             ; VCCPGM                          ; power  ;              ; 1.8V/2.5V/3.0V/3.3V ; --           ;                 ; --       ; --           ;
; J12      ; 516        ; 8A             ; RESERVED_INPUT_WITH_WEAK_PULLUP ;        ;              ;                     ; Column I/O   ;                 ; no       ; On           ;
; J13      ;            ; 8A             ; VCCIO8A                         ; power  ;              ; 2.5V                ; --           ;                 ; --       ; --           ;
; J14      ; 476        ; 8A             ; RESERVED_INPUT_WITH_WEAK_PULLUP ;        ;              ;                     ; Column I/O   ;                 ; no       ; On           ;
; J15      ;            ;                ; DNU                             ;        ;              ;                     ; --           ;                 ; --       ; --           ;
; J16      ;            ; --             ; VCC_AUX                         ; power  ;              ; 2.5V                ; --           ;                 ; --       ; --           ;
; J17      ;            ; 7C             ; VCCPD7C_HPS                     ; power  ;              ; 2.5V                ; --           ;                 ; --       ; --           ;
; J18      ;            ;                ; GND                             ; gnd    ;              ;                     ; --           ;                 ; --       ; --           ;
; J19      ; 408        ; 7B             ; RESERVED_INPUT_WITH_WEAK_PULLUP ;        ;              ;                     ; Column I/O   ;                 ; no       ; On           ;
; J20      ;            ; --             ; VCCRSTCLK_HPS                   ; power  ;              ; 1.8V/2.5V/3.0V/3.3V ; --           ;                 ; --       ; --           ;
; J21      ;            ; --             ; VCC_AUX_SHARED                  ; power  ;              ; 2.5V                ; --           ;                 ; --       ; --           ;
; J22      ; 372        ; 7A             ; ^GND                            ;        ;              ;                     ; --           ;                 ; --       ; --           ;
; J23      ; 354        ; 6A             ; RESERVED_INPUT_WITH_WEAK_PULLUP ;        ;              ;                     ; Row I/O      ;                 ; no       ; On           ;
; J24      ; 352        ; 6A             ; RESERVED_INPUT_WITH_WEAK_PULLUP ;        ;              ;                     ; Row I/O      ;                 ; no       ; On           ;
; J25      ; 344        ; 6A             ; RESERVED_INPUT_WITH_WEAK_PULLUP ;        ;              ;                     ; Row I/O      ;                 ; no       ; On           ;
; J26      ; 323        ; 6A             ; RESERVED_INPUT_WITH_WEAK_PULLUP ;        ;              ;                     ; Row I/O      ;                 ; no       ; On           ;
; J27      ; 346        ; 6A             ; RESERVED_INPUT_WITH_WEAK_PULLUP ;        ;              ;                     ; Row I/O      ;                 ; no       ; On           ;
; J28      ;            ;                ; GND                             ; gnd    ;              ;                     ; --           ;                 ; --       ; --           ;
; J29      ; 327        ; 6A             ; RESERVED_INPUT_WITH_WEAK_PULLUP ;        ;              ;                     ; Row I/O      ;                 ; no       ; On           ;
; J30      ; 329        ; 6A             ; RESERVED_INPUT_WITH_WEAK_PULLUP ;        ;              ;                     ; Row I/O      ;                 ; no       ; On           ;
; K1       ;            ;                ; GND                             ; gnd    ;              ;                     ; --           ;                 ; --       ; --           ;
; K2       ;            ;                ; GND                             ; gnd    ;              ;                     ; --           ;                 ; --       ; --           ;
; K3       ; 4          ; B2L            ; GXB_NC                          ;        ;              ;                     ; --           ;                 ; --       ; --           ;
; K4       ; 5          ; B2L            ; GXB_NC                          ;        ;              ;                     ; --           ;                 ; --       ; --           ;
; K5       ;            ;                ; GND                             ; gnd    ;              ;                     ; --           ;                 ; --       ; --           ;
; K6       ; 540        ; 9A             ; ^MSEL1                          ;        ;              ;                     ; --           ;                 ; --       ; --           ;
; K7       ; 522        ; 8A             ; RESERVED_INPUT_WITH_WEAK_PULLUP ;        ;              ;                     ; Column I/O   ;                 ; no       ; On           ;
; K8       ; 524        ; 8A             ; RESERVED_INPUT_WITH_WEAK_PULLUP ;        ;              ;                     ; Column I/O   ;                 ; no       ; On           ;
; K9       ;            ; --             ; VCCA_FPLL                       ; power  ;              ; 2.5V                ; --           ;                 ; --       ; --           ;
; K10      ;            ;                ; GND                             ; gnd    ;              ;                     ; --           ;                 ; --       ; --           ;
; K11      ;            ; 8A             ; VCCPD8A                         ; power  ;              ; 2.5V                ; --           ;                 ; --       ; --           ;
; K12      ; 514        ; 8A             ; RESERVED_INPUT_WITH_WEAK_PULLUP ;        ;              ;                     ; Column I/O   ;                 ; no       ; On           ;
; K13      ;            ; 8A             ; VCCPD8A                         ; power  ;              ; 2.5V                ; --           ;                 ; --       ; --           ;
; K14      ; 474        ; 8A             ; RESERVED_INPUT_WITH_WEAK_PULLUP ;        ;              ;                     ; Column I/O   ;                 ; no       ; On           ;
; K15      ;            ;                ; GND                             ; gnd    ;              ;                     ; --           ;                 ; --       ; --           ;
; K16      ;            ; 7D             ; VCCPD7D_HPS                     ; power  ;              ; 2.5V                ; --           ;                 ; --       ; --           ;
; K17      ; 414        ; 7B             ; RESERVED_INPUT_WITH_WEAK_PULLUP ;        ;              ;                     ; Column I/O   ;                 ; no       ; On           ;
; K18      ;            ; 7B             ; VCCPD7B_HPS                     ; power  ;              ; 2.5V                ; --           ;                 ; --       ; --           ;
; K19      ;            ; 7A             ; VCCPD7A_HPS                     ; power  ;              ; 2.5V                ; --           ;                 ; --       ; --           ;
; K20      ;            ;                ; GND                             ; gnd    ;              ;                     ; --           ;                 ; --       ; --           ;
; K21      ; 366        ; 6A             ; RESERVED_INPUT_WITH_WEAK_PULLUP ;        ;              ;                     ; Row I/O      ;                 ; no       ; On           ;
; K22      ; 336        ; 6A             ; RESERVED_INPUT_WITH_WEAK_PULLUP ;        ;              ;                     ; Row I/O      ;                 ; no       ; On           ;
; K23      ; 338        ; 6A             ; RESERVED_INPUT_WITH_WEAK_PULLUP ;        ;              ;                     ; Row I/O      ;                 ; no       ; On           ;
; K24      ;            ; 6A             ; VCCIO6A_HPS                     ; power  ;              ; 2.5V                ; --           ;                 ; --       ; --           ;
; K25      ;            ;                ; GND                             ; gnd    ;              ;                     ; --           ;                 ; --       ; --           ;
; K26      ; 322        ; 6A             ; RESERVED_INPUT_WITH_WEAK_PULLUP ;        ;              ;                     ; Row I/O      ;                 ; no       ; On           ;
; K27      ; 319        ; 6A             ; RESERVED_INPUT_WITH_WEAK_PULLUP ;        ;              ;                     ; Row I/O      ;                 ; no       ; On           ;
; K28      ; 325        ; 6A             ; RESERVED_INPUT_WITH_WEAK_PULLUP ;        ;              ;                     ; Row I/O      ;                 ; no       ; On           ;
; K29      ; 321        ; 6A             ; RESERVED_INPUT_WITH_WEAK_PULLUP ;        ;              ;                     ; Row I/O      ;                 ; no       ; On           ;
; K30      ;            ; 6A             ; VCCIO6A_HPS                     ; power  ;              ; 2.5V                ; --           ;                 ; --       ; --           ;
; L1       ; 7          ; B2L            ; GND                             ;        ;              ;                     ; --           ;                 ; --       ; --           ;
; L2       ; 6          ; B2L            ; GND                             ;        ;              ;                     ; --           ;                 ; --       ; --           ;
; L3       ;            ;                ; GND                             ; gnd    ;              ;                     ; --           ;                 ; --       ; --           ;
; L4       ;            ;                ; GND                             ; gnd    ;              ;                     ; --           ;                 ; --       ; --           ;
; L5       ;            ; --             ; VCCL_GXBL                       ; power  ;              ; 1.1V                ; --           ;                 ; --       ; --           ;
; L6       ;            ;                ; GND                             ; gnd    ;              ;                     ; --           ;                 ; --       ; --           ;
; L7       ; 544        ; 9A             ; ^MSEL3                          ;        ;              ;                     ; --           ;                 ; --       ; --           ;
; L8       ; 538        ; 9A             ; ^MSEL0                          ;        ;              ;                     ; --           ;                 ; --       ; --           ;
; L9       ; 546        ; 9A             ; ^MSEL4                          ;        ;              ;                     ; --           ;                 ; --       ; --           ;
; L10      ;            ; 8A             ; VCCPD8A                         ; power  ;              ; 2.5V                ; --           ;                 ; --       ; --           ;
; L11      ;            ;                ; GND                             ; gnd    ;              ;                     ; --           ;                 ; --       ; --           ;
; L12      ;            ; 8A             ; VCCPD8A                         ; power  ;              ; 2.5V                ; --           ;                 ; --       ; --           ;
; L13      ;            ;                ; GND                             ; gnd    ;              ;                     ; --           ;                 ; --       ; --           ;
; L14      ;            ; 8A             ; VCCPD8A                         ; power  ;              ; 2.5V                ; --           ;                 ; --       ; --           ;
; L15      ;            ;                ; GND                             ; gnd    ;              ;                     ; --           ;                 ; --       ; --           ;
; L16      ;            ; --             ; VCC_HPS                         ; power  ;              ; 1.1V                ; --           ;                 ; --       ; --           ;
; L17      ;            ;                ; GND                             ; gnd    ;              ;                     ; --           ;                 ; --       ; --           ;
; L18      ;            ; --             ; VCC_HPS                         ; power  ;              ; 1.1V                ; --           ;                 ; --       ; --           ;
; L19      ;            ;                ; GND                             ; gnd    ;              ;                     ; --           ;                 ; --       ; --           ;
; L20      ;            ; --             ; VCC_HPS                         ; power  ;              ; 1.1V                ; --           ;                 ; --       ; --           ;
; L21      ;            ; --             ; VCCPLL_HPS                      ; power  ;              ; 2.5V                ; --           ;                 ; --       ; --           ;
; L22      ;            ;                ; GND                             ; gnd    ;              ;                     ; --           ;                 ; --       ; --           ;
; L23      ; 350        ; 6A             ; RESERVED_INPUT_WITH_WEAK_PULLUP ;        ;              ;                     ; Row I/O      ;                 ; no       ; On           ;
; L24      ; 328        ; 6A             ; RESERVED_INPUT_WITH_WEAK_PULLUP ;        ;              ;                     ; Row I/O      ;                 ; no       ; On           ;
; L25      ; 330        ; 6A             ; RESERVED_INPUT_WITH_WEAK_PULLUP ;        ;              ;                     ; Row I/O      ;                 ; no       ; On           ;
; L26      ; 320        ; 6A             ; RESERVED_INPUT_WITH_WEAK_PULLUP ;        ;              ;                     ; Row I/O      ;                 ; no       ; On           ;
; L27      ;            ; 6A             ; VCCIO6A_HPS                     ; power  ;              ; 2.5V                ; --           ;                 ; --       ; --           ;
; L28      ; 313        ; 6A             ; RESERVED_INPUT_WITH_WEAK_PULLUP ;        ;              ;                     ; Row I/O      ;                 ; no       ; On           ;
; L29      ; 315        ; 6A             ; RESERVED_INPUT_WITH_WEAK_PULLUP ;        ;              ;                     ; Row I/O      ;                 ; no       ; On           ;
; L30      ; 317        ; 6A             ; RESERVED_INPUT_WITH_WEAK_PULLUP ;        ;              ;                     ; Row I/O      ;                 ; no       ; On           ;
; M1       ;            ;                ; GND                             ; gnd    ;              ;                     ; --           ;                 ; --       ; --           ;
; M2       ;            ;                ; GND                             ; gnd    ;              ;                     ; --           ;                 ; --       ; --           ;
; M3       ; 8          ; B2L            ; GXB_NC                          ;        ;              ;                     ; --           ;                 ; --       ; --           ;
; M4       ; 9          ; B2L            ; GXB_NC                          ;        ;              ;                     ; --           ;                 ; --       ; --           ;
; M5       ;            ;                ; GND                             ; gnd    ;              ;                     ; --           ;                 ; --       ; --           ;
; M6       ;            ; --             ; VCCE_GXBL                       ; power  ;              ; 1.1V                ; --           ;                 ; --       ; --           ;
; M7       ;            ;                ; GND                             ; gnd    ;              ;                     ; --           ;                 ; --       ; --           ;
; M8       ;            ;                ; GND                             ; gnd    ;              ;                     ; --           ;                 ; --       ; --           ;
; M9       ;            ; --             ; VCC                             ; power  ;              ; 1.1V                ; --           ;                 ; --       ; --           ;
; M10      ;            ;                ; GND                             ; gnd    ;              ;                     ; --           ;                 ; --       ; --           ;
; M11      ;            ; --             ; VCC                             ; power  ;              ; 1.1V                ; --           ;                 ; --       ; --           ;
; M12      ;            ;                ; GND                             ; gnd    ;              ;                     ; --           ;                 ; --       ; --           ;
; M13      ;            ; --             ; VCC                             ; power  ;              ; 1.1V                ; --           ;                 ; --       ; --           ;
; M14      ;            ;                ; GND                             ; gnd    ;              ;                     ; --           ;                 ; --       ; --           ;
; M15      ;            ; --             ; VCC_HPS                         ; power  ;              ; 1.1V                ; --           ;                 ; --       ; --           ;
; M16      ;            ;                ; GND                             ; gnd    ;              ;                     ; --           ;                 ; --       ; --           ;
; M17      ; 450        ; 7D             ; RESERVED_INPUT_WITH_WEAK_PULLUP ;        ;              ;                     ; Column I/O   ;                 ; no       ; On           ;
; M18      ;            ;                ; GND                             ; gnd    ;              ;                     ; --           ;                 ; --       ; --           ;
; M19      ; 334        ; 6A             ; RESERVED_INPUT_WITH_WEAK_PULLUP ;        ;              ;                     ; Row I/O      ;                 ; no       ; On           ;
; M20      ;            ;                ; GND                             ; gnd    ;              ;                     ; --           ;                 ; --       ; --           ;
; M21      ;            ; 6A, 6B         ; VCCPD6A6B_HPS                   ; power  ;              ; 2.5V                ; --           ;                 ; --       ; --           ;
; M22      ; 308        ; 6A             ; RESERVED_INPUT_WITH_WEAK_PULLUP ;        ;              ;                     ; Row I/O      ;                 ; no       ; On           ;
; M23      ; 348        ; 6A             ; RESERVED_INPUT_WITH_WEAK_PULLUP ;        ;              ;                     ; Row I/O      ;                 ; no       ; On           ;
; M24      ;            ; 6A             ; VCCIO6A_HPS                     ; power  ;              ; 2.5V                ; --           ;                 ; --       ; --           ;
; M25      ; 324        ; 6A             ; RESERVED_INPUT_WITH_WEAK_PULLUP ;        ;              ;                     ; Row I/O      ;                 ; no       ; On           ;
; M26      ; 314        ; 6A             ; RESERVED_INPUT_WITH_WEAK_PULLUP ;        ;              ;                     ; Row I/O      ;                 ; no       ; On           ;
; M27      ; 312        ; 6A             ; RESERVED_INPUT_WITH_WEAK_PULLUP ;        ;              ;                     ; Row I/O      ;                 ; no       ; On           ;
; M28      ; 309        ; 6A             ; RESERVED_INPUT_WITH_WEAK_PULLUP ;        ;              ;                     ; Row I/O      ;                 ; no       ; On           ;
; M29      ;            ;                ; GND                             ; gnd    ;              ;                     ; --           ;                 ; --       ; --           ;
; M30      ; 311        ; 6A             ; RESERVED_INPUT_WITH_WEAK_PULLUP ;        ;              ;                     ; Row I/O      ;                 ; no       ; On           ;
; N1       ; 11         ; B2L            ; GND                             ;        ;              ;                     ; --           ;                 ; --       ; --           ;
; N2       ; 10         ; B2L            ; GND                             ;        ;              ;                     ; --           ;                 ; --       ; --           ;
; N3       ;            ;                ; GND                             ; gnd    ;              ;                     ; --           ;                 ; --       ; --           ;
; N4       ;            ;                ; GND                             ; gnd    ;              ;                     ; --           ;                 ; --       ; --           ;
; N5       ;            ; --             ; VCCE_GXBL                       ; power  ;              ; 1.1V                ; --           ;                 ; --       ; --           ;
; N6       ;            ;                ; GND                             ; gnd    ;              ;                     ; --           ;                 ; --       ; --           ;
; N7       ;            ; --             ; VCCA_FPLL                       ; power  ;              ; 2.5V                ; --           ;                 ; --       ; --           ;
; N8       ;            ;                ; GND                             ; gnd    ;              ;                     ; --           ;                 ; --       ; --           ;
; N9       ;            ;                ; GND                             ; gnd    ;              ;                     ; --           ;                 ; --       ; --           ;
; N10      ;            ; --             ; VCC                             ; power  ;              ; 1.1V                ; --           ;                 ; --       ; --           ;
; N11      ;            ;                ; GND                             ; gnd    ;              ;                     ; --           ;                 ; --       ; --           ;
; N12      ;            ; --             ; VCC                             ; power  ;              ; 1.1V                ; --           ;                 ; --       ; --           ;
; N13      ;            ;                ; GND                             ; gnd    ;              ;                     ; --           ;                 ; --       ; --           ;
; N14      ;            ; --             ; VCC                             ; power  ;              ; 1.1V                ; --           ;                 ; --       ; --           ;
; N15      ;            ;                ; GND                             ; gnd    ;              ;                     ; --           ;                 ; --       ; --           ;
; N16      ; 452        ; 7D             ; RESERVED_INPUT_WITH_WEAK_PULLUP ;        ;              ;                     ; Column I/O   ;                 ; no       ; On           ;
; N17      ;            ;                ; GND                             ; gnd    ;              ;                     ; --           ;                 ; --       ; --           ;
; N18      ; 332        ; 6A             ; RESERVED_INPUT_WITH_WEAK_PULLUP ;        ;              ;                     ; Row I/O      ;                 ; no       ; On           ;
; N19      ;            ;                ; GND                             ; gnd    ;              ;                     ; --           ;                 ; --       ; --           ;
; N20      ;            ; --             ; VCC_HPS                         ; power  ;              ; 1.1V                ; --           ;                 ; --       ; --           ;
; N21      ;            ; 6A             ; VCCIO6A_HPS                     ; power  ;              ; 2.5V                ; --           ;                 ; --       ; --           ;
; N22      ;            ; 6A, 6B         ; VCCPD6A6B_HPS                   ; power  ;              ; 2.5V                ; --           ;                 ; --       ; --           ;
; N23      ; 310        ; 6A             ; RESERVED_INPUT_WITH_WEAK_PULLUP ;        ;              ;                     ; Row I/O      ;                 ; no       ; On           ;
; N24      ; 318        ; 6A             ; RESERVED_INPUT_WITH_WEAK_PULLUP ;        ;              ;                     ; Row I/O      ;                 ; no       ; On           ;
; N25      ; 316        ; 6A             ; RESERVED_INPUT_WITH_WEAK_PULLUP ;        ;              ;                     ; Row I/O      ;                 ; no       ; On           ;
; N26      ;            ;                ; GND                             ; gnd    ;              ;                     ; --           ;                 ; --       ; --           ;
; N27      ; 297        ; 6B             ; RESERVED_INPUT_WITH_WEAK_PULLUP ;        ;              ;                     ; Row I/O      ;                 ; no       ; On           ;
; N28      ; 303        ; 6B             ; RESERVED_INPUT_WITH_WEAK_PULLUP ;        ;              ;                     ; Row I/O      ;                 ; no       ; On           ;
; N29      ; 305        ; 6B             ; RESERVED_INPUT_WITH_WEAK_PULLUP ;        ;              ;                     ; Row I/O      ;                 ; no       ; On           ;
; N30      ; 307        ; 6B             ; RESERVED_INPUT_WITH_WEAK_PULLUP ;        ;              ;                     ; Row I/O      ;                 ; no       ; On           ;
; P1       ;            ;                ; GND                             ; gnd    ;              ;                     ; --           ;                 ; --       ; --           ;
; P2       ;            ;                ; GND                             ; gnd    ;              ;                     ; --           ;                 ; --       ; --           ;
; P3       ; 16         ; B1L            ; GXB_NC                          ;        ;              ;                     ; --           ;                 ; --       ; --           ;
; P4       ; 17         ; B1L            ; GXB_NC                          ;        ;              ;                     ; --           ;                 ; --       ; --           ;
; P5       ;            ;                ; GND                             ; gnd    ;              ;                     ; --           ;                 ; --       ; --           ;
; P6       ;            ; --             ; VCCH_GXBL                       ; power  ;              ; 2.5V                ; --           ;                 ; --       ; --           ;
; P7       ;            ;                ; GND                             ; gnd    ;              ;                     ; --           ;                 ; --       ; --           ;
; P8       ; 13         ; B2L            ; GND                             ;        ;              ;                     ; Row I/O      ;                 ; --       ; --           ;
; P9       ; 12         ; B2L            ; GND                             ;        ;              ;                     ; Row I/O      ;                 ; --       ; --           ;
; P10      ;            ;                ; GND                             ; gnd    ;              ;                     ; --           ;                 ; --       ; --           ;
; P11      ;            ; --             ; VCC                             ; power  ;              ; 1.1V                ; --           ;                 ; --       ; --           ;
; P12      ;            ;                ; GND                             ; gnd    ;              ;                     ; --           ;                 ; --       ; --           ;
; P13      ;            ; --             ; VCC                             ; power  ;              ; 1.1V                ; --           ;                 ; --       ; --           ;
; P14      ;            ;                ; GND                             ; gnd    ;              ;                     ; --           ;                 ; --       ; --           ;
; P15      ;            ; --             ; VCC_HPS                         ; power  ;              ; 1.1V                ; --           ;                 ; --       ; --           ;
; P16      ;            ;                ; GND                             ; gnd    ;              ;                     ; --           ;                 ; --       ; --           ;
; P17      ;            ; --             ; VCC_HPS                         ; power  ;              ; 1.1V                ; --           ;                 ; --       ; --           ;
; P18      ;            ;                ; GND                             ; gnd    ;              ;                     ; --           ;                 ; --       ; --           ;
; P19      ;            ; --             ; VCC_HPS                         ; power  ;              ; 1.1V                ; --           ;                 ; --       ; --           ;
; P20      ;            ;                ; GND                             ; gnd    ;              ;                     ; --           ;                 ; --       ; --           ;
; P21      ;            ; 6A, 6B         ; VCCPD6A6B_HPS                   ; power  ;              ; 2.5V                ; --           ;                 ; --       ; --           ;
; P22      ; 294        ; 6B             ; RESERVED_INPUT_WITH_WEAK_PULLUP ;        ;              ;                     ; Row I/O      ;                 ; no       ; On           ;
; P23      ;            ; 6B             ; VCCIO6B_HPS                     ; power  ;              ; 2.5V                ; --           ;                 ; --       ; --           ;
; P24      ; 290        ; 6B             ; RESERVED_INPUT_WITH_WEAK_PULLUP ;        ;              ;                     ; Row I/O      ;                 ; no       ; On           ;
; P25      ; 288        ; 6B             ; RESERVED_INPUT_WITH_WEAK_PULLUP ;        ;              ;                     ; Row I/O      ;                 ; no       ; On           ;
; P26      ; 298        ; 6B             ; RESERVED_INPUT_WITH_WEAK_PULLUP ;        ;              ;                     ; Row I/O      ;                 ; no       ; On           ;
; P27      ; 296        ; 6B             ; RESERVED_INPUT_WITH_WEAK_PULLUP ;        ;              ;                     ; Row I/O      ;                 ; no       ; On           ;
; P28      ;            ; 6B             ; VCCIO6B_HPS                     ; power  ;              ; 2.5V                ; --           ;                 ; --       ; --           ;
; P29      ; 299        ; 6B             ; RESERVED_INPUT_WITH_WEAK_PULLUP ;        ;              ;                     ; Row I/O      ;                 ; no       ; On           ;
; P30      ; 301        ; 6B             ; RESERVED_INPUT_WITH_WEAK_PULLUP ;        ;              ;                     ; Row I/O      ;                 ; no       ; On           ;
; R1       ; 19         ; B1L            ; GND                             ;        ;              ;                     ; --           ;                 ; --       ; --           ;
; R2       ; 18         ; B1L            ; GND                             ;        ;              ;                     ; --           ;                 ; --       ; --           ;
; R3       ;            ;                ; GND                             ; gnd    ;              ;                     ; --           ;                 ; --       ; --           ;
; R4       ;            ;                ; GND                             ; gnd    ;              ;                     ; --           ;                 ; --       ; --           ;
; R5       ;            ; --             ; VCCL_GXBL                       ; power  ;              ; 1.1V                ; --           ;                 ; --       ; --           ;
; R6       ;            ;                ; GND                             ; gnd    ;              ;                     ; --           ;                 ; --       ; --           ;
; R7       ;            ; --             ; VCCA_FPLL                       ; power  ;              ; 2.5V                ; --           ;                 ; --       ; --           ;
; R8       ;            ;                ; GND                             ; gnd    ;              ;                     ; --           ;                 ; --       ; --           ;
; R9       ;            ;                ; GND                             ; gnd    ;              ;                     ; --           ;                 ; --       ; --           ;
; R10      ;            ; --             ; VCC                             ; power  ;              ; 1.1V                ; --           ;                 ; --       ; --           ;
; R11      ;            ;                ; GND                             ; gnd    ;              ;                     ; --           ;                 ; --       ; --           ;
; R12      ;            ; --             ; VCC                             ; power  ;              ; 1.1V                ; --           ;                 ; --       ; --           ;
; R13      ;            ;                ; GND                             ; gnd    ;              ;                     ; --           ;                 ; --       ; --           ;
; R14      ;            ; --             ; VCC                             ; power  ;              ; 1.1V                ; --           ;                 ; --       ; --           ;
; R15      ;            ;                ; GND                             ; gnd    ;              ;                     ; --           ;                 ; --       ; --           ;
; R16      ;            ; --             ; VCC_HPS                         ; power  ;              ; 1.1V                ; --           ;                 ; --       ; --           ;
; R17      ;            ;                ; GND                             ; gnd    ;              ;                     ; --           ;                 ; --       ; --           ;
; R18      ; 302        ; 6B             ; RESERVED_INPUT_WITH_WEAK_PULLUP ;        ;              ;                     ; Row I/O      ;                 ; no       ; On           ;
; R19      ; 300        ; 6B             ; RESERVED_INPUT_WITH_WEAK_PULLUP ;        ;              ;                     ; Row I/O      ;                 ; no       ; On           ;
; R20      ;            ; 6A, 6B         ; VCCPD6A6B_HPS                   ; power  ;              ; 2.5V                ; --           ;                 ; --       ; --           ;
; R21      ; 286        ; 6B             ; RESERVED_INPUT_WITH_WEAK_PULLUP ;        ;              ;                     ; Row I/O      ;                 ; no       ; On           ;
; R22      ; 284        ; 6B             ; RESERVED_INPUT_WITH_WEAK_PULLUP ;        ;              ;                     ; Row I/O      ;                 ; no       ; On           ;
; R23      ;            ; 6A, 6B         ; VCCPD6A6B_HPS                   ; power  ;              ; 2.5V                ; --           ;                 ; --       ; --           ;
; R24      ; 272        ; 6B             ; RESERVED_INPUT_WITH_WEAK_PULLUP ;        ;              ;                     ; Row I/O      ;                 ; no       ; On           ;
; R25      ;            ; 6B             ; VCCIO6B_HPS                     ; power  ;              ; 2.5V                ; --           ;                 ; --       ; --           ;
; R26      ; 280        ; 6B             ; RESERVED_INPUT_WITH_WEAK_PULLUP ;        ;              ;                     ; Row I/O      ;                 ; no       ; On           ;
; R27      ; 282        ; 6B             ; RESERVED_INPUT_WITH_WEAK_PULLUP ;        ;              ;                     ; Row I/O      ;                 ; no       ; On           ;
; R28      ; 293        ; 6B             ; RESERVED_INPUT_WITH_WEAK_PULLUP ;        ;              ;                     ; Row I/O      ;                 ; no       ; On           ;
; R29      ; 295        ; 6B             ; RESERVED_INPUT_WITH_WEAK_PULLUP ;        ;              ;                     ; Row I/O      ;                 ; no       ; On           ;
; R30      ;            ;                ; GND                             ; gnd    ;              ;                     ; --           ;                 ; --       ; --           ;
; T1       ;            ;                ; GND                             ; gnd    ;              ;                     ; --           ;                 ; --       ; --           ;
; T2       ;            ;                ; GND                             ; gnd    ;              ;                     ; --           ;                 ; --       ; --           ;
; T3       ; 20         ; B1L            ; GXB_NC                          ;        ;              ;                     ; --           ;                 ; --       ; --           ;
; T4       ; 21         ; B1L            ; GXB_NC                          ;        ;              ;                     ; --           ;                 ; --       ; --           ;
; T5       ;            ;                ; GND                             ; gnd    ;              ;                     ; --           ;                 ; --       ; --           ;
; T6       ;            ; --             ; VCCE_GXBL                       ; power  ;              ; 1.1V                ; --           ;                 ; --       ; --           ;
; T7       ;            ;                ; GND                             ; gnd    ;              ;                     ; --           ;                 ; --       ; --           ;
; T8       ; 14         ; B1L            ; GND                             ;        ;              ;                     ; Row I/O      ;                 ; --       ; --           ;
; T9       ; 15         ; B1L            ; GND                             ;        ;              ;                     ; Row I/O      ;                 ; --       ; --           ;
; T10      ;            ;                ; GND                             ; gnd    ;              ;                     ; --           ;                 ; --       ; --           ;
; T11      ;            ; --             ; VCC                             ; power  ;              ; 1.1V                ; --           ;                 ; --       ; --           ;
; T12      ;            ;                ; GND                             ; gnd    ;              ;                     ; --           ;                 ; --       ; --           ;
; T13      ;            ; --             ; VCC                             ; power  ;              ; 1.1V                ; --           ;                 ; --       ; --           ;
; T14      ;            ;                ; GND                             ; gnd    ;              ;                     ; --           ;                 ; --       ; --           ;
; T15      ;            ;                ; GND                             ; gnd    ;              ;                     ; --           ;                 ; --       ; --           ;
; T16      ;            ;                ; GND                             ; gnd    ;              ;                     ; --           ;                 ; --       ; --           ;
; T17      ;            ; --             ; VCC_HPS                         ; power  ;              ; 1.1V                ; --           ;                 ; --       ; --           ;
; T18      ;            ;                ; GND                             ; gnd    ;              ;                     ; --           ;                 ; --       ; --           ;
; T19      ;            ; --             ; VCC_HPS                         ; power  ;              ; 1.1V                ; --           ;                 ; --       ; --           ;
; T20      ;            ;                ; GND                             ; gnd    ;              ;                     ; --           ;                 ; --       ; --           ;
; T21      ; 278        ; 6B             ; RESERVED_INPUT_WITH_WEAK_PULLUP ;        ;              ;                     ; Row I/O      ;                 ; no       ; On           ;
; T22      ;            ; 6B             ; VCCIO6B_HPS                     ; power  ;              ; 2.5V                ; --           ;                 ; --       ; --           ;
; T23      ; 270        ; 6B             ; RESERVED_INPUT_WITH_WEAK_PULLUP ;        ;              ;                     ; Row I/O      ;                 ; no       ; On           ;
; T24      ; 268        ; 6B             ; RESERVED_INPUT_WITH_WEAK_PULLUP ;        ;              ;                     ; Row I/O      ;                 ; no       ; On           ;
; T25      ; 266        ; 6B             ; RESERVED_INPUT_WITH_WEAK_PULLUP ;        ;              ;                     ; Row I/O      ;                 ; no       ; On           ;
; T26      ; 304        ; 6B             ; RESERVED_INPUT_WITH_WEAK_PULLUP ;        ;              ;                     ; Row I/O      ;                 ; no       ; On           ;
; T27      ;            ;                ; GND                             ; gnd    ;              ;                     ; --           ;                 ; --       ; --           ;
; T28      ; 287        ; 6B             ; RESERVED_INPUT_WITH_WEAK_PULLUP ;        ;              ;                     ; Row I/O      ;                 ; no       ; On           ;
; T29      ; 289        ; 6B             ; RESERVED_INPUT_WITH_WEAK_PULLUP ;        ;              ;                     ; Row I/O      ;                 ; no       ; On           ;
; T30      ; 291        ; 6B             ; RESERVED_INPUT_WITH_WEAK_PULLUP ;        ;              ;                     ; Row I/O      ;                 ; no       ; On           ;
; U1       ; 23         ; B1L            ; GND                             ;        ;              ;                     ; --           ;                 ; --       ; --           ;
; U2       ; 22         ; B1L            ; GND                             ;        ;              ;                     ; --           ;                 ; --       ; --           ;
; U3       ;            ;                ; GND                             ; gnd    ;              ;                     ; --           ;                 ; --       ; --           ;
; U4       ;            ;                ; GND                             ; gnd    ;              ;                     ; --           ;                 ; --       ; --           ;
; U5       ;            ; --             ; VCCE_GXBL                       ; power  ;              ; 1.1V                ; --           ;                 ; --       ; --           ;
; U6       ;            ;                ; GND                             ; gnd    ;              ;                     ; --           ;                 ; --       ; --           ;
; U7       ; 50         ; 3A             ; ^DCLK                           ;        ;              ;                     ; Weak Pull Up ;                 ; --       ; On           ;
; U8       ; 48         ; 3A             ; #TDI                            ; input  ;              ;                     ; --           ;                 ; --       ; --           ;
; U9       ;            ;                ; GND                             ; gnd    ;              ;                     ; --           ;                 ; --       ; --           ;
; U10      ;            ; --             ; VCC                             ; power  ;              ; 1.1V                ; --           ;                 ; --       ; --           ;
; U11      ;            ;                ; GND                             ; gnd    ;              ;                     ; --           ;                 ; --       ; --           ;
; U12      ;            ; --             ; VCC                             ; power  ;              ; 1.1V                ; --           ;                 ; --       ; --           ;
; U13      ;            ;                ; GND                             ; gnd    ;              ;                     ; --           ;                 ; --       ; --           ;
; U14      ;            ; --             ; VCC                             ; power  ;              ; 1.1V                ; --           ;                 ; --       ; --           ;
; U15      ;            ;                ; GND                             ; gnd    ;              ;                     ; --           ;                 ; --       ; --           ;
; U16      ;            ; --             ; VCC_HPS                         ; power  ;              ; 1.1V                ; --           ;                 ; --       ; --           ;
; U17      ;            ;                ; GND                             ; gnd    ;              ;                     ; --           ;                 ; --       ; --           ;
; U18      ;            ; --             ; VCC_HPS                         ; power  ;              ; 1.1V                ; --           ;                 ; --       ; --           ;
; U19      ;            ; 6B             ; VCCIO6B_HPS                     ; power  ;              ; 2.5V                ; --           ;                 ; --       ; --           ;
; U20      ; 276        ; 6B             ; RESERVED_INPUT_WITH_WEAK_PULLUP ;        ;              ;                     ; Row I/O      ;                 ; no       ; On           ;
; U21      ;            ; --             ; VCC                             ; power  ;              ; 1.1V                ; --           ;                 ; --       ; --           ;
; U22      ;            ;                ; GND                             ; gnd    ;              ;                     ; --           ;                 ; --       ; --           ;
; U23      ;            ; 5B             ; VCCPD5B                         ; power  ;              ; 2.5V                ; --           ;                 ; --       ; --           ;
; U24      ;            ;                ; GND                             ; gnd    ;              ;                     ; --           ;                 ; --       ; --           ;
; U25      ; 264        ; 6B             ; RESERVED_INPUT_WITH_WEAK_PULLUP ;        ;              ;                     ; Row I/O      ;                 ; no       ; On           ;
; U26      ; 306        ; 6B             ; RESERVED_INPUT_WITH_WEAK_PULLUP ;        ;              ;                     ; Row I/O      ;                 ; no       ; On           ;
; U27      ; 273        ; 6B             ; RESERVED_INPUT_WITH_WEAK_PULLUP ;        ;              ;                     ; Row I/O      ;                 ; no       ; On           ;
; U28      ; 285        ; 6B             ; RESERVED_INPUT_WITH_WEAK_PULLUP ;        ;              ;                     ; Row I/O      ;                 ; no       ; On           ;
; U29      ;            ;                ; GND                             ; gnd    ;              ;                     ; --           ;                 ; --       ; --           ;
; U30      ; 283        ; 6B             ; RESERVED_INPUT_WITH_WEAK_PULLUP ;        ;              ;                     ; Row I/O      ;                 ; --       ; --           ;
; V1       ;            ;                ; GND                             ; gnd    ;              ;                     ; --           ;                 ; --       ; --           ;
; V2       ;            ;                ; GND                             ; gnd    ;              ;                     ; --           ;                 ; --       ; --           ;
; V3       ; 24         ; B1L            ; GXB_NC                          ;        ;              ;                     ; --           ;                 ; --       ; --           ;
; V4       ; 25         ; B1L            ; GXB_NC                          ;        ;              ;                     ; --           ;                 ; --       ; --           ;
; V5       ;            ;                ; GND                             ; gnd    ;              ;                     ; --           ;                 ; --       ; --           ;
; V6       ;            ; --             ; VCCH_GXBL                       ; power  ;              ; 2.5V                ; --           ;                 ; --       ; --           ;
; V7       ;            ;                ; GND                             ; gnd    ;              ;                     ; --           ;                 ; --       ; --           ;
; V8       ;            ; --             ; VCCA_FPLL                       ; power  ;              ; 2.5V                ; --           ;                 ; --       ; --           ;
; V9       ; 44         ; 3A             ; #TMS                            ; input  ;              ;                     ; --           ;                 ; --       ; --           ;
; V10      ;            ;                ; GND                             ; gnd    ;              ;                     ; --           ;                 ; --       ; --           ;
; V11      ;            ; --             ; VCC                             ; power  ;              ; 1.1V                ; --           ;                 ; --       ; --           ;
; V12      ;            ;                ; GND                             ; gnd    ;              ;                     ; --           ;                 ; --       ; --           ;
; V13      ;            ; --             ; VCC                             ; power  ;              ; 1.1V                ; --           ;                 ; --       ; --           ;
; V14      ;            ;                ; GND                             ; gnd    ;              ;                     ; --           ;                 ; --       ; --           ;
; V15      ;            ; --             ; VCC                             ; power  ;              ; 1.1V                ; --           ;                 ; --       ; --           ;
; V16      ; 138        ; 4A             ; tx_seg_b                        ; output ; 2.5 V        ;                     ; Column I/O   ; Y               ; no       ; Off          ;
; V17      ; 154        ; 4A             ; tx_seg_g                        ; output ; 2.5 V        ;                     ; Column I/O   ; Y               ; no       ; Off          ;
; V18      ; 194        ; 4A             ; seg_b                           ; output ; 2.5 V        ;                     ; Column I/O   ; Y               ; no       ; Off          ;
; V19      ;            ;                ; GND                             ; gnd    ;              ;                     ; --           ;                 ; --       ; --           ;
; V20      ; 292        ; 6B             ; RESERVED_INPUT_WITH_WEAK_PULLUP ;        ;              ;                     ; Row I/O      ;                 ; no       ; On           ;
; V21      ;            ;                ; GND                             ; gnd    ;              ;                     ; --           ;                 ; --       ; --           ;
; V22      ;            ; 5A             ; VCCPD5A                         ; power  ;              ; 2.5V                ; --           ;                 ; --       ; --           ;
; V23      ; 236        ; 5A             ; RESERVED_INPUT_WITH_WEAK_PULLUP ;        ;              ;                     ; Row I/O      ;                 ; no       ; On           ;
; V24      ;            ; 5A             ; VCCPD5A                         ; power  ;              ; 2.5V                ; --           ;                 ; --       ; --           ;
; V25      ; 246        ; 5B             ; RESERVED_INPUT_WITH_WEAK_PULLUP ;        ;              ;                     ; Row I/O      ;                 ; no       ; On           ;
; V26      ;            ; 6B             ; VCCIO6B_HPS                     ; power  ;              ; 2.5V                ; --           ;                 ; --       ; --           ;
; V27      ; 265        ; 6B             ; RESERVED_INPUT_WITH_WEAK_PULLUP ;        ;              ;                     ; Row I/O      ;                 ; no       ; On           ;
; V28      ; 271        ; 6B             ; RESERVED_INPUT_WITH_WEAK_PULLUP ;        ;              ;                     ; Row I/O      ;                 ; no       ; On           ;
; V29      ; 275        ; 6B             ; RESERVED_INPUT_WITH_WEAK_PULLUP ;        ;              ;                     ; Row I/O      ;                 ; no       ; On           ;
; V30      ; 281        ; 6B             ; RESERVED_INPUT_WITH_WEAK_PULLUP ;        ;              ;                     ; Row I/O      ;                 ; no       ; On           ;
; W1       ; 27         ; B1L            ; GND                             ;        ;              ;                     ; --           ;                 ; --       ; --           ;
; W2       ; 26         ; B1L            ; GND                             ;        ;              ;                     ; --           ;                 ; --       ; --           ;
; W3       ;            ;                ; GND                             ; gnd    ;              ;                     ; --           ;                 ; --       ; --           ;
; W4       ;            ;                ; GND                             ; gnd    ;              ;                     ; --           ;                 ; --       ; --           ;
; W5       ;            ; --             ; VCCL_GXBL                       ; power  ;              ; 1.1V                ; --           ;                 ; --       ; --           ;
; W6       ;            ;                ; GND                             ; gnd    ;              ;                     ; --           ;                 ; --       ; --           ;
; W7       ; 41         ; B0L            ; GND                             ;        ;              ;                     ; Row I/O      ;                 ; --       ; --           ;
; W8       ; 40         ; B0L            ; GND                             ;        ;              ;                     ; Row I/O      ;                 ; --       ; --           ;
; W9       ;            ;                ; GND                             ; gnd    ;              ;                     ; --           ;                 ; --       ; --           ;
; W10      ;            ; --             ; VCC                             ; power  ;              ; 1.1V                ; --           ;                 ; --       ; --           ;
; W11      ;            ;                ; GND                             ; gnd    ;              ;                     ; --           ;                 ; --       ; --           ;
; W12      ;            ; --             ; VCC                             ; power  ;              ; 1.1V                ; --           ;                 ; --       ; --           ;
; W13      ;            ;                ; GND                             ; gnd    ;              ;                     ; --           ;                 ; --       ; --           ;
; W14      ;            ; --             ; VCC                             ; power  ;              ; 1.1V                ; --           ;                 ; --       ; --           ;
; W15      ; 130        ; 3B             ; RESERVED_INPUT_WITH_WEAK_PULLUP ;        ;              ;                     ; Column I/O   ;                 ; no       ; On           ;
; W16      ; 136        ; 4A             ; RESERVED_INPUT_WITH_WEAK_PULLUP ;        ;              ;                     ; Column I/O   ;                 ; no       ; On           ;
; W17      ; 152        ; 4A             ; seg_a                           ; output ; 2.5 V        ;                     ; Column I/O   ; Y               ; no       ; Off          ;
; W18      ;            ;                ; GND                             ; gnd    ;              ;                     ; --           ;                 ; --       ; --           ;
; W19      ; 192        ; 4A             ; RESERVED_INPUT_WITH_WEAK_PULLUP ;        ;              ;                     ; Column I/O   ;                 ; no       ; On           ;
; W20      ; 217        ; 5A             ; RESERVED_INPUT_WITH_WEAK_PULLUP ;        ;              ;                     ; Row I/O      ;                 ; no       ; On           ;
; W21      ; 221        ; 5A             ; RESERVED_INPUT_WITH_WEAK_PULLUP ;        ;              ;                     ; Row I/O      ;                 ; no       ; On           ;
; W22      ; 223        ; 5A             ; RESERVED_INPUT_WITH_WEAK_PULLUP ;        ;              ;                     ; Row I/O      ;                 ; no       ; On           ;
; W23      ;            ; 5A             ; VCCIO5A                         ; power  ;              ; 2.5V                ; --           ;                 ; --       ; --           ;
; W24      ; 238        ; 5A             ; RESERVED_INPUT_WITH_WEAK_PULLUP ;        ;              ;                     ; Row I/O      ;                 ; no       ; On           ;
; W25      ; 244        ; 5B             ; RESERVED_INPUT_WITH_WEAK_PULLUP ;        ;              ;                     ; Row I/O      ;                 ; no       ; On           ;
; W26      ; 274        ; 6B             ; RESERVED_INPUT_WITH_WEAK_PULLUP ;        ;              ;                     ; Row I/O      ;                 ; no       ; On           ;
; W27      ; 261        ; 6B             ; RESERVED_INPUT_WITH_WEAK_PULLUP ;        ;              ;                     ; Row I/O      ;                 ; no       ; On           ;
; W28      ;            ;                ; GND                             ; gnd    ;              ;                     ; --           ;                 ; --       ; --           ;
; W29      ; 279        ; 6B             ; RESERVED_INPUT_WITH_WEAK_PULLUP ;        ;              ;                     ; Row I/O      ;                 ; no       ; On           ;
; W30      ; 277        ; 6B             ; RESERVED_INPUT_WITH_WEAK_PULLUP ;        ;              ;                     ; Row I/O      ;                 ; no       ; On           ;
; Y1       ;            ;                ; GND                             ; gnd    ;              ;                     ; --           ;                 ; --       ; --           ;
; Y2       ;            ;                ; GND                             ; gnd    ;              ;                     ; --           ;                 ; --       ; --           ;
; Y3       ; 28         ; B0L            ; GXB_NC                          ;        ;              ;                     ; --           ;                 ; --       ; --           ;
; Y4       ; 29         ; B0L            ; GXB_NC                          ;        ;              ;                     ; --           ;                 ; --       ; --           ;
; Y5       ;            ;                ; GND                             ; gnd    ;              ;                     ; --           ;                 ; --       ; --           ;
; Y6       ;            ; --             ; VCCE_GXBL                       ; power  ;              ; 1.1V                ; --           ;                 ; --       ; --           ;
; Y7       ;            ;                ; GND                             ; gnd    ;              ;                     ; --           ;                 ; --       ; --           ;
; Y8       ;            ;                ; GND                             ; gnd    ;              ;                     ; --           ;                 ; --       ; --           ;
; Y9       ;            ; --             ; VCC                             ; power  ;              ; 1.1V                ; --           ;                 ; --       ; --           ;
; Y10      ;            ;                ; GND                             ; gnd    ;              ;                     ; --           ;                 ; --       ; --           ;
; Y11      ;            ; --             ; VCC                             ; power  ;              ; 1.1V                ; --           ;                 ; --       ; --           ;
; Y12      ;            ;                ; GND                             ; gnd    ;              ;                     ; --           ;                 ; --       ; --           ;
; Y13      ;            ; --             ; VCC                             ; power  ;              ; 1.1V                ; --           ;                 ; --       ; --           ;
; Y14      ;            ;                ; GND                             ; gnd    ;              ;                     ; --           ;                 ; --       ; --           ;
; Y15      ;            ;                ; GND                             ; gnd    ;              ;                     ; --           ;                 ; --       ; --           ;
; Y16      ; 128        ; 3B             ; RESERVED_INPUT_WITH_WEAK_PULLUP ;        ;              ;                     ; Column I/O   ;                 ; no       ; On           ;
; Y17      ; 170        ; 4A             ; RESERVED_INPUT_WITH_WEAK_PULLUP ;        ;              ;                     ; Column I/O   ;                 ; no       ; On           ;
; Y18      ; 178        ; 4A             ; RESERVED_INPUT_WITH_WEAK_PULLUP ;        ;              ;                     ; Column I/O   ;                 ; no       ; On           ;
; Y19      ; 202        ; 4A             ; RESERVED_INPUT_WITH_WEAK_PULLUP ;        ;              ;                     ; Column I/O   ;                 ; no       ; On           ;
; Y20      ;            ;                ; GND                             ; gnd    ;              ;                     ; --           ;                 ; --       ; --           ;
; Y21      ; 219        ; 5A             ; RESERVED_INPUT_WITH_WEAK_PULLUP ;        ;              ;                     ; Row I/O      ;                 ; no       ; On           ;
; Y22      ;            ; --             ; VCCA_FPLL                       ; power  ;              ; 2.5V                ; --           ;                 ; --       ; --           ;
; Y23      ; 232        ; 5A             ; RESERVED_INPUT_WITH_WEAK_PULLUP ;        ;              ;                     ; Row I/O      ;                 ; no       ; On           ;
; Y24      ; 234        ; 5A             ; RESERVED_INPUT_WITH_WEAK_PULLUP ;        ;              ;                     ; Row I/O      ;                 ; no       ; On           ;
; Y25      ;            ;                ; GND                             ; gnd    ;              ;                     ; --           ;                 ; --       ; --           ;
; Y26      ; 256        ; 5B             ; RESERVED_INPUT_WITH_WEAK_PULLUP ;        ;              ;                     ; Row I/O      ;                 ; no       ; On           ;
; Y27      ; 258        ; 5B             ; asci_or_hexa_tx                 ; input  ; 2.5 V        ;                     ; Row I/O      ; Y               ; no       ; Off          ;
; Y28      ; 269        ; 6B             ; RESERVED_INPUT_WITH_WEAK_PULLUP ;        ;              ;                     ; Row I/O      ;                 ; no       ; On           ;
; Y29      ; 263        ; 6B             ; RESERVED_INPUT_WITH_WEAK_PULLUP ;        ;              ;                     ; Row I/O      ;                 ; no       ; On           ;
; Y30      ;            ;                ; GND                             ; gnd    ;              ;                     ; --           ;                 ; --       ; --           ;
+----------+------------+----------------+---------------------------------+--------+--------------+---------------------+--------------+-----------------+----------+--------------+
Note: Pin directions (input, output or bidir) are based on device operating in user mode.


+-------------------------------------------------+
; I/O Assignment Warnings                         ;
+-----------------+-------------------------------+
; Pin Name        ; Reason                        ;
+-----------------+-------------------------------+
; tx              ; Incomplete set of assignments ;
; seg_a           ; Incomplete set of assignments ;
; seg_b           ; Incomplete set of assignments ;
; seg_c           ; Incomplete set of assignments ;
; seg_d           ; Incomplete set of assignments ;
; seg_e           ; Incomplete set of assignments ;
; seg_f           ; Incomplete set of assignments ;
; seg_g           ; Incomplete set of assignments ;
; tx_seg_a        ; Incomplete set of assignments ;
; tx_seg_b        ; Incomplete set of assignments ;
; tx_seg_c        ; Incomplete set of assignments ;
; tx_seg_d        ; Incomplete set of assignments ;
; tx_seg_e        ; Incomplete set of assignments ;
; tx_seg_f        ; Incomplete set of assignments ;
; tx_seg_g        ; Incomplete set of assignments ;
; asci_or_hexa_rx ; Incomplete set of assignments ;
; asci_or_hexa_tx ; Incomplete set of assignments ;
; clk_in          ; Incomplete set of assignments ;
; rst             ; Incomplete set of assignments ;
; rx              ; Incomplete set of assignments ;
+-----------------+-------------------------------+


+------------------------------------------------------------------------------------------------------------------------------------------------------------------------+
; PLL Usage Summary                                                                                                                                                      ;
+-------------------------------------------------------------------------------------------------------------------------------------------+----------------------------+
;                                                                                                                                           ;                            ;
+-------------------------------------------------------------------------------------------------------------------------------------------+----------------------------+
; risv_mike_pll:i_risv_mike_pll|risv_mike_pll_0002:risv_mike_pll_inst|altera_pll:altera_pll_i|general[0].gpll~FRACTIONAL_PLL                ;                            ;
;     -- PLL Type                                                                                                                           ; Integer PLL                ;
;     -- PLL Location                                                                                                                       ; FRACTIONALPLL_X0_Y15_N0    ;
;     -- PLL Feedback clock type                                                                                                            ; none                       ;
;     -- PLL Bandwidth                                                                                                                      ; Auto                       ;
;         -- PLL Bandwidth Range                                                                                                            ; 2100000 to 1400000 Hz      ;
;     -- Reference Clock Frequency                                                                                                          ; 50.0 MHz                   ;
;     -- Reference Clock Sourced by                                                                                                         ; Dedicated Pin              ;
;     -- PLL VCO Frequency                                                                                                                  ; 300.0 MHz                  ;
;     -- PLL Operation Mode                                                                                                                 ; Direct                     ;
;     -- PLL Freq Min Lock                                                                                                                  ; 50.000000 MHz              ;
;     -- PLL Freq Max Lock                                                                                                                  ; 133.333333 MHz             ;
;     -- PLL Enable                                                                                                                         ; On                         ;
;     -- PLL Fractional Division                                                                                                            ; N/A                        ;
;     -- M Counter                                                                                                                          ; 12                         ;
;     -- N Counter                                                                                                                          ; 2                          ;
;     -- PLL Refclk Select                                                                                                                  ;                            ;
;             -- PLL Refclk Select Location                                                                                                 ; PLLREFCLKSELECT_X0_Y21_N0  ;
;             -- PLL Reference Clock Input 0 source                                                                                         ; clk_0                      ;
;             -- PLL Reference Clock Input 1 source                                                                                         ; ref_clk1                   ;
;             -- ADJPLLIN source                                                                                                            ; N/A                        ;
;             -- CORECLKIN source                                                                                                           ; N/A                        ;
;             -- IQTXRXCLKIN source                                                                                                         ; N/A                        ;
;             -- PLLIQCLKIN source                                                                                                          ; N/A                        ;
;             -- RXIQCLKIN source                                                                                                           ; N/A                        ;
;             -- CLKIN(0) source                                                                                                            ; clk_in~input               ;
;             -- CLKIN(1) source                                                                                                            ; N/A                        ;
;             -- CLKIN(2) source                                                                                                            ; N/A                        ;
;             -- CLKIN(3) source                                                                                                            ; N/A                        ;
;     -- PLL Output Counter                                                                                                                 ;                            ;
;         -- risv_mike_pll:i_risv_mike_pll|risv_mike_pll_0002:risv_mike_pll_inst|altera_pll:altera_pll_i|general[0].gpll~PLL_OUTPUT_COUNTER ;                            ;
;             -- Output Clock Frequency                                                                                                     ; 1.25 MHz                   ;
;             -- Output Clock Location                                                                                                      ; PLLOUTPUTCOUNTER_X0_Y20_N1 ;
;             -- C Counter Odd Divider Even Duty Enable                                                                                     ; Off                        ;
;             -- Duty Cycle                                                                                                                 ; 50.0000                    ;
;             -- Phase Shift                                                                                                                ; 0.000000 degrees           ;
;             -- C Counter                                                                                                                  ; 240                        ;
;             -- C Counter PH Mux PRST                                                                                                      ; 0                          ;
;             -- C Counter PRST                                                                                                             ; 1                          ;
;                                                                                                                                           ;                            ;
+-------------------------------------------------------------------------------------------------------------------------------------------+----------------------------+


+------------------------------------------------------------------------------------------------------------------------------------------------------------------------------------------------------------------------------------------------------------------------------------------------------------------------------------------------------------------------------------------------------------------------------------------------------------------------------------------------------------------------------------------------------------------------+
; Fitter Resource Utilization by Entity                                                                                                                                                                                                                                                                                                                                                                                                                                                                                                                                  ;
+----------------------------------------------------------------------+----------------------+----------------------------------+---------------------------------------------------+----------------------------------+----------------------+---------------------+---------------------------+---------------+-------------------+-------+------------+------+--------------+---------------------------------------------------------------------------------------------------------------------------------------+--------------------------------+---------------+
; Compilation Hierarchy Node                                           ; ALMs needed [=A-B+C] ; [A] ALMs used in final placement ; [B] Estimate of ALMs recoverable by dense packing ; [C] Estimate of ALMs unavailable ; ALMs used for memory ; Combinational ALUTs ; Dedicated Logic Registers ; I/O Registers ; Block Memory Bits ; M10Ks ; DSP Blocks ; Pins ; Virtual Pins ; Full Hierarchy Name                                                                                                                   ; Entity Name                    ; Library Name  ;
+----------------------------------------------------------------------+----------------------+----------------------------------+---------------------------------------------------+----------------------------------+----------------------+---------------------+---------------------------+---------------+-------------------+-------+------------+------+--------------+---------------------------------------------------------------------------------------------------------------------------------------+--------------------------------+---------------+
; |risc_v_mike_top                                                     ; 9849.5 (4358.3)      ; 12386.1 (4561.8)                 ; 2588.6 (219.4)                                    ; 52.0 (15.9)                      ; 0.0 (0.0)            ; 8252 (6674)         ; 18116 (532)               ; 0 (0)         ; 28672             ; 3     ; 0          ; 20   ; 0            ; |risc_v_mike_top                                                                                                                      ; risc_v_mike_top                ; work          ;
;    |UART_UNCORE:i_UART_UNCORE|                                       ; 115.3 (0.0)          ; 120.7 (0.0)                      ; 5.3 (0.0)                                         ; 0.0 (0.0)                        ; 0.0 (0.0)            ; 183 (0)             ; 94 (0)                    ; 0 (0)         ; 0                 ; 0     ; 0          ; 0    ; 0            ; |risc_v_mike_top|UART_UNCORE:i_UART_UNCORE                                                                                            ; UART_UNCORE                    ; work          ;
;       |UART_MIKE:i_top_UART_MIKE|                                    ; 101.5 (11.0)         ; 106.6 (11.9)                     ; 5.1 (0.9)                                         ; 0.0 (0.0)                        ; 0.0 (0.0)            ; 162 (20)            ; 69 (13)                   ; 0 (0)         ; 0                 ; 0     ; 0          ; 0    ; 0            ; |risc_v_mike_top|UART_UNCORE:i_UART_UNCORE|UART_MIKE:i_top_UART_MIKE                                                                  ; UART_MIKE                      ; work          ;
;          |ascii_dec_to_7_seg:RX_ascii_dec_to_7_seg|                  ; 23.5 (23.5)          ; 23.7 (23.7)                      ; 0.2 (0.2)                                         ; 0.0 (0.0)                        ; 0.0 (0.0)            ; 39 (39)             ; 0 (0)                     ; 0 (0)         ; 0                 ; 0     ; 0          ; 0    ; 0            ; |risc_v_mike_top|UART_UNCORE:i_UART_UNCORE|UART_MIKE:i_top_UART_MIKE|ascii_dec_to_7_seg:RX_ascii_dec_to_7_seg                         ; ascii_dec_to_7_seg             ; work          ;
;          |ascii_dec_to_7_seg:TX_ascii_dec_to_7_seg|                  ; 26.8 (26.8)          ; 26.8 (26.8)                      ; 0.0 (0.0)                                         ; 0.0 (0.0)                        ; 0.0 (0.0)            ; 39 (39)             ; 0 (0)                     ; 0 (0)         ; 0                 ; 0     ; 0          ; 0    ; 0            ; |risc_v_mike_top|UART_UNCORE:i_UART_UNCORE|UART_MIKE:i_top_UART_MIKE|ascii_dec_to_7_seg:TX_ascii_dec_to_7_seg                         ; ascii_dec_to_7_seg             ; work          ;
;          |counter:rx_clk_counter|                                    ; 8.0 (8.0)            ; 8.0 (8.0)                        ; 0.0 (0.0)                                         ; 0.0 (0.0)                        ; 0.0 (0.0)            ; 13 (13)             ; 8 (8)                     ; 0 (0)         ; 0                 ; 0     ; 0          ; 0    ; 0            ; |risc_v_mike_top|UART_UNCORE:i_UART_UNCORE|UART_MIKE:i_top_UART_MIKE|counter:rx_clk_counter                                           ; counter                        ; work          ;
;          |counter:rx_counter|                                        ; 5.0 (5.0)            ; 5.0 (5.0)                        ; 0.0 (0.0)                                         ; 0.0 (0.0)                        ; 0.0 (0.0)            ; 8 (8)               ; 4 (4)                     ; 0 (0)         ; 0                 ; 0     ; 0          ; 0    ; 0            ; |risc_v_mike_top|UART_UNCORE:i_UART_UNCORE|UART_MIKE:i_top_UART_MIKE|counter:rx_counter                                               ; counter                        ; work          ;
;          |counter:rx_counter_shift_en|                               ; 8.0 (8.0)            ; 8.0 (8.0)                        ; 0.0 (0.0)                                         ; 0.0 (0.0)                        ; 0.0 (0.0)            ; 13 (13)             ; 8 (8)                     ; 0 (0)         ; 0                 ; 0     ; 0          ; 0    ; 0            ; |risc_v_mike_top|UART_UNCORE:i_UART_UNCORE|UART_MIKE:i_top_UART_MIKE|counter:rx_counter_shift_en                                      ; counter                        ; work          ;
;          |counter:tx_clk_counter|                                    ; 7.0 (7.0)            ; 7.0 (7.0)                        ; 0.0 (0.0)                                         ; 0.0 (0.0)                        ; 0.0 (0.0)            ; 13 (13)             ; 8 (8)                     ; 0 (0)         ; 0                 ; 0     ; 0          ; 0    ; 0            ; |risc_v_mike_top|UART_UNCORE:i_UART_UNCORE|UART_MIKE:i_top_UART_MIKE|counter:tx_clk_counter                                           ; counter                        ; work          ;
;          |counter:tx_counter|                                        ; 3.4 (3.4)            ; 3.4 (3.4)                        ; 0.0 (0.0)                                         ; 0.0 (0.0)                        ; 0.0 (0.0)            ; 7 (7)               ; 4 (4)                     ; 0 (0)         ; 0                 ; 0     ; 0          ; 0    ; 0            ; |risc_v_mike_top|UART_UNCORE:i_UART_UNCORE|UART_MIKE:i_top_UART_MIKE|counter:tx_counter                                               ; counter                        ; work          ;
;          |rx_shifter:rx_shifter|                                     ; 3.3 (3.3)            ; 8.3 (8.3)                        ; 5.0 (5.0)                                         ; 0.0 (0.0)                        ; 0.0 (0.0)            ; 2 (2)               ; 19 (19)                   ; 0 (0)         ; 0                 ; 0     ; 0          ; 0    ; 0            ; |risc_v_mike_top|UART_UNCORE:i_UART_UNCORE|UART_MIKE:i_top_UART_MIKE|rx_shifter:rx_shifter                                            ; rx_shifter                     ; work          ;
;          |tx_shifter:tx_shifter|                                     ; 4.3 (4.3)            ; 4.5 (4.5)                        ; 0.2 (0.2)                                         ; 0.0 (0.0)                        ; 0.0 (0.0)            ; 8 (8)               ; 5 (5)                     ; 0 (0)         ; 0                 ; 0     ; 0          ; 0    ; 0            ; |risc_v_mike_top|UART_UNCORE:i_UART_UNCORE|UART_MIKE:i_top_UART_MIKE|tx_shifter:tx_shifter                                            ; tx_shifter                     ; work          ;
;       |risc_v_mike_gpio_module:i_risc_v_mike_gpio_module|            ; 13.8 (13.8)          ; 14.1 (14.1)                      ; 0.3 (0.3)                                         ; 0.0 (0.0)                        ; 0.0 (0.0)            ; 21 (21)             ; 25 (25)                   ; 0 (0)         ; 0                 ; 0     ; 0          ; 0    ; 0            ; |risc_v_mike_top|UART_UNCORE:i_UART_UNCORE|risc_v_mike_gpio_module:i_risc_v_mike_gpio_module                                          ; risc_v_mike_gpio_module        ; work          ;
;    |risc_v_data_fwd:i_risc_v_data_fwd|                               ; 91.5 (91.5)          ; 108.1 (108.1)                    ; 17.5 (17.5)                                       ; 0.9 (0.9)                        ; 0.0 (0.0)            ; 152 (152)           ; 76 (76)                   ; 0 (0)         ; 0                 ; 0     ; 0          ; 0    ; 0            ; |risc_v_mike_top|risc_v_data_fwd:i_risc_v_data_fwd                                                                                    ; risc_v_data_fwd                ; work          ;
;    |risc_v_mem_ctrl:i_risc_v_mem_ctrl|                               ; 57.7 (57.7)          ; 58.3 (58.3)                      ; 0.7 (0.7)                                         ; 0.0 (0.0)                        ; 0.0 (0.0)            ; 111 (111)           ; 0 (0)                     ; 0 (0)         ; 0                 ; 0     ; 0          ; 0    ; 0            ; |risc_v_mike_top|risc_v_mem_ctrl:i_risc_v_mem_ctrl                                                                                    ; risc_v_mem_ctrl                ; work          ;
;    |risc_v_mike_alu:i_risc_v_mike_alu|                               ; 263.0 (263.0)        ; 276.5 (276.5)                    ; 13.8 (13.8)                                       ; 0.3 (0.3)                        ; 0.0 (0.0)            ; 401 (401)           ; 0 (0)                     ; 0 (0)         ; 0                 ; 0     ; 0          ; 0    ; 0            ; |risc_v_mike_top|risc_v_mike_alu:i_risc_v_mike_alu                                                                                    ; risc_v_mike_alu                ; work          ;
;    |risc_v_mike_clk_divider:i_risc_v_mike_clk_divider|               ; 0.7 (0.7)            ; 1.3 (1.3)                        ; 0.7 (0.7)                                         ; 0.0 (0.0)                        ; 0.0 (0.0)            ; 1 (1)               ; 3 (3)                     ; 0 (0)         ; 0                 ; 0     ; 0          ; 0    ; 0            ; |risc_v_mike_top|risc_v_mike_clk_divider:i_risc_v_mike_clk_divider                                                                    ; risc_v_mike_clk_divider        ; work          ;
;    |risc_v_mike_ctrl:i_risc_v_mike_ctrl|                             ; 38.6 (38.6)          ; 41.6 (41.6)                      ; 3.0 (3.0)                                         ; 0.0 (0.0)                        ; 0.0 (0.0)            ; 58 (58)             ; 30 (30)                   ; 0 (0)         ; 0                 ; 0     ; 0          ; 0    ; 0            ; |risc_v_mike_top|risc_v_mike_ctrl:i_risc_v_mike_ctrl                                                                                  ; risc_v_mike_ctrl               ; work          ;
;    |risc_v_mike_data_memory:i_risc_v_mike_data_memory|               ; 4627.4 (4627.4)      ; 6849.6 (6849.6)                  ; 2256.7 (2256.7)                                   ; 34.5 (34.5)                      ; 0.0 (0.0)            ; 629 (629)           ; 16384 (16384)             ; 0 (0)         ; 0                 ; 0     ; 0          ; 0    ; 0            ; |risc_v_mike_top|risc_v_mike_data_memory:i_risc_v_mike_data_memory                                                                    ; risc_v_mike_data_memory        ; work          ;
;    |risc_v_mike_instruction_memory:i_risc_v_mike_instruction_memory| ; 1.3 (1.3)            ; 1.8 (1.8)                        ; 0.4 (0.4)                                         ; 0.0 (0.0)                        ; 0.0 (0.0)            ; 3 (3)               ; 0 (0)                     ; 0 (0)         ; 28672             ; 3     ; 0          ; 0    ; 0            ; |risc_v_mike_top|risc_v_mike_instruction_memory:i_risc_v_mike_instruction_memory                                                      ; risc_v_mike_instruction_memory ; work          ;
;       |altsyncram:Mux0_rtl_0|                                        ; 0.0 (0.0)            ; 0.0 (0.0)                        ; 0.0 (0.0)                                         ; 0.0 (0.0)                        ; 0.0 (0.0)            ; 0 (0)               ; 0 (0)                     ; 0 (0)         ; 28672             ; 3     ; 0          ; 0    ; 0            ; |risc_v_mike_top|risc_v_mike_instruction_memory:i_risc_v_mike_instruction_memory|altsyncram:Mux0_rtl_0                                ; altsyncram                     ; work          ;
;          |altsyncram_1u71:auto_generated|                            ; 0.0 (0.0)            ; 0.0 (0.0)                        ; 0.0 (0.0)                                         ; 0.0 (0.0)                        ; 0.0 (0.0)            ; 0 (0)               ; 0 (0)                     ; 0 (0)         ; 28672             ; 3     ; 0          ; 0    ; 0            ; |risc_v_mike_top|risc_v_mike_instruction_memory:i_risc_v_mike_instruction_memory|altsyncram:Mux0_rtl_0|altsyncram_1u71:auto_generated ; altsyncram_1u71                ; work          ;
;    |risc_v_mike_reg_file:i_risc_v_mike_reg_file|                     ; 294.0 (294.0)        ; 365.0 (365.0)                    ; 71.5 (71.5)                                       ; 0.5 (0.5)                        ; 0.0 (0.0)            ; 35 (35)             ; 997 (997)                 ; 0 (0)         ; 0                 ; 0     ; 0          ; 0    ; 0            ; |risc_v_mike_top|risc_v_mike_reg_file:i_risc_v_mike_reg_file                                                                          ; risc_v_mike_reg_file           ; work          ;
;    |risc_v_mike_sign_extend:i_risc_v_mike_sign_extend|               ; 1.4 (1.4)            ; 1.4 (1.4)                        ; 0.0 (0.0)                                         ; 0.0 (0.0)                        ; 0.0 (0.0)            ; 5 (5)               ; 0 (0)                     ; 0 (0)         ; 0                 ; 0     ; 0          ; 0    ; 0            ; |risc_v_mike_top|risc_v_mike_sign_extend:i_risc_v_mike_sign_extend                                                                    ; risc_v_mike_sign_extend        ; work          ;
;    |risv_mike_pll:i_risv_mike_pll|                                   ; 0.0 (0.0)            ; 0.0 (0.0)                        ; 0.0 (0.0)                                         ; 0.0 (0.0)                        ; 0.0 (0.0)            ; 0 (0)               ; 0 (0)                     ; 0 (0)         ; 0                 ; 0     ; 0          ; 0    ; 0            ; |risc_v_mike_top|risv_mike_pll:i_risv_mike_pll                                                                                        ; risv_mike_pll                  ; risv_mike_pll ;
;       |risv_mike_pll_0002:risv_mike_pll_inst|                        ; 0.0 (0.0)            ; 0.0 (0.0)                        ; 0.0 (0.0)                                         ; 0.0 (0.0)                        ; 0.0 (0.0)            ; 0 (0)               ; 0 (0)                     ; 0 (0)         ; 0                 ; 0     ; 0          ; 0    ; 0            ; |risc_v_mike_top|risv_mike_pll:i_risv_mike_pll|risv_mike_pll_0002:risv_mike_pll_inst                                                  ; risv_mike_pll_0002             ; risv_mike_pll ;
;          |altera_pll:altera_pll_i|                                   ; 0.0 (0.0)            ; 0.0 (0.0)                        ; 0.0 (0.0)                                         ; 0.0 (0.0)                        ; 0.0 (0.0)            ; 0 (0)               ; 0 (0)                     ; 0 (0)         ; 0                 ; 0     ; 0          ; 0    ; 0            ; |risc_v_mike_top|risv_mike_pll:i_risv_mike_pll|risv_mike_pll_0002:risv_mike_pll_inst|altera_pll:altera_pll_i                          ; altera_pll                     ; work          ;
+----------------------------------------------------------------------+----------------------+----------------------------------+---------------------------------------------------+----------------------------------+----------------------+---------------------+---------------------------+---------------+-------------------+-------+------------+------+--------------+---------------------------------------------------------------------------------------------------------------------------------------+--------------------------------+---------------+
Note: For table entries with two numbers listed, the numbers in parentheses indicate the number of resources of the given type used by the specific entity alone. The numbers listed outside of parentheses indicate the total resources of the given type used by the specific entity and all of its sub-entities in the hierarchy.


+--------------------------------------------------------------------------------------------------------------------------------+
; Delay Chain Summary                                                                                                            ;
+-----------------+----------+----+------+------+----+------+-------+--------+------------------------+--------------------------+
; Name            ; Pin Type ; D1 ; D3_0 ; D3_1 ; D4 ; D5   ; D5 OE ; D5 OCT ; T11 (Postamble Gating) ; T11 (Postamble Ungating) ;
+-----------------+----------+----+------+------+----+------+-------+--------+------------------------+--------------------------+
; tx              ; Output   ; -- ; --   ; --   ; -- ; (0)  ; (31)  ; --     ; --                     ; --                       ;
; seg_a           ; Output   ; -- ; --   ; --   ; -- ; (0)  ; (31)  ; --     ; --                     ; --                       ;
; seg_b           ; Output   ; -- ; --   ; --   ; -- ; (0)  ; (31)  ; --     ; --                     ; --                       ;
; seg_c           ; Output   ; -- ; --   ; --   ; -- ; (0)  ; (31)  ; --     ; --                     ; --                       ;
; seg_d           ; Output   ; -- ; --   ; --   ; -- ; (0)  ; (31)  ; --     ; --                     ; --                       ;
; seg_e           ; Output   ; -- ; --   ; --   ; -- ; (0)  ; (31)  ; --     ; --                     ; --                       ;
; seg_f           ; Output   ; -- ; --   ; --   ; -- ; (0)  ; (31)  ; --     ; --                     ; --                       ;
; seg_g           ; Output   ; -- ; --   ; --   ; -- ; (0)  ; (31)  ; --     ; --                     ; --                       ;
; tx_seg_a        ; Output   ; -- ; --   ; --   ; -- ; (0)  ; (31)  ; --     ; --                     ; --                       ;
; tx_seg_b        ; Output   ; -- ; --   ; --   ; -- ; (0)  ; (31)  ; --     ; --                     ; --                       ;
; tx_seg_c        ; Output   ; -- ; --   ; --   ; -- ; (0)  ; (31)  ; --     ; --                     ; --                       ;
; tx_seg_d        ; Output   ; -- ; --   ; --   ; -- ; (0)  ; (31)  ; --     ; --                     ; --                       ;
; tx_seg_e        ; Output   ; -- ; --   ; --   ; -- ; (0)  ; (31)  ; --     ; --                     ; --                       ;
; tx_seg_f        ; Output   ; -- ; --   ; --   ; -- ; (0)  ; (31)  ; --     ; --                     ; --                       ;
; tx_seg_g        ; Output   ; -- ; --   ; --   ; -- ; (0)  ; (31)  ; --     ; --                     ; --                       ;
; asci_or_hexa_rx ; Input    ; -- ; (0)  ; --   ; -- ; --   ; --    ; --     ; --                     ; --                       ;
; asci_or_hexa_tx ; Input    ; -- ; (0)  ; --   ; -- ; --   ; --    ; --     ; --                     ; --                       ;
; clk_in          ; Input    ; -- ; (0)  ; --   ; -- ; --   ; --    ; --     ; --                     ; --                       ;
; rst             ; Input    ; -- ; (0)  ; --   ; -- ; --   ; --    ; --     ; --                     ; --                       ;
; rx              ; Input    ; -- ; --   ; (0)  ; -- ; --   ; --    ; --     ; --                     ; --                       ;
+-----------------+----------+----+------+------+----+------+-------+--------+------------------------+--------------------------+


+----------------------------------------------------------------------------------------------------------------------------------------------+
; Pad To Core Delay Chain Fanout                                                                                                               ;
+----------------------------------------------------------------------------------------------------------------+-------------------+---------+
; Source Pin / Fanout                                                                                            ; Pad To Core Index ; Setting ;
+----------------------------------------------------------------------------------------------------------------+-------------------+---------+
; asci_or_hexa_rx                                                                                                ;                   ;         ;
;      - UART_UNCORE:i_UART_UNCORE|UART_MIKE:i_top_UART_MIKE|ascii_dec_to_7_seg:RX_ascii_dec_to_7_seg|seg_a~1    ; 0                 ; 0       ;
;      - UART_UNCORE:i_UART_UNCORE|UART_MIKE:i_top_UART_MIKE|ascii_dec_to_7_seg:RX_ascii_dec_to_7_seg|seg_a~4    ; 0                 ; 0       ;
;      - UART_UNCORE:i_UART_UNCORE|UART_MIKE:i_top_UART_MIKE|ascii_dec_to_7_seg:RX_ascii_dec_to_7_seg|seg_a~5    ; 0                 ; 0       ;
;      - UART_UNCORE:i_UART_UNCORE|UART_MIKE:i_top_UART_MIKE|ascii_dec_to_7_seg:RX_ascii_dec_to_7_seg|seg_b~1    ; 0                 ; 0       ;
;      - UART_UNCORE:i_UART_UNCORE|UART_MIKE:i_top_UART_MIKE|ascii_dec_to_7_seg:RX_ascii_dec_to_7_seg|seg_c~0    ; 0                 ; 0       ;
;      - UART_UNCORE:i_UART_UNCORE|UART_MIKE:i_top_UART_MIKE|ascii_dec_to_7_seg:RX_ascii_dec_to_7_seg|WideOr10~3 ; 0                 ; 0       ;
;      - UART_UNCORE:i_UART_UNCORE|UART_MIKE:i_top_UART_MIKE|ascii_dec_to_7_seg:RX_ascii_dec_to_7_seg|WideOr10~4 ; 0                 ; 0       ;
;      - UART_UNCORE:i_UART_UNCORE|UART_MIKE:i_top_UART_MIKE|ascii_dec_to_7_seg:RX_ascii_dec_to_7_seg|seg_e~0    ; 0                 ; 0       ;
;      - UART_UNCORE:i_UART_UNCORE|UART_MIKE:i_top_UART_MIKE|ascii_dec_to_7_seg:RX_ascii_dec_to_7_seg|seg_f~0    ; 0                 ; 0       ;
;      - UART_UNCORE:i_UART_UNCORE|UART_MIKE:i_top_UART_MIKE|ascii_dec_to_7_seg:RX_ascii_dec_to_7_seg|seg_g~0    ; 0                 ; 0       ;
; asci_or_hexa_tx                                                                                                ;                   ;         ;
;      - UART_UNCORE:i_UART_UNCORE|UART_MIKE:i_top_UART_MIKE|ascii_dec_to_7_seg:TX_ascii_dec_to_7_seg|seg_a~1    ; 0                 ; 0       ;
;      - UART_UNCORE:i_UART_UNCORE|UART_MIKE:i_top_UART_MIKE|ascii_dec_to_7_seg:TX_ascii_dec_to_7_seg|seg_a~2    ; 0                 ; 0       ;
;      - UART_UNCORE:i_UART_UNCORE|UART_MIKE:i_top_UART_MIKE|ascii_dec_to_7_seg:TX_ascii_dec_to_7_seg|seg_a~3    ; 0                 ; 0       ;
;      - UART_UNCORE:i_UART_UNCORE|UART_MIKE:i_top_UART_MIKE|ascii_dec_to_7_seg:TX_ascii_dec_to_7_seg|seg_b~1    ; 0                 ; 0       ;
;      - UART_UNCORE:i_UART_UNCORE|UART_MIKE:i_top_UART_MIKE|ascii_dec_to_7_seg:TX_ascii_dec_to_7_seg|seg_c~0    ; 0                 ; 0       ;
;      - UART_UNCORE:i_UART_UNCORE|UART_MIKE:i_top_UART_MIKE|ascii_dec_to_7_seg:TX_ascii_dec_to_7_seg|WideOr10~3 ; 0                 ; 0       ;
;      - UART_UNCORE:i_UART_UNCORE|UART_MIKE:i_top_UART_MIKE|ascii_dec_to_7_seg:TX_ascii_dec_to_7_seg|WideOr10~4 ; 0                 ; 0       ;
;      - UART_UNCORE:i_UART_UNCORE|UART_MIKE:i_top_UART_MIKE|ascii_dec_to_7_seg:TX_ascii_dec_to_7_seg|seg_e~0    ; 0                 ; 0       ;
;      - UART_UNCORE:i_UART_UNCORE|UART_MIKE:i_top_UART_MIKE|ascii_dec_to_7_seg:TX_ascii_dec_to_7_seg|seg_f~0    ; 0                 ; 0       ;
;      - UART_UNCORE:i_UART_UNCORE|UART_MIKE:i_top_UART_MIKE|ascii_dec_to_7_seg:TX_ascii_dec_to_7_seg|seg_g~0    ; 0                 ; 0       ;
; clk_in                                                                                                         ;                   ;         ;
; rst                                                                                                            ;                   ;         ;
;      - risc_v_mike_clk_divider:i_risc_v_mike_clk_divider|rst_tmp2                                              ; 0                 ; 0       ;
;      - risc_v_mike_clk_divider:i_risc_v_mike_clk_divider|rst_out                                               ; 0                 ; 0       ;
;      - risc_v_mike_clk_divider:i_risc_v_mike_clk_divider|rst_tmp                                               ; 0                 ; 0       ;
; rx                                                                                                             ;                   ;         ;
;      - UART_UNCORE:i_UART_UNCORE|UART_MIKE:i_top_UART_MIKE|rx_ff                                               ; 1                 ; 0       ;
;      - UART_UNCORE:i_UART_UNCORE|UART_MIKE:i_top_UART_MIKE|rx_start                                            ; 1                 ; 0       ;
;      - UART_UNCORE:i_UART_UNCORE|UART_MIKE:i_top_UART_MIKE|rx_inprg~0                                          ; 1                 ; 0       ;
;      - UART_UNCORE:i_UART_UNCORE|UART_MIKE:i_top_UART_MIKE|rx_shifter:rx_shifter|rx_byte_buffer[0]~feeder      ; 1                 ; 0       ;
+----------------------------------------------------------------------------------------------------------------+-------------------+---------+


+------------------------------------------------------------------------------------------------------------------------------------------------------------------------------------------------------------------------------------------------------------+
; Control Signals                                                                                                                                                                                                                                            ;
+------------------------------------------------------------------------------------------------------------+----------------------------+---------+-------------------------+--------+----------------------+------------------+---------------------------+
; Name                                                                                                       ; Location                   ; Fan-Out ; Usage                   ; Global ; Global Resource Used ; Global Line Name ; Enable Signal Source Name ;
+------------------------------------------------------------------------------------------------------------+----------------------------+---------+-------------------------+--------+----------------------+------------------+---------------------------+
; UART_UNCORE:i_UART_UNCORE|UART_MIKE:i_top_UART_MIKE|counter:rx_clk_counter|count_ff[7]~0                   ; LABCELL_X74_Y4_N54         ; 8       ; Sync. clear             ; no     ; --                   ; --               ; --                        ;
; UART_UNCORE:i_UART_UNCORE|UART_MIKE:i_top_UART_MIKE|counter:rx_clk_counter|count_ff[7]~1                   ; MLABCELL_X72_Y4_N24        ; 8       ; Clock enable            ; no     ; --                   ; --               ; --                        ;
; UART_UNCORE:i_UART_UNCORE|UART_MIKE:i_top_UART_MIKE|counter:rx_counter_shift_en|count_ff[5]~0              ; LABCELL_X75_Y4_N42         ; 8       ; Sync. clear             ; no     ; --                   ; --               ; --                        ;
; UART_UNCORE:i_UART_UNCORE|UART_MIKE:i_top_UART_MIKE|counter:rx_counter_shift_en|count_ff[5]~1              ; LABCELL_X75_Y4_N48         ; 8       ; Clock enable            ; no     ; --                   ; --               ; --                        ;
; UART_UNCORE:i_UART_UNCORE|UART_MIKE:i_top_UART_MIKE|counter:rx_counter|count_ff[0]~1                       ; LABCELL_X75_Y4_N54         ; 4       ; Clock enable            ; no     ; --                   ; --               ; --                        ;
; UART_UNCORE:i_UART_UNCORE|UART_MIKE:i_top_UART_MIKE|counter:tx_clk_counter|count_ff[1]~0                   ; LABCELL_X74_Y3_N54         ; 8       ; Sync. clear             ; no     ; --                   ; --               ; --                        ;
; UART_UNCORE:i_UART_UNCORE|UART_MIKE:i_top_UART_MIKE|counter:tx_clk_counter|count_ff[1]~1                   ; LABCELL_X74_Y3_N51         ; 8       ; Clock enable            ; no     ; --                   ; --               ; --                        ;
; UART_UNCORE:i_UART_UNCORE|UART_MIKE:i_top_UART_MIKE|rx_shifter:rx_shifter|rx_byte_buffer[5]~0              ; LABCELL_X75_Y4_N36         ; 11      ; Clock enable            ; no     ; --                   ; --               ; --                        ;
; UART_UNCORE:i_UART_UNCORE|UART_MIKE:i_top_UART_MIKE|rx_shifter:rx_shifter|rx_byte_tmp.stop~0               ; LABCELL_X75_Y5_N30         ; 8       ; Clock enable            ; no     ; --                   ; --               ; --                        ;
; clk_in                                                                                                     ; PIN_AF14                   ; 3       ; Clock                   ; yes    ; Global Clock         ; GCLK4            ; --                        ;
; pc_addr_f[0]~30                                                                                            ; MLABCELL_X84_Y8_N57        ; 2       ; Clock enable            ; no     ; --                   ; --               ; --                        ;
; reg_file_rd_data_1_e[1]~14                                                                                 ; MLABCELL_X87_Y22_N0        ; 32      ; Sync. clear             ; no     ; --                   ; --               ; --                        ;
; reg_file_rd_data_2_e[28]~14                                                                                ; LABCELL_X85_Y18_N30        ; 32      ; Sync. clear             ; no     ; --                   ; --               ; --                        ;
; risc_v_mike_clk_divider:i_risc_v_mike_clk_divider|rst_out                                                  ; FF_X80_Y9_N41              ; 18470   ; Sync. clear, Sync. load ; no     ; --                   ; --               ; --                        ;
; risc_v_mike_data_memory:i_risc_v_mike_data_memory|data_mem_ff[0][25]~0                                     ; MLABCELL_X34_Y23_N0        ; 32      ; Clock enable            ; no     ; --                   ; --               ; --                        ;
; risc_v_mike_data_memory:i_risc_v_mike_data_memory|data_mem_ff[100][14]~82                                  ; MLABCELL_X34_Y12_N54       ; 32      ; Clock enable            ; no     ; --                   ; --               ; --                        ;
; risc_v_mike_data_memory:i_risc_v_mike_data_memory|data_mem_ff[101][0]~86                                   ; LABCELL_X35_Y8_N39         ; 32      ; Clock enable            ; no     ; --                   ; --               ; --                        ;
; risc_v_mike_data_memory:i_risc_v_mike_data_memory|data_mem_ff[102][10]~90                                  ; LABCELL_X35_Y9_N42         ; 32      ; Clock enable            ; no     ; --                   ; --               ; --                        ;
; risc_v_mike_data_memory:i_risc_v_mike_data_memory|data_mem_ff[103][9]~94                                   ; LABCELL_X35_Y9_N54         ; 32      ; Clock enable            ; no     ; --                   ; --               ; --                        ;
; risc_v_mike_data_memory:i_risc_v_mike_data_memory|data_mem_ff[104][24]~98                                  ; MLABCELL_X25_Y19_N3        ; 32      ; Clock enable            ; no     ; --                   ; --               ; --                        ;
; risc_v_mike_data_memory:i_risc_v_mike_data_memory|data_mem_ff[105][30]~102                                 ; MLABCELL_X25_Y19_N45       ; 32      ; Clock enable            ; no     ; --                   ; --               ; --                        ;
; risc_v_mike_data_memory:i_risc_v_mike_data_memory|data_mem_ff[106][28]~106                                 ; LABCELL_X27_Y19_N18        ; 32      ; Clock enable            ; no     ; --                   ; --               ; --                        ;
; risc_v_mike_data_memory:i_risc_v_mike_data_memory|data_mem_ff[107][0]~110                                  ; LABCELL_X27_Y19_N0         ; 32      ; Clock enable            ; no     ; --                   ; --               ; --                        ;
; risc_v_mike_data_memory:i_risc_v_mike_data_memory|data_mem_ff[108][0]~114                                  ; LABCELL_X23_Y7_N33         ; 32      ; Clock enable            ; no     ; --                   ; --               ; --                        ;
; risc_v_mike_data_memory:i_risc_v_mike_data_memory|data_mem_ff[109][21]~118                                 ; LABCELL_X35_Y8_N36         ; 32      ; Clock enable            ; no     ; --                   ; --               ; --                        ;
; risc_v_mike_data_memory:i_risc_v_mike_data_memory|data_mem_ff[10][28]~40                                   ; LABCELL_X29_Y23_N12        ; 32      ; Clock enable            ; no     ; --                   ; --               ; --                        ;
; risc_v_mike_data_memory:i_risc_v_mike_data_memory|data_mem_ff[110][19]~122                                 ; MLABCELL_X25_Y19_N12       ; 32      ; Clock enable            ; no     ; --                   ; --               ; --                        ;
; risc_v_mike_data_memory:i_risc_v_mike_data_memory|data_mem_ff[111][12]~126                                 ; MLABCELL_X25_Y19_N42       ; 32      ; Clock enable            ; no     ; --                   ; --               ; --                        ;
; risc_v_mike_data_memory:i_risc_v_mike_data_memory|data_mem_ff[112][11]~67                                  ; LABCELL_X31_Y6_N42         ; 32      ; Clock enable            ; no     ; --                   ; --               ; --                        ;
; risc_v_mike_data_memory:i_risc_v_mike_data_memory|data_mem_ff[113][0]~71                                   ; LABCELL_X24_Y7_N27         ; 32      ; Clock enable            ; no     ; --                   ; --               ; --                        ;
; risc_v_mike_data_memory:i_risc_v_mike_data_memory|data_mem_ff[114][16]~75                                  ; LABCELL_X31_Y6_N48         ; 32      ; Clock enable            ; no     ; --                   ; --               ; --                        ;
; risc_v_mike_data_memory:i_risc_v_mike_data_memory|data_mem_ff[115][25]~79                                  ; LABCELL_X35_Y6_N12         ; 32      ; Clock enable            ; no     ; --                   ; --               ; --                        ;
; risc_v_mike_data_memory:i_risc_v_mike_data_memory|data_mem_ff[116][10]~83                                  ; LABCELL_X31_Y6_N24         ; 32      ; Clock enable            ; no     ; --                   ; --               ; --                        ;
; risc_v_mike_data_memory:i_risc_v_mike_data_memory|data_mem_ff[117][0]~87                                   ; LABCELL_X29_Y6_N36         ; 32      ; Clock enable            ; no     ; --                   ; --               ; --                        ;
; risc_v_mike_data_memory:i_risc_v_mike_data_memory|data_mem_ff[118][0]~91                                   ; LABCELL_X23_Y10_N6         ; 32      ; Clock enable            ; no     ; --                   ; --               ; --                        ;
; risc_v_mike_data_memory:i_risc_v_mike_data_memory|data_mem_ff[119][16]~95                                  ; LABCELL_X35_Y6_N48         ; 32      ; Clock enable            ; no     ; --                   ; --               ; --                        ;
; risc_v_mike_data_memory:i_risc_v_mike_data_memory|data_mem_ff[11][21]~56                                   ; LABCELL_X37_Y24_N12        ; 32      ; Clock enable            ; no     ; --                   ; --               ; --                        ;
; risc_v_mike_data_memory:i_risc_v_mike_data_memory|data_mem_ff[120][8]~99                                   ; LABCELL_X23_Y23_N27        ; 32      ; Clock enable            ; no     ; --                   ; --               ; --                        ;
; risc_v_mike_data_memory:i_risc_v_mike_data_memory|data_mem_ff[121][31]~103                                 ; LABCELL_X23_Y12_N9         ; 32      ; Clock enable            ; no     ; --                   ; --               ; --                        ;
; risc_v_mike_data_memory:i_risc_v_mike_data_memory|data_mem_ff[122][31]~107                                 ; LABCELL_X24_Y23_N21        ; 32      ; Clock enable            ; no     ; --                   ; --               ; --                        ;
; risc_v_mike_data_memory:i_risc_v_mike_data_memory|data_mem_ff[123][11]~111                                 ; LABCELL_X23_Y12_N6         ; 32      ; Clock enable            ; no     ; --                   ; --               ; --                        ;
; risc_v_mike_data_memory:i_risc_v_mike_data_memory|data_mem_ff[124][0]~115                                  ; MLABCELL_X25_Y13_N36       ; 32      ; Clock enable            ; no     ; --                   ; --               ; --                        ;
; risc_v_mike_data_memory:i_risc_v_mike_data_memory|data_mem_ff[125][0]~119                                  ; LABCELL_X24_Y12_N24        ; 32      ; Clock enable            ; no     ; --                   ; --               ; --                        ;
; risc_v_mike_data_memory:i_risc_v_mike_data_memory|data_mem_ff[126][15]~123                                 ; LABCELL_X24_Y12_N9         ; 32      ; Clock enable            ; no     ; --                   ; --               ; --                        ;
; risc_v_mike_data_memory:i_risc_v_mike_data_memory|data_mem_ff[127][16]~127                                 ; LABCELL_X24_Y12_N6         ; 32      ; Clock enable            ; no     ; --                   ; --               ; --                        ;
; risc_v_mike_data_memory:i_risc_v_mike_data_memory|data_mem_ff[128][31]~128                                 ; LABCELL_X46_Y8_N51         ; 32      ; Clock enable            ; no     ; --                   ; --               ; --                        ;
; risc_v_mike_data_memory:i_risc_v_mike_data_memory|data_mem_ff[129][19]~144                                 ; LABCELL_X35_Y8_N42         ; 32      ; Clock enable            ; no     ; --                   ; --               ; --                        ;
; risc_v_mike_data_memory:i_risc_v_mike_data_memory|data_mem_ff[12][11]~12                                   ; LABCELL_X30_Y25_N57        ; 32      ; Clock enable            ; no     ; --                   ; --               ; --                        ;
; risc_v_mike_data_memory:i_risc_v_mike_data_memory|data_mem_ff[130][19]~160                                 ; MLABCELL_X39_Y8_N57        ; 32      ; Clock enable            ; no     ; --                   ; --               ; --                        ;
; risc_v_mike_data_memory:i_risc_v_mike_data_memory|data_mem_ff[131][18]~176                                 ; LABCELL_X35_Y8_N45         ; 32      ; Clock enable            ; no     ; --                   ; --               ; --                        ;
; risc_v_mike_data_memory:i_risc_v_mike_data_memory|data_mem_ff[132][0]~132                                  ; LABCELL_X46_Y10_N36        ; 32      ; Clock enable            ; no     ; --                   ; --               ; --                        ;
; risc_v_mike_data_memory:i_risc_v_mike_data_memory|data_mem_ff[133][0]~148                                  ; LABCELL_X35_Y8_N18         ; 32      ; Clock enable            ; no     ; --                   ; --               ; --                        ;
; risc_v_mike_data_memory:i_risc_v_mike_data_memory|data_mem_ff[134][0]~164                                  ; LABCELL_X30_Y11_N48        ; 32      ; Clock enable            ; no     ; --                   ; --               ; --                        ;
; risc_v_mike_data_memory:i_risc_v_mike_data_memory|data_mem_ff[135][0]~177                                  ; LABCELL_X35_Y9_N30         ; 32      ; Clock enable            ; no     ; --                   ; --               ; --                        ;
; risc_v_mike_data_memory:i_risc_v_mike_data_memory|data_mem_ff[136][0]~136                                  ; MLABCELL_X25_Y19_N51       ; 32      ; Clock enable            ; no     ; --                   ; --               ; --                        ;
; risc_v_mike_data_memory:i_risc_v_mike_data_memory|data_mem_ff[137][0]~152                                  ; MLABCELL_X25_Y13_N51       ; 32      ; Clock enable            ; no     ; --                   ; --               ; --                        ;
; risc_v_mike_data_memory:i_risc_v_mike_data_memory|data_mem_ff[138][0]~168                                  ; LABCELL_X27_Y19_N51        ; 32      ; Clock enable            ; no     ; --                   ; --               ; --                        ;
; risc_v_mike_data_memory:i_risc_v_mike_data_memory|data_mem_ff[139][5]~178                                  ; MLABCELL_X25_Y13_N24       ; 32      ; Clock enable            ; no     ; --                   ; --               ; --                        ;
; risc_v_mike_data_memory:i_risc_v_mike_data_memory|data_mem_ff[13][31]~28                                   ; MLABCELL_X65_Y20_N6        ; 32      ; Clock enable            ; no     ; --                   ; --               ; --                        ;
; risc_v_mike_data_memory:i_risc_v_mike_data_memory|data_mem_ff[140][25]~140                                 ; LABCELL_X35_Y13_N57        ; 32      ; Clock enable            ; no     ; --                   ; --               ; --                        ;
; risc_v_mike_data_memory:i_risc_v_mike_data_memory|data_mem_ff[141][14]~156                                 ; MLABCELL_X25_Y13_N48       ; 32      ; Clock enable            ; no     ; --                   ; --               ; --                        ;
; risc_v_mike_data_memory:i_risc_v_mike_data_memory|data_mem_ff[142][21]~172                                 ; MLABCELL_X25_Y19_N57       ; 32      ; Clock enable            ; no     ; --                   ; --               ; --                        ;
; risc_v_mike_data_memory:i_risc_v_mike_data_memory|data_mem_ff[143][3]~179                                  ; MLABCELL_X25_Y13_N27       ; 32      ; Clock enable            ; no     ; --                   ; --               ; --                        ;
; risc_v_mike_data_memory:i_risc_v_mike_data_memory|data_mem_ff[144][31]~129                                 ; LABCELL_X31_Y6_N21         ; 32      ; Clock enable            ; no     ; --                   ; --               ; --                        ;
; risc_v_mike_data_memory:i_risc_v_mike_data_memory|data_mem_ff[145][6]~145                                  ; LABCELL_X50_Y6_N18         ; 32      ; Clock enable            ; no     ; --                   ; --               ; --                        ;
; risc_v_mike_data_memory:i_risc_v_mike_data_memory|data_mem_ff[146][17]~161                                 ; LABCELL_X31_Y6_N33         ; 32      ; Clock enable            ; no     ; --                   ; --               ; --                        ;
; risc_v_mike_data_memory:i_risc_v_mike_data_memory|data_mem_ff[147][12]~180                                 ; LABCELL_X35_Y6_N51         ; 32      ; Clock enable            ; no     ; --                   ; --               ; --                        ;
; risc_v_mike_data_memory:i_risc_v_mike_data_memory|data_mem_ff[148][16]~133                                 ; LABCELL_X31_Y6_N57         ; 32      ; Clock enable            ; no     ; --                   ; --               ; --                        ;
; risc_v_mike_data_memory:i_risc_v_mike_data_memory|data_mem_ff[149][31]~149                                 ; LABCELL_X35_Y6_N45         ; 32      ; Clock enable            ; no     ; --                   ; --               ; --                        ;
; risc_v_mike_data_memory:i_risc_v_mike_data_memory|data_mem_ff[14][3]~44                                    ; MLABCELL_X34_Y23_N33       ; 32      ; Clock enable            ; no     ; --                   ; --               ; --                        ;
; risc_v_mike_data_memory:i_risc_v_mike_data_memory|data_mem_ff[150][18]~165                                 ; LABCELL_X23_Y10_N15        ; 32      ; Clock enable            ; no     ; --                   ; --               ; --                        ;
; risc_v_mike_data_memory:i_risc_v_mike_data_memory|data_mem_ff[151][26]~181                                 ; LABCELL_X35_Y6_N21         ; 32      ; Clock enable            ; no     ; --                   ; --               ; --                        ;
; risc_v_mike_data_memory:i_risc_v_mike_data_memory|data_mem_ff[152][10]~137                                 ; LABCELL_X23_Y12_N15        ; 32      ; Clock enable            ; no     ; --                   ; --               ; --                        ;
; risc_v_mike_data_memory:i_risc_v_mike_data_memory|data_mem_ff[153][16]~153                                 ; LABCELL_X24_Y12_N45        ; 32      ; Clock enable            ; no     ; --                   ; --               ; --                        ;
; risc_v_mike_data_memory:i_risc_v_mike_data_memory|data_mem_ff[154][11]~169                                 ; LABCELL_X24_Y11_N39        ; 32      ; Clock enable            ; no     ; --                   ; --               ; --                        ;
; risc_v_mike_data_memory:i_risc_v_mike_data_memory|data_mem_ff[155][25]~182                                 ; LABCELL_X23_Y12_N30        ; 32      ; Clock enable            ; no     ; --                   ; --               ; --                        ;
; risc_v_mike_data_memory:i_risc_v_mike_data_memory|data_mem_ff[156][28]~141                                 ; MLABCELL_X25_Y13_N15       ; 32      ; Clock enable            ; no     ; --                   ; --               ; --                        ;
; risc_v_mike_data_memory:i_risc_v_mike_data_memory|data_mem_ff[157][5]~157                                  ; LABCELL_X24_Y12_N42        ; 32      ; Clock enable            ; no     ; --                   ; --               ; --                        ;
; risc_v_mike_data_memory:i_risc_v_mike_data_memory|data_mem_ff[158][22]~173                                 ; LABCELL_X24_Y12_N51        ; 32      ; Clock enable            ; no     ; --                   ; --               ; --                        ;
; risc_v_mike_data_memory:i_risc_v_mike_data_memory|data_mem_ff[159][5]~183                                  ; LABCELL_X24_Y12_N48        ; 32      ; Clock enable            ; no     ; --                   ; --               ; --                        ;
; risc_v_mike_data_memory:i_risc_v_mike_data_memory|data_mem_ff[15][16]~60                                   ; LABCELL_X30_Y20_N36        ; 32      ; Clock enable            ; no     ; --                   ; --               ; --                        ;
; risc_v_mike_data_memory:i_risc_v_mike_data_memory|data_mem_ff[160][2]~130                                  ; LABCELL_X31_Y8_N57         ; 32      ; Clock enable            ; no     ; --                   ; --               ; --                        ;
; risc_v_mike_data_memory:i_risc_v_mike_data_memory|data_mem_ff[161][20]~146                                 ; LABCELL_X35_Y8_N3          ; 32      ; Clock enable            ; no     ; --                   ; --               ; --                        ;
; risc_v_mike_data_memory:i_risc_v_mike_data_memory|data_mem_ff[162][30]~162                                 ; LABCELL_X31_Y8_N15         ; 32      ; Clock enable            ; no     ; --                   ; --               ; --                        ;
; risc_v_mike_data_memory:i_risc_v_mike_data_memory|data_mem_ff[163][3]~184                                  ; LABCELL_X35_Y8_N12         ; 32      ; Clock enable            ; no     ; --                   ; --               ; --                        ;
; risc_v_mike_data_memory:i_risc_v_mike_data_memory|data_mem_ff[164][19]~134                                 ; MLABCELL_X39_Y12_N54       ; 32      ; Clock enable            ; no     ; --                   ; --               ; --                        ;
; risc_v_mike_data_memory:i_risc_v_mike_data_memory|data_mem_ff[165][16]~150                                 ; LABCELL_X35_Y8_N24         ; 32      ; Clock enable            ; no     ; --                   ; --               ; --                        ;
; risc_v_mike_data_memory:i_risc_v_mike_data_memory|data_mem_ff[166][21]~166                                 ; LABCELL_X35_Y9_N27         ; 32      ; Clock enable            ; no     ; --                   ; --               ; --                        ;
; risc_v_mike_data_memory:i_risc_v_mike_data_memory|data_mem_ff[167][1]~185                                  ; LABCELL_X35_Y9_N24         ; 32      ; Clock enable            ; no     ; --                   ; --               ; --                        ;
; risc_v_mike_data_memory:i_risc_v_mike_data_memory|data_mem_ff[168][31]~138                                 ; MLABCELL_X25_Y19_N27       ; 32      ; Clock enable            ; no     ; --                   ; --               ; --                        ;
; risc_v_mike_data_memory:i_risc_v_mike_data_memory|data_mem_ff[169][31]~154                                 ; MLABCELL_X25_Y19_N24       ; 32      ; Clock enable            ; no     ; --                   ; --               ; --                        ;
; risc_v_mike_data_memory:i_risc_v_mike_data_memory|data_mem_ff[16][22]~1                                    ; LABCELL_X37_Y24_N3         ; 32      ; Clock enable            ; no     ; --                   ; --               ; --                        ;
; risc_v_mike_data_memory:i_risc_v_mike_data_memory|data_mem_ff[170][31]~170                                 ; LABCELL_X27_Y19_N54        ; 32      ; Clock enable            ; no     ; --                   ; --               ; --                        ;
; risc_v_mike_data_memory:i_risc_v_mike_data_memory|data_mem_ff[171][31]~186                                 ; LABCELL_X27_Y19_N45        ; 32      ; Clock enable            ; no     ; --                   ; --               ; --                        ;
; risc_v_mike_data_memory:i_risc_v_mike_data_memory|data_mem_ff[172][26]~142                                 ; LABCELL_X35_Y13_N33        ; 32      ; Clock enable            ; no     ; --                   ; --               ; --                        ;
; risc_v_mike_data_memory:i_risc_v_mike_data_memory|data_mem_ff[173][31]~158                                 ; LABCELL_X35_Y8_N6          ; 32      ; Clock enable            ; no     ; --                   ; --               ; --                        ;
; risc_v_mike_data_memory:i_risc_v_mike_data_memory|data_mem_ff[174][25]~174                                 ; LABCELL_X35_Y13_N12        ; 32      ; Clock enable            ; no     ; --                   ; --               ; --                        ;
; risc_v_mike_data_memory:i_risc_v_mike_data_memory|data_mem_ff[175][19]~187                                 ; MLABCELL_X25_Y19_N21       ; 32      ; Clock enable            ; no     ; --                   ; --               ; --                        ;
; risc_v_mike_data_memory:i_risc_v_mike_data_memory|data_mem_ff[176][6]~131                                  ; LABCELL_X31_Y6_N45         ; 32      ; Clock enable            ; no     ; --                   ; --               ; --                        ;
; risc_v_mike_data_memory:i_risc_v_mike_data_memory|data_mem_ff[177][23]~147                                 ; LABCELL_X35_Y6_N39         ; 32      ; Clock enable            ; no     ; --                   ; --               ; --                        ;
; risc_v_mike_data_memory:i_risc_v_mike_data_memory|data_mem_ff[178][14]~163                                 ; LABCELL_X31_Y6_N51         ; 32      ; Clock enable            ; no     ; --                   ; --               ; --                        ;
; risc_v_mike_data_memory:i_risc_v_mike_data_memory|data_mem_ff[179][13]~188                                 ; LABCELL_X35_Y6_N18         ; 32      ; Clock enable            ; no     ; --                   ; --               ; --                        ;
; risc_v_mike_data_memory:i_risc_v_mike_data_memory|data_mem_ff[17][30]~17                                   ; LABCELL_X37_Y24_N27        ; 32      ; Clock enable            ; no     ; --                   ; --               ; --                        ;
; risc_v_mike_data_memory:i_risc_v_mike_data_memory|data_mem_ff[180][19]~135                                 ; LABCELL_X31_Y6_N27         ; 32      ; Clock enable            ; no     ; --                   ; --               ; --                        ;
; risc_v_mike_data_memory:i_risc_v_mike_data_memory|data_mem_ff[181][27]~151                                 ; LABCELL_X35_Y6_N42         ; 32      ; Clock enable            ; no     ; --                   ; --               ; --                        ;
; risc_v_mike_data_memory:i_risc_v_mike_data_memory|data_mem_ff[182][2]~167                                  ; MLABCELL_X47_Y10_N18       ; 32      ; Clock enable            ; no     ; --                   ; --               ; --                        ;
; risc_v_mike_data_memory:i_risc_v_mike_data_memory|data_mem_ff[183][16]~189                                 ; LABCELL_X35_Y6_N54         ; 32      ; Clock enable            ; no     ; --                   ; --               ; --                        ;
; risc_v_mike_data_memory:i_risc_v_mike_data_memory|data_mem_ff[184][22]~139                                 ; LABCELL_X23_Y12_N48        ; 32      ; Clock enable            ; no     ; --                   ; --               ; --                        ;
; risc_v_mike_data_memory:i_risc_v_mike_data_memory|data_mem_ff[185][17]~155                                 ; LABCELL_X23_Y12_N54        ; 32      ; Clock enable            ; no     ; --                   ; --               ; --                        ;
; risc_v_mike_data_memory:i_risc_v_mike_data_memory|data_mem_ff[186][24]~171                                 ; LABCELL_X23_Y12_N12        ; 32      ; Clock enable            ; no     ; --                   ; --               ; --                        ;
; risc_v_mike_data_memory:i_risc_v_mike_data_memory|data_mem_ff[187][15]~190                                 ; LABCELL_X23_Y12_N42        ; 32      ; Clock enable            ; no     ; --                   ; --               ; --                        ;
; risc_v_mike_data_memory:i_risc_v_mike_data_memory|data_mem_ff[188][0]~143                                  ; MLABCELL_X25_Y13_N39       ; 32      ; Clock enable            ; no     ; --                   ; --               ; --                        ;
; risc_v_mike_data_memory:i_risc_v_mike_data_memory|data_mem_ff[189][0]~159                                  ; LABCELL_X24_Y12_N0         ; 32      ; Clock enable            ; no     ; --                   ; --               ; --                        ;
; risc_v_mike_data_memory:i_risc_v_mike_data_memory|data_mem_ff[18][19]~33                                   ; LABCELL_X37_Y24_N9         ; 32      ; Clock enable            ; no     ; --                   ; --               ; --                        ;
; risc_v_mike_data_memory:i_risc_v_mike_data_memory|data_mem_ff[190][17]~175                                 ; LABCELL_X24_Y12_N57        ; 32      ; Clock enable            ; no     ; --                   ; --               ; --                        ;
; risc_v_mike_data_memory:i_risc_v_mike_data_memory|data_mem_ff[191][26]~191                                 ; LABCELL_X24_Y12_N54        ; 32      ; Clock enable            ; no     ; --                   ; --               ; --                        ;
; risc_v_mike_data_memory:i_risc_v_mike_data_memory|data_mem_ff[192][20]~192                                 ; LABCELL_X36_Y15_N9         ; 32      ; Clock enable            ; no     ; --                   ; --               ; --                        ;
; risc_v_mike_data_memory:i_risc_v_mike_data_memory|data_mem_ff[193][30]~193                                 ; MLABCELL_X34_Y14_N15       ; 32      ; Clock enable            ; no     ; --                   ; --               ; --                        ;
; risc_v_mike_data_memory:i_risc_v_mike_data_memory|data_mem_ff[194][0]~194                                  ; LABCELL_X27_Y17_N9         ; 32      ; Clock enable            ; no     ; --                   ; --               ; --                        ;
; risc_v_mike_data_memory:i_risc_v_mike_data_memory|data_mem_ff[195][31]~195                                 ; LABCELL_X31_Y15_N6         ; 32      ; Clock enable            ; no     ; --                   ; --               ; --                        ;
; risc_v_mike_data_memory:i_risc_v_mike_data_memory|data_mem_ff[196][16]~208                                 ; LABCELL_X30_Y14_N51        ; 32      ; Clock enable            ; no     ; --                   ; --               ; --                        ;
; risc_v_mike_data_memory:i_risc_v_mike_data_memory|data_mem_ff[197][26]~209                                 ; MLABCELL_X28_Y17_N0        ; 32      ; Clock enable            ; no     ; --                   ; --               ; --                        ;
; risc_v_mike_data_memory:i_risc_v_mike_data_memory|data_mem_ff[198][30]~210                                 ; LABCELL_X27_Y16_N48        ; 32      ; Clock enable            ; no     ; --                   ; --               ; --                        ;
; risc_v_mike_data_memory:i_risc_v_mike_data_memory|data_mem_ff[199][12]~211                                 ; MLABCELL_X28_Y17_N51       ; 32      ; Clock enable            ; no     ; --                   ; --               ; --                        ;
; risc_v_mike_data_memory:i_risc_v_mike_data_memory|data_mem_ff[19][7]~49                                    ; LABCELL_X37_Y24_N15        ; 32      ; Clock enable            ; no     ; --                   ; --               ; --                        ;
; risc_v_mike_data_memory:i_risc_v_mike_data_memory|data_mem_ff[1][0]~16                                     ; LABCELL_X42_Y21_N3         ; 32      ; Clock enable            ; no     ; --                   ; --               ; --                        ;
; risc_v_mike_data_memory:i_risc_v_mike_data_memory|data_mem_ff[200][7]~224                                  ; LABCELL_X36_Y15_N48        ; 32      ; Clock enable            ; no     ; --                   ; --               ; --                        ;
; risc_v_mike_data_memory:i_risc_v_mike_data_memory|data_mem_ff[201][29]~225                                 ; MLABCELL_X34_Y14_N51       ; 32      ; Clock enable            ; no     ; --                   ; --               ; --                        ;
; risc_v_mike_data_memory:i_risc_v_mike_data_memory|data_mem_ff[202][3]~226                                  ; LABCELL_X42_Y19_N12        ; 32      ; Clock enable            ; no     ; --                   ; --               ; --                        ;
; risc_v_mike_data_memory:i_risc_v_mike_data_memory|data_mem_ff[203][18]~227                                 ; LABCELL_X31_Y15_N54        ; 32      ; Clock enable            ; no     ; --                   ; --               ; --                        ;
; risc_v_mike_data_memory:i_risc_v_mike_data_memory|data_mem_ff[204][30]~240                                 ; LABCELL_X30_Y14_N57        ; 32      ; Clock enable            ; no     ; --                   ; --               ; --                        ;
; risc_v_mike_data_memory:i_risc_v_mike_data_memory|data_mem_ff[205][10]~241                                 ; MLABCELL_X28_Y17_N54       ; 32      ; Clock enable            ; no     ; --                   ; --               ; --                        ;
; risc_v_mike_data_memory:i_risc_v_mike_data_memory|data_mem_ff[206][8]~242                                  ; MLABCELL_X25_Y16_N54       ; 32      ; Clock enable            ; no     ; --                   ; --               ; --                        ;
; risc_v_mike_data_memory:i_risc_v_mike_data_memory|data_mem_ff[207][30]~243                                 ; MLABCELL_X28_Y17_N48       ; 32      ; Clock enable            ; no     ; --                   ; --               ; --                        ;
; risc_v_mike_data_memory:i_risc_v_mike_data_memory|data_mem_ff[208][29]~196                                 ; LABCELL_X36_Y15_N45        ; 32      ; Clock enable            ; no     ; --                   ; --               ; --                        ;
; risc_v_mike_data_memory:i_risc_v_mike_data_memory|data_mem_ff[209][6]~197                                  ; MLABCELL_X34_Y14_N48       ; 32      ; Clock enable            ; no     ; --                   ; --               ; --                        ;
; risc_v_mike_data_memory:i_risc_v_mike_data_memory|data_mem_ff[20][20]~5                                    ; LABCELL_X37_Y24_N18        ; 32      ; Clock enable            ; no     ; --                   ; --               ; --                        ;
; risc_v_mike_data_memory:i_risc_v_mike_data_memory|data_mem_ff[210][5]~198                                  ; LABCELL_X27_Y17_N3         ; 32      ; Clock enable            ; no     ; --                   ; --               ; --                        ;
; risc_v_mike_data_memory:i_risc_v_mike_data_memory|data_mem_ff[211][9]~199                                  ; LABCELL_X31_Y15_N57        ; 32      ; Clock enable            ; no     ; --                   ; --               ; --                        ;
; risc_v_mike_data_memory:i_risc_v_mike_data_memory|data_mem_ff[212][25]~212                                 ; MLABCELL_X15_Y16_N21       ; 32      ; Clock enable            ; no     ; --                   ; --               ; --                        ;
; risc_v_mike_data_memory:i_risc_v_mike_data_memory|data_mem_ff[213][31]~213                                 ; LABCELL_X37_Y17_N54        ; 32      ; Clock enable            ; no     ; --                   ; --               ; --                        ;
; risc_v_mike_data_memory:i_risc_v_mike_data_memory|data_mem_ff[214][7]~214                                  ; MLABCELL_X25_Y18_N24       ; 32      ; Clock enable            ; no     ; --                   ; --               ; --                        ;
; risc_v_mike_data_memory:i_risc_v_mike_data_memory|data_mem_ff[215][25]~215                                 ; MLABCELL_X25_Y18_N18       ; 32      ; Clock enable            ; no     ; --                   ; --               ; --                        ;
; risc_v_mike_data_memory:i_risc_v_mike_data_memory|data_mem_ff[216][25]~228                                 ; MLABCELL_X47_Y18_N24       ; 32      ; Clock enable            ; no     ; --                   ; --               ; --                        ;
; risc_v_mike_data_memory:i_risc_v_mike_data_memory|data_mem_ff[217][17]~229                                 ; LABCELL_X45_Y18_N39        ; 32      ; Clock enable            ; no     ; --                   ; --               ; --                        ;
; risc_v_mike_data_memory:i_risc_v_mike_data_memory|data_mem_ff[218][15]~230                                 ; LABCELL_X45_Y19_N3         ; 32      ; Clock enable            ; no     ; --                   ; --               ; --                        ;
; risc_v_mike_data_memory:i_risc_v_mike_data_memory|data_mem_ff[219][21]~231                                 ; LABCELL_X45_Y18_N24        ; 32      ; Clock enable            ; no     ; --                   ; --               ; --                        ;
; risc_v_mike_data_memory:i_risc_v_mike_data_memory|data_mem_ff[21][17]~21                                   ; LABCELL_X37_Y24_N30        ; 32      ; Clock enable            ; no     ; --                   ; --               ; --                        ;
; risc_v_mike_data_memory:i_risc_v_mike_data_memory|data_mem_ff[220][12]~244                                 ; LABCELL_X27_Y17_N12        ; 32      ; Clock enable            ; no     ; --                   ; --               ; --                        ;
; risc_v_mike_data_memory:i_risc_v_mike_data_memory|data_mem_ff[221][7]~245                                  ; LABCELL_X27_Y16_N21        ; 32      ; Clock enable            ; no     ; --                   ; --               ; --                        ;
; risc_v_mike_data_memory:i_risc_v_mike_data_memory|data_mem_ff[222][15]~246                                 ; LABCELL_X27_Y16_N18        ; 32      ; Clock enable            ; no     ; --                   ; --               ; --                        ;
; risc_v_mike_data_memory:i_risc_v_mike_data_memory|data_mem_ff[223][6]~247                                  ; MLABCELL_X28_Y17_N57       ; 32      ; Clock enable            ; no     ; --                   ; --               ; --                        ;
; risc_v_mike_data_memory:i_risc_v_mike_data_memory|data_mem_ff[224][0]~200                                  ; LABCELL_X36_Y15_N6         ; 32      ; Clock enable            ; no     ; --                   ; --               ; --                        ;
; risc_v_mike_data_memory:i_risc_v_mike_data_memory|data_mem_ff[225][15]~201                                 ; MLABCELL_X34_Y14_N12       ; 32      ; Clock enable            ; no     ; --                   ; --               ; --                        ;
; risc_v_mike_data_memory:i_risc_v_mike_data_memory|data_mem_ff[226][30]~202                                 ; LABCELL_X29_Y14_N57        ; 32      ; Clock enable            ; no     ; --                   ; --               ; --                        ;
; risc_v_mike_data_memory:i_risc_v_mike_data_memory|data_mem_ff[227][15]~203                                 ; MLABCELL_X28_Y14_N15       ; 32      ; Clock enable            ; no     ; --                   ; --               ; --                        ;
; risc_v_mike_data_memory:i_risc_v_mike_data_memory|data_mem_ff[228][3]~216                                  ; LABCELL_X36_Y15_N21        ; 32      ; Clock enable            ; no     ; --                   ; --               ; --                        ;
; risc_v_mike_data_memory:i_risc_v_mike_data_memory|data_mem_ff[229][16]~217                                 ; MLABCELL_X34_Y14_N54       ; 32      ; Clock enable            ; no     ; --                   ; --               ; --                        ;
; risc_v_mike_data_memory:i_risc_v_mike_data_memory|data_mem_ff[22][7]~37                                    ; LABCELL_X37_Y24_N6         ; 32      ; Clock enable            ; no     ; --                   ; --               ; --                        ;
; risc_v_mike_data_memory:i_risc_v_mike_data_memory|data_mem_ff[230][15]~218                                 ; LABCELL_X27_Y17_N39        ; 32      ; Clock enable            ; no     ; --                   ; --               ; --                        ;
; risc_v_mike_data_memory:i_risc_v_mike_data_memory|data_mem_ff[231][26]~219                                 ; MLABCELL_X28_Y14_N27       ; 32      ; Clock enable            ; no     ; --                   ; --               ; --                        ;
; risc_v_mike_data_memory:i_risc_v_mike_data_memory|data_mem_ff[232][16]~232                                 ; LABCELL_X36_Y15_N18        ; 32      ; Clock enable            ; no     ; --                   ; --               ; --                        ;
; risc_v_mike_data_memory:i_risc_v_mike_data_memory|data_mem_ff[233][22]~233                                 ; MLABCELL_X34_Y14_N0        ; 32      ; Clock enable            ; no     ; --                   ; --               ; --                        ;
; risc_v_mike_data_memory:i_risc_v_mike_data_memory|data_mem_ff[234][2]~234                                  ; LABCELL_X27_Y17_N36        ; 32      ; Clock enable            ; no     ; --                   ; --               ; --                        ;
; risc_v_mike_data_memory:i_risc_v_mike_data_memory|data_mem_ff[235][16]~235                                 ; MLABCELL_X28_Y14_N18       ; 32      ; Clock enable            ; no     ; --                   ; --               ; --                        ;
; risc_v_mike_data_memory:i_risc_v_mike_data_memory|data_mem_ff[236][18]~248                                 ; LABCELL_X36_Y15_N24        ; 32      ; Clock enable            ; no     ; --                   ; --               ; --                        ;
; risc_v_mike_data_memory:i_risc_v_mike_data_memory|data_mem_ff[237][30]~249                                 ; LABCELL_X27_Y17_N21        ; 32      ; Clock enable            ; no     ; --                   ; --               ; --                        ;
; risc_v_mike_data_memory:i_risc_v_mike_data_memory|data_mem_ff[238][4]~250                                  ; LABCELL_X27_Y17_N57        ; 32      ; Clock enable            ; no     ; --                   ; --               ; --                        ;
; risc_v_mike_data_memory:i_risc_v_mike_data_memory|data_mem_ff[239][2]~251                                  ; LABCELL_X19_Y14_N48        ; 32      ; Clock enable            ; no     ; --                   ; --               ; --                        ;
; risc_v_mike_data_memory:i_risc_v_mike_data_memory|data_mem_ff[23][28]~53                                   ; LABCELL_X37_Y24_N54        ; 32      ; Clock enable            ; no     ; --                   ; --               ; --                        ;
; risc_v_mike_data_memory:i_risc_v_mike_data_memory|data_mem_ff[240][29]~204                                 ; LABCELL_X36_Y15_N42        ; 32      ; Clock enable            ; no     ; --                   ; --               ; --                        ;
; risc_v_mike_data_memory:i_risc_v_mike_data_memory|data_mem_ff[241][2]~205                                  ; MLABCELL_X34_Y14_N57       ; 32      ; Clock enable            ; no     ; --                   ; --               ; --                        ;
; risc_v_mike_data_memory:i_risc_v_mike_data_memory|data_mem_ff[242][14]~206                                 ; LABCELL_X27_Y17_N0         ; 32      ; Clock enable            ; no     ; --                   ; --               ; --                        ;
; risc_v_mike_data_memory:i_risc_v_mike_data_memory|data_mem_ff[243][28]~207                                 ; MLABCELL_X28_Y14_N21       ; 32      ; Clock enable            ; no     ; --                   ; --               ; --                        ;
; risc_v_mike_data_memory:i_risc_v_mike_data_memory|data_mem_ff[244][17]~220                                 ; LABCELL_X36_Y15_N30        ; 32      ; Clock enable            ; no     ; --                   ; --               ; --                        ;
; risc_v_mike_data_memory:i_risc_v_mike_data_memory|data_mem_ff[245][26]~221                                 ; LABCELL_X27_Y17_N48        ; 32      ; Clock enable            ; no     ; --                   ; --               ; --                        ;
; risc_v_mike_data_memory:i_risc_v_mike_data_memory|data_mem_ff[246][31]~222                                 ; LABCELL_X23_Y15_N27        ; 32      ; Clock enable            ; no     ; --                   ; --               ; --                        ;
; risc_v_mike_data_memory:i_risc_v_mike_data_memory|data_mem_ff[247][30]~223                                 ; LABCELL_X22_Y15_N51        ; 32      ; Clock enable            ; no     ; --                   ; --               ; --                        ;
; risc_v_mike_data_memory:i_risc_v_mike_data_memory|data_mem_ff[248][2]~236                                  ; LABCELL_X36_Y15_N36        ; 32      ; Clock enable            ; no     ; --                   ; --               ; --                        ;
; risc_v_mike_data_memory:i_risc_v_mike_data_memory|data_mem_ff[249][0]~237                                  ; MLABCELL_X34_Y14_N21       ; 32      ; Clock enable            ; no     ; --                   ; --               ; --                        ;
; risc_v_mike_data_memory:i_risc_v_mike_data_memory|data_mem_ff[24][26]~9                                    ; LABCELL_X51_Y25_N15        ; 32      ; Clock enable            ; no     ; --                   ; --               ; --                        ;
; risc_v_mike_data_memory:i_risc_v_mike_data_memory|data_mem_ff[250][0]~238                                  ; LABCELL_X43_Y16_N51        ; 32      ; Clock enable            ; no     ; --                   ; --               ; --                        ;
; risc_v_mike_data_memory:i_risc_v_mike_data_memory|data_mem_ff[251][18]~239                                 ; LABCELL_X30_Y16_N18        ; 32      ; Clock enable            ; no     ; --                   ; --               ; --                        ;
; risc_v_mike_data_memory:i_risc_v_mike_data_memory|data_mem_ff[252][30]~252                                 ; LABCELL_X36_Y15_N27        ; 32      ; Clock enable            ; no     ; --                   ; --               ; --                        ;
; risc_v_mike_data_memory:i_risc_v_mike_data_memory|data_mem_ff[253][17]~253                                 ; LABCELL_X27_Y17_N54        ; 32      ; Clock enable            ; no     ; --                   ; --               ; --                        ;
; risc_v_mike_data_memory:i_risc_v_mike_data_memory|data_mem_ff[254][23]~254                                 ; LABCELL_X27_Y16_N57        ; 32      ; Clock enable            ; no     ; --                   ; --               ; --                        ;
; risc_v_mike_data_memory:i_risc_v_mike_data_memory|data_mem_ff[255][25]~255                                 ; LABCELL_X22_Y16_N27        ; 32      ; Clock enable            ; no     ; --                   ; --               ; --                        ;
; risc_v_mike_data_memory:i_risc_v_mike_data_memory|data_mem_ff[256][0]~256                                  ; LABCELL_X64_Y22_N54        ; 32      ; Clock enable            ; no     ; --                   ; --               ; --                        ;
; risc_v_mike_data_memory:i_risc_v_mike_data_memory|data_mem_ff[257][10]~320                                 ; LABCELL_X67_Y17_N3         ; 32      ; Clock enable            ; no     ; --                   ; --               ; --                        ;
; risc_v_mike_data_memory:i_risc_v_mike_data_memory|data_mem_ff[258][0]~384                                  ; LABCELL_X55_Y18_N54        ; 32      ; Clock enable            ; no     ; --                   ; --               ; --                        ;
; risc_v_mike_data_memory:i_risc_v_mike_data_memory|data_mem_ff[259][24]~448                                 ; MLABCELL_X65_Y19_N6        ; 32      ; Clock enable            ; no     ; --                   ; --               ; --                        ;
; risc_v_mike_data_memory:i_risc_v_mike_data_memory|data_mem_ff[25][0]~25                                    ; LABCELL_X24_Y24_N45        ; 32      ; Clock enable            ; no     ; --                   ; --               ; --                        ;
; risc_v_mike_data_memory:i_risc_v_mike_data_memory|data_mem_ff[260][24]~272                                 ; LABCELL_X66_Y23_N54        ; 32      ; Clock enable            ; no     ; --                   ; --               ; --                        ;
; risc_v_mike_data_memory:i_risc_v_mike_data_memory|data_mem_ff[261][19]~336                                 ; LABCELL_X67_Y19_N57        ; 32      ; Clock enable            ; no     ; --                   ; --               ; --                        ;
; risc_v_mike_data_memory:i_risc_v_mike_data_memory|data_mem_ff[262][13]~385                                 ; LABCELL_X55_Y18_N0         ; 32      ; Clock enable            ; no     ; --                   ; --               ; --                        ;
; risc_v_mike_data_memory:i_risc_v_mike_data_memory|data_mem_ff[263][2]~464                                  ; LABCELL_X57_Y17_N51        ; 32      ; Clock enable            ; no     ; --                   ; --               ; --                        ;
; risc_v_mike_data_memory:i_risc_v_mike_data_memory|data_mem_ff[264][24]~288                                 ; LABCELL_X67_Y22_N30        ; 32      ; Clock enable            ; no     ; --                   ; --               ; --                        ;
; risc_v_mike_data_memory:i_risc_v_mike_data_memory|data_mem_ff[265][13]~352                                 ; LABCELL_X66_Y11_N39        ; 32      ; Clock enable            ; no     ; --                   ; --               ; --                        ;
; risc_v_mike_data_memory:i_risc_v_mike_data_memory|data_mem_ff[266][16]~386                                 ; LABCELL_X55_Y18_N36        ; 32      ; Clock enable            ; no     ; --                   ; --               ; --                        ;
; risc_v_mike_data_memory:i_risc_v_mike_data_memory|data_mem_ff[267][5]~480                                  ; LABCELL_X55_Y18_N27        ; 32      ; Clock enable            ; no     ; --                   ; --               ; --                        ;
; risc_v_mike_data_memory:i_risc_v_mike_data_memory|data_mem_ff[268][14]~304                                 ; MLABCELL_X65_Y20_N54       ; 32      ; Clock enable            ; no     ; --                   ; --               ; --                        ;
; risc_v_mike_data_memory:i_risc_v_mike_data_memory|data_mem_ff[269][16]~368                                 ; MLABCELL_X65_Y20_N57       ; 32      ; Clock enable            ; no     ; --                   ; --               ; --                        ;
; risc_v_mike_data_memory:i_risc_v_mike_data_memory|data_mem_ff[26][4]~41                                    ; LABCELL_X51_Y25_N12        ; 32      ; Clock enable            ; no     ; --                   ; --               ; --                        ;
; risc_v_mike_data_memory:i_risc_v_mike_data_memory|data_mem_ff[270][2]~387                                  ; LABCELL_X55_Y18_N12        ; 32      ; Clock enable            ; no     ; --                   ; --               ; --                        ;
; risc_v_mike_data_memory:i_risc_v_mike_data_memory|data_mem_ff[271][19]~496                                 ; LABCELL_X57_Y17_N57        ; 32      ; Clock enable            ; no     ; --                   ; --               ; --                        ;
; risc_v_mike_data_memory:i_risc_v_mike_data_memory|data_mem_ff[272][15]~260                                 ; LABCELL_X62_Y23_N54        ; 32      ; Clock enable            ; no     ; --                   ; --               ; --                        ;
; risc_v_mike_data_memory:i_risc_v_mike_data_memory|data_mem_ff[273][7]~324                                  ; LABCELL_X70_Y12_N9         ; 32      ; Clock enable            ; no     ; --                   ; --               ; --                        ;
; risc_v_mike_data_memory:i_risc_v_mike_data_memory|data_mem_ff[274][3]~400                                  ; MLABCELL_X59_Y25_N54       ; 32      ; Clock enable            ; no     ; --                   ; --               ; --                        ;
; risc_v_mike_data_memory:i_risc_v_mike_data_memory|data_mem_ff[275][30]~449                                 ; LABCELL_X61_Y7_N45         ; 32      ; Clock enable            ; no     ; --                   ; --               ; --                        ;
; risc_v_mike_data_memory:i_risc_v_mike_data_memory|data_mem_ff[276][0]~276                                  ; MLABCELL_X59_Y15_N36       ; 32      ; Clock enable            ; no     ; --                   ; --               ; --                        ;
; risc_v_mike_data_memory:i_risc_v_mike_data_memory|data_mem_ff[277][30]~340                                 ; LABCELL_X70_Y9_N18         ; 32      ; Clock enable            ; no     ; --                   ; --               ; --                        ;
; risc_v_mike_data_memory:i_risc_v_mike_data_memory|data_mem_ff[278][16]~401                                 ; MLABCELL_X59_Y25_N57       ; 32      ; Clock enable            ; no     ; --                   ; --               ; --                        ;
; risc_v_mike_data_memory:i_risc_v_mike_data_memory|data_mem_ff[279][25]~465                                 ; LABCELL_X60_Y3_N54         ; 32      ; Clock enable            ; no     ; --                   ; --               ; --                        ;
; risc_v_mike_data_memory:i_risc_v_mike_data_memory|data_mem_ff[27][15]~57                                   ; MLABCELL_X25_Y27_N15       ; 32      ; Clock enable            ; no     ; --                   ; --               ; --                        ;
; risc_v_mike_data_memory:i_risc_v_mike_data_memory|data_mem_ff[280][24]~292                                 ; LABCELL_X51_Y25_N27        ; 32      ; Clock enable            ; no     ; --                   ; --               ; --                        ;
; risc_v_mike_data_memory:i_risc_v_mike_data_memory|data_mem_ff[281][23]~353                                 ; LABCELL_X51_Y14_N45        ; 32      ; Clock enable            ; no     ; --                   ; --               ; --                        ;
; risc_v_mike_data_memory:i_risc_v_mike_data_memory|data_mem_ff[282][5]~402                                  ; LABCELL_X51_Y25_N24        ; 32      ; Clock enable            ; no     ; --                   ; --               ; --                        ;
; risc_v_mike_data_memory:i_risc_v_mike_data_memory|data_mem_ff[283][27]~481                                 ; LABCELL_X51_Y14_N6         ; 32      ; Clock enable            ; no     ; --                   ; --               ; --                        ;
; risc_v_mike_data_memory:i_risc_v_mike_data_memory|data_mem_ff[284][19]~308                                 ; LABCELL_X51_Y25_N0         ; 32      ; Clock enable            ; no     ; --                   ; --               ; --                        ;
; risc_v_mike_data_memory:i_risc_v_mike_data_memory|data_mem_ff[285][18]~372                                 ; LABCELL_X51_Y14_N42        ; 32      ; Clock enable            ; no     ; --                   ; --               ; --                        ;
; risc_v_mike_data_memory:i_risc_v_mike_data_memory|data_mem_ff[286][17]~403                                 ; MLABCELL_X39_Y24_N21       ; 32      ; Clock enable            ; no     ; --                   ; --               ; --                        ;
; risc_v_mike_data_memory:i_risc_v_mike_data_memory|data_mem_ff[287][16]~500                                 ; LABCELL_X55_Y5_N36         ; 32      ; Clock enable            ; no     ; --                   ; --               ; --                        ;
; risc_v_mike_data_memory:i_risc_v_mike_data_memory|data_mem_ff[288][0]~264                                  ; MLABCELL_X65_Y13_N12       ; 32      ; Clock enable            ; no     ; --                   ; --               ; --                        ;
; risc_v_mike_data_memory:i_risc_v_mike_data_memory|data_mem_ff[289][27]~328                                 ; LABCELL_X66_Y10_N27        ; 32      ; Clock enable            ; no     ; --                   ; --               ; --                        ;
; risc_v_mike_data_memory:i_risc_v_mike_data_memory|data_mem_ff[28][18]~13                                   ; LABCELL_X51_Y25_N36        ; 32      ; Clock enable            ; no     ; --                   ; --               ; --                        ;
; risc_v_mike_data_memory:i_risc_v_mike_data_memory|data_mem_ff[290][18]~416                                 ; LABCELL_X55_Y18_N48        ; 32      ; Clock enable            ; no     ; --                   ; --               ; --                        ;
; risc_v_mike_data_memory:i_risc_v_mike_data_memory|data_mem_ff[291][1]~450                                  ; LABCELL_X61_Y13_N36        ; 32      ; Clock enable            ; no     ; --                   ; --               ; --                        ;
; risc_v_mike_data_memory:i_risc_v_mike_data_memory|data_mem_ff[292][16]~280                                 ; MLABCELL_X59_Y14_N24       ; 32      ; Clock enable            ; no     ; --                   ; --               ; --                        ;
; risc_v_mike_data_memory:i_risc_v_mike_data_memory|data_mem_ff[293][27]~344                                 ; LABCELL_X62_Y12_N48        ; 32      ; Clock enable            ; no     ; --                   ; --               ; --                        ;
; risc_v_mike_data_memory:i_risc_v_mike_data_memory|data_mem_ff[294][4]~417                                  ; LABCELL_X51_Y20_N6         ; 32      ; Clock enable            ; no     ; --                   ; --               ; --                        ;
; risc_v_mike_data_memory:i_risc_v_mike_data_memory|data_mem_ff[295][8]~466                                  ; LABCELL_X51_Y20_N33        ; 32      ; Clock enable            ; no     ; --                   ; --               ; --                        ;
; risc_v_mike_data_memory:i_risc_v_mike_data_memory|data_mem_ff[296][31]~296                                 ; LABCELL_X50_Y20_N51        ; 32      ; Clock enable            ; no     ; --                   ; --               ; --                        ;
; risc_v_mike_data_memory:i_risc_v_mike_data_memory|data_mem_ff[297][11]~354                                 ; LABCELL_X66_Y11_N18        ; 32      ; Clock enable            ; no     ; --                   ; --               ; --                        ;
; risc_v_mike_data_memory:i_risc_v_mike_data_memory|data_mem_ff[298][31]~418                                 ; LABCELL_X50_Y21_N36        ; 32      ; Clock enable            ; no     ; --                   ; --               ; --                        ;
; risc_v_mike_data_memory:i_risc_v_mike_data_memory|data_mem_ff[299][27]~482                                 ; LABCELL_X62_Y12_N54        ; 32      ; Clock enable            ; no     ; --                   ; --               ; --                        ;
; risc_v_mike_data_memory:i_risc_v_mike_data_memory|data_mem_ff[29][31]~29                                   ; LABCELL_X51_Y14_N30        ; 32      ; Clock enable            ; no     ; --                   ; --               ; --                        ;
; risc_v_mike_data_memory:i_risc_v_mike_data_memory|data_mem_ff[2][0]~32                                     ; MLABCELL_X34_Y23_N54       ; 32      ; Clock enable            ; no     ; --                   ; --               ; --                        ;
; risc_v_mike_data_memory:i_risc_v_mike_data_memory|data_mem_ff[300][6]~312                                  ; MLABCELL_X65_Y20_N39       ; 32      ; Clock enable            ; no     ; --                   ; --               ; --                        ;
; risc_v_mike_data_memory:i_risc_v_mike_data_memory|data_mem_ff[301][15]~376                                 ; LABCELL_X66_Y7_N57         ; 32      ; Clock enable            ; no     ; --                   ; --               ; --                        ;
; risc_v_mike_data_memory:i_risc_v_mike_data_memory|data_mem_ff[302][22]~419                                 ; LABCELL_X50_Y20_N21        ; 32      ; Clock enable            ; no     ; --                   ; --               ; --                        ;
; risc_v_mike_data_memory:i_risc_v_mike_data_memory|data_mem_ff[303][17]~504                                 ; MLABCELL_X59_Y7_N39        ; 32      ; Clock enable            ; no     ; --                   ; --               ; --                        ;
; risc_v_mike_data_memory:i_risc_v_mike_data_memory|data_mem_ff[304][10]~268                                 ; LABCELL_X62_Y24_N21        ; 32      ; Clock enable            ; no     ; --                   ; --               ; --                        ;
; risc_v_mike_data_memory:i_risc_v_mike_data_memory|data_mem_ff[305][31]~332                                 ; LABCELL_X62_Y24_N18        ; 32      ; Clock enable            ; no     ; --                   ; --               ; --                        ;
; risc_v_mike_data_memory:i_risc_v_mike_data_memory|data_mem_ff[306][21]~432                                 ; LABCELL_X51_Y25_N42        ; 32      ; Clock enable            ; no     ; --                   ; --               ; --                        ;
; risc_v_mike_data_memory:i_risc_v_mike_data_memory|data_mem_ff[307][23]~451                                 ; LABCELL_X51_Y25_N54        ; 32      ; Clock enable            ; no     ; --                   ; --               ; --                        ;
; risc_v_mike_data_memory:i_risc_v_mike_data_memory|data_mem_ff[308][17]~284                                 ; LABCELL_X62_Y24_N33        ; 32      ; Clock enable            ; no     ; --                   ; --               ; --                        ;
; risc_v_mike_data_memory:i_risc_v_mike_data_memory|data_mem_ff[309][8]~348                                  ; LABCELL_X62_Y24_N24        ; 32      ; Clock enable            ; no     ; --                   ; --               ; --                        ;
; risc_v_mike_data_memory:i_risc_v_mike_data_memory|data_mem_ff[30][30]~45                                   ; LABCELL_X35_Y20_N0         ; 32      ; Clock enable            ; no     ; --                   ; --               ; --                        ;
; risc_v_mike_data_memory:i_risc_v_mike_data_memory|data_mem_ff[310][10]~433                                 ; LABCELL_X51_Y25_N45        ; 32      ; Clock enable            ; no     ; --                   ; --               ; --                        ;
; risc_v_mike_data_memory:i_risc_v_mike_data_memory|data_mem_ff[311][24]~467                                 ; LABCELL_X51_Y25_N57        ; 32      ; Clock enable            ; no     ; --                   ; --               ; --                        ;
; risc_v_mike_data_memory:i_risc_v_mike_data_memory|data_mem_ff[312][31]~300                                 ; LABCELL_X62_Y24_N27        ; 32      ; Clock enable            ; no     ; --                   ; --               ; --                        ;
; risc_v_mike_data_memory:i_risc_v_mike_data_memory|data_mem_ff[313][16]~355                                 ; LABCELL_X62_Y24_N0         ; 32      ; Clock enable            ; no     ; --                   ; --               ; --                        ;
; risc_v_mike_data_memory:i_risc_v_mike_data_memory|data_mem_ff[314][29]~434                                 ; LABCELL_X62_Y24_N51        ; 32      ; Clock enable            ; no     ; --                   ; --               ; --                        ;
; risc_v_mike_data_memory:i_risc_v_mike_data_memory|data_mem_ff[315][23]~483                                 ; LABCELL_X62_Y24_N3         ; 32      ; Clock enable            ; no     ; --                   ; --               ; --                        ;
; risc_v_mike_data_memory:i_risc_v_mike_data_memory|data_mem_ff[316][3]~316                                  ; LABCELL_X51_Y25_N6         ; 32      ; Clock enable            ; no     ; --                   ; --               ; --                        ;
; risc_v_mike_data_memory:i_risc_v_mike_data_memory|data_mem_ff[317][11]~380                                 ; LABCELL_X51_Y25_N9         ; 32      ; Clock enable            ; no     ; --                   ; --               ; --                        ;
; risc_v_mike_data_memory:i_risc_v_mike_data_memory|data_mem_ff[318][29]~435                                 ; MLABCELL_X39_Y24_N18       ; 32      ; Clock enable            ; no     ; --                   ; --               ; --                        ;
; risc_v_mike_data_memory:i_risc_v_mike_data_memory|data_mem_ff[319][18]~508                                 ; MLABCELL_X39_Y24_N54       ; 32      ; Clock enable            ; no     ; --                   ; --               ; --                        ;
; risc_v_mike_data_memory:i_risc_v_mike_data_memory|data_mem_ff[31][31]~61                                   ; MLABCELL_X39_Y24_N30       ; 32      ; Clock enable            ; no     ; --                   ; --               ; --                        ;
; risc_v_mike_data_memory:i_risc_v_mike_data_memory|data_mem_ff[320][17]~257                                 ; LABCELL_X67_Y23_N12        ; 32      ; Clock enable            ; no     ; --                   ; --               ; --                        ;
; risc_v_mike_data_memory:i_risc_v_mike_data_memory|data_mem_ff[321][26]~321                                 ; LABCELL_X67_Y23_N6         ; 32      ; Clock enable            ; no     ; --                   ; --               ; --                        ;
; risc_v_mike_data_memory:i_risc_v_mike_data_memory|data_mem_ff[322][25]~388                                 ; LABCELL_X50_Y27_N48        ; 32      ; Clock enable            ; no     ; --                   ; --               ; --                        ;
; risc_v_mike_data_memory:i_risc_v_mike_data_memory|data_mem_ff[323][20]~452                                 ; LABCELL_X51_Y24_N42        ; 32      ; Clock enable            ; no     ; --                   ; --               ; --                        ;
; risc_v_mike_data_memory:i_risc_v_mike_data_memory|data_mem_ff[324][8]~273                                  ; LABCELL_X67_Y23_N54        ; 32      ; Clock enable            ; no     ; --                   ; --               ; --                        ;
; risc_v_mike_data_memory:i_risc_v_mike_data_memory|data_mem_ff[325][0]~337                                  ; LABCELL_X67_Y23_N45        ; 32      ; Clock enable            ; no     ; --                   ; --               ; --                        ;
; risc_v_mike_data_memory:i_risc_v_mike_data_memory|data_mem_ff[326][13]~389                                 ; MLABCELL_X52_Y29_N54       ; 32      ; Clock enable            ; no     ; --                   ; --               ; --                        ;
; risc_v_mike_data_memory:i_risc_v_mike_data_memory|data_mem_ff[327][17]~468                                 ; LABCELL_X60_Y18_N24        ; 32      ; Clock enable            ; no     ; --                   ; --               ; --                        ;
; risc_v_mike_data_memory:i_risc_v_mike_data_memory|data_mem_ff[328][2]~289                                  ; LABCELL_X67_Y22_N45        ; 32      ; Clock enable            ; no     ; --                   ; --               ; --                        ;
; risc_v_mike_data_memory:i_risc_v_mike_data_memory|data_mem_ff[329][7]~356                                  ; MLABCELL_X65_Y20_N45       ; 32      ; Clock enable            ; no     ; --                   ; --               ; --                        ;
; risc_v_mike_data_memory:i_risc_v_mike_data_memory|data_mem_ff[32][3]~2                                     ; LABCELL_X31_Y8_N48         ; 32      ; Clock enable            ; no     ; --                   ; --               ; --                        ;
; risc_v_mike_data_memory:i_risc_v_mike_data_memory|data_mem_ff[330][0]~390                                  ; LABCELL_X51_Y24_N48        ; 32      ; Clock enable            ; no     ; --                   ; --               ; --                        ;
; risc_v_mike_data_memory:i_risc_v_mike_data_memory|data_mem_ff[331][9]~484                                  ; LABCELL_X57_Y15_N12        ; 32      ; Clock enable            ; no     ; --                   ; --               ; --                        ;
; risc_v_mike_data_memory:i_risc_v_mike_data_memory|data_mem_ff[332][0]~305                                  ; MLABCELL_X65_Y20_N3        ; 32      ; Clock enable            ; no     ; --                   ; --               ; --                        ;
; risc_v_mike_data_memory:i_risc_v_mike_data_memory|data_mem_ff[333][4]~369                                  ; MLABCELL_X65_Y20_N21       ; 32      ; Clock enable            ; no     ; --                   ; --               ; --                        ;
; risc_v_mike_data_memory:i_risc_v_mike_data_memory|data_mem_ff[334][25]~391                                 ; LABCELL_X51_Y24_N39        ; 32      ; Clock enable            ; no     ; --                   ; --               ; --                        ;
; risc_v_mike_data_memory:i_risc_v_mike_data_memory|data_mem_ff[335][25]~497                                 ; LABCELL_X60_Y18_N42        ; 32      ; Clock enable            ; no     ; --                   ; --               ; --                        ;
; risc_v_mike_data_memory:i_risc_v_mike_data_memory|data_mem_ff[336][23]~261                                 ; MLABCELL_X65_Y24_N30       ; 32      ; Clock enable            ; no     ; --                   ; --               ; --                        ;
; risc_v_mike_data_memory:i_risc_v_mike_data_memory|data_mem_ff[337][31]~325                                 ; MLABCELL_X72_Y12_N45       ; 32      ; Clock enable            ; no     ; --                   ; --               ; --                        ;
; risc_v_mike_data_memory:i_risc_v_mike_data_memory|data_mem_ff[338][31]~404                                 ; MLABCELL_X59_Y22_N51       ; 32      ; Clock enable            ; no     ; --                   ; --               ; --                        ;
; risc_v_mike_data_memory:i_risc_v_mike_data_memory|data_mem_ff[339][30]~453                                 ; MLABCELL_X59_Y22_N48       ; 32      ; Clock enable            ; no     ; --                   ; --               ; --                        ;
; risc_v_mike_data_memory:i_risc_v_mike_data_memory|data_mem_ff[33][10]~18                                   ; LABCELL_X35_Y8_N0          ; 32      ; Clock enable            ; no     ; --                   ; --               ; --                        ;
; risc_v_mike_data_memory:i_risc_v_mike_data_memory|data_mem_ff[340][29]~277                                 ; MLABCELL_X65_Y24_N33       ; 32      ; Clock enable            ; no     ; --                   ; --               ; --                        ;
; risc_v_mike_data_memory:i_risc_v_mike_data_memory|data_mem_ff[341][31]~341                                 ; MLABCELL_X72_Y12_N54       ; 32      ; Clock enable            ; no     ; --                   ; --               ; --                        ;
; risc_v_mike_data_memory:i_risc_v_mike_data_memory|data_mem_ff[342][30]~405                                 ; MLABCELL_X59_Y22_N24       ; 32      ; Clock enable            ; no     ; --                   ; --               ; --                        ;
; risc_v_mike_data_memory:i_risc_v_mike_data_memory|data_mem_ff[343][5]~469                                  ; MLABCELL_X59_Y22_N54       ; 32      ; Clock enable            ; no     ; --                   ; --               ; --                        ;
; risc_v_mike_data_memory:i_risc_v_mike_data_memory|data_mem_ff[344][17]~293                                 ; LABCELL_X53_Y24_N42        ; 32      ; Clock enable            ; no     ; --                   ; --               ; --                        ;
; risc_v_mike_data_memory:i_risc_v_mike_data_memory|data_mem_ff[345][22]~357                                 ; LABCELL_X62_Y24_N9         ; 32      ; Clock enable            ; no     ; --                   ; --               ; --                        ;
; risc_v_mike_data_memory:i_risc_v_mike_data_memory|data_mem_ff[346][22]~406                                 ; LABCELL_X53_Y24_N27        ; 32      ; Clock enable            ; no     ; --                   ; --               ; --                        ;
; risc_v_mike_data_memory:i_risc_v_mike_data_memory|data_mem_ff[347][31]~485                                 ; LABCELL_X62_Y24_N54        ; 32      ; Clock enable            ; no     ; --                   ; --               ; --                        ;
; risc_v_mike_data_memory:i_risc_v_mike_data_memory|data_mem_ff[348][30]~309                                 ; MLABCELL_X59_Y22_N33       ; 32      ; Clock enable            ; no     ; --                   ; --               ; --                        ;
; risc_v_mike_data_memory:i_risc_v_mike_data_memory|data_mem_ff[349][29]~373                                 ; MLABCELL_X59_Y22_N30       ; 32      ; Clock enable            ; no     ; --                   ; --               ; --                        ;
; risc_v_mike_data_memory:i_risc_v_mike_data_memory|data_mem_ff[34][26]~34                                   ; LABCELL_X31_Y8_N39         ; 32      ; Clock enable            ; no     ; --                   ; --               ; --                        ;
; risc_v_mike_data_memory:i_risc_v_mike_data_memory|data_mem_ff[350][28]~407                                 ; MLABCELL_X39_Y24_N57       ; 32      ; Clock enable            ; no     ; --                   ; --               ; --                        ;
; risc_v_mike_data_memory:i_risc_v_mike_data_memory|data_mem_ff[351][2]~501                                  ; LABCELL_X51_Y5_N36         ; 32      ; Clock enable            ; no     ; --                   ; --               ; --                        ;
; risc_v_mike_data_memory:i_risc_v_mike_data_memory|data_mem_ff[352][25]~265                                 ; LABCELL_X63_Y22_N21        ; 32      ; Clock enable            ; no     ; --                   ; --               ; --                        ;
; risc_v_mike_data_memory:i_risc_v_mike_data_memory|data_mem_ff[353][16]~329                                 ; LABCELL_X63_Y9_N42         ; 32      ; Clock enable            ; no     ; --                   ; --               ; --                        ;
; risc_v_mike_data_memory:i_risc_v_mike_data_memory|data_mem_ff[354][31]~420                                 ; LABCELL_X50_Y31_N24        ; 32      ; Clock enable            ; no     ; --                   ; --               ; --                        ;
; risc_v_mike_data_memory:i_risc_v_mike_data_memory|data_mem_ff[355][31]~454                                 ; LABCELL_X50_Y15_N18        ; 32      ; Clock enable            ; no     ; --                   ; --               ; --                        ;
; risc_v_mike_data_memory:i_risc_v_mike_data_memory|data_mem_ff[356][30]~281                                 ; LABCELL_X51_Y15_N42        ; 32      ; Clock enable            ; no     ; --                   ; --               ; --                        ;
; risc_v_mike_data_memory:i_risc_v_mike_data_memory|data_mem_ff[357][29]~345                                 ; LABCELL_X71_Y10_N18        ; 32      ; Clock enable            ; no     ; --                   ; --               ; --                        ;
; risc_v_mike_data_memory:i_risc_v_mike_data_memory|data_mem_ff[358][29]~421                                 ; MLABCELL_X52_Y29_N3        ; 32      ; Clock enable            ; no     ; --                   ; --               ; --                        ;
; risc_v_mike_data_memory:i_risc_v_mike_data_memory|data_mem_ff[359][21]~470                                 ; LABCELL_X55_Y17_N21        ; 32      ; Clock enable            ; no     ; --                   ; --               ; --                        ;
; risc_v_mike_data_memory:i_risc_v_mike_data_memory|data_mem_ff[35][10]~50                                   ; LABCELL_X35_Y8_N15         ; 32      ; Clock enable            ; no     ; --                   ; --               ; --                        ;
; risc_v_mike_data_memory:i_risc_v_mike_data_memory|data_mem_ff[360][13]~297                                 ; LABCELL_X68_Y29_N6         ; 32      ; Clock enable            ; no     ; --                   ; --               ; --                        ;
; risc_v_mike_data_memory:i_risc_v_mike_data_memory|data_mem_ff[361][25]~358                                 ; LABCELL_X63_Y9_N54         ; 32      ; Clock enable            ; no     ; --                   ; --               ; --                        ;
; risc_v_mike_data_memory:i_risc_v_mike_data_memory|data_mem_ff[362][29]~422                                 ; LABCELL_X50_Y18_N33        ; 32      ; Clock enable            ; no     ; --                   ; --               ; --                        ;
; risc_v_mike_data_memory:i_risc_v_mike_data_memory|data_mem_ff[363][8]~486                                  ; LABCELL_X53_Y15_N48        ; 32      ; Clock enable            ; no     ; --                   ; --               ; --                        ;
; risc_v_mike_data_memory:i_risc_v_mike_data_memory|data_mem_ff[364][24]~313                                 ; LABCELL_X51_Y15_N48        ; 32      ; Clock enable            ; no     ; --                   ; --               ; --                        ;
; risc_v_mike_data_memory:i_risc_v_mike_data_memory|data_mem_ff[365][4]~377                                  ; LABCELL_X60_Y9_N18         ; 32      ; Clock enable            ; no     ; --                   ; --               ; --                        ;
; risc_v_mike_data_memory:i_risc_v_mike_data_memory|data_mem_ff[366][23]~423                                 ; LABCELL_X51_Y24_N9         ; 32      ; Clock enable            ; no     ; --                   ; --               ; --                        ;
; risc_v_mike_data_memory:i_risc_v_mike_data_memory|data_mem_ff[367][31]~505                                 ; LABCELL_X57_Y8_N24         ; 32      ; Clock enable            ; no     ; --                   ; --               ; --                        ;
; risc_v_mike_data_memory:i_risc_v_mike_data_memory|data_mem_ff[368][14]~269                                 ; LABCELL_X57_Y30_N9         ; 32      ; Clock enable            ; no     ; --                   ; --               ; --                        ;
; risc_v_mike_data_memory:i_risc_v_mike_data_memory|data_mem_ff[369][4]~333                                  ; LABCELL_X67_Y26_N24        ; 32      ; Clock enable            ; no     ; --                   ; --               ; --                        ;
; risc_v_mike_data_memory:i_risc_v_mike_data_memory|data_mem_ff[36][13]~6                                    ; LABCELL_X24_Y7_N21         ; 32      ; Clock enable            ; no     ; --                   ; --               ; --                        ;
; risc_v_mike_data_memory:i_risc_v_mike_data_memory|data_mem_ff[370][2]~436                                  ; LABCELL_X50_Y31_N54        ; 32      ; Clock enable            ; no     ; --                   ; --               ; --                        ;
; risc_v_mike_data_memory:i_risc_v_mike_data_memory|data_mem_ff[371][11]~455                                 ; LABCELL_X53_Y15_N39        ; 32      ; Clock enable            ; no     ; --                   ; --               ; --                        ;
; risc_v_mike_data_memory:i_risc_v_mike_data_memory|data_mem_ff[372][27]~285                                 ; LABCELL_X64_Y29_N54        ; 32      ; Clock enable            ; no     ; --                   ; --               ; --                        ;
; risc_v_mike_data_memory:i_risc_v_mike_data_memory|data_mem_ff[373][18]~349                                 ; LABCELL_X67_Y23_N51        ; 32      ; Clock enable            ; no     ; --                   ; --               ; --                        ;
; risc_v_mike_data_memory:i_risc_v_mike_data_memory|data_mem_ff[374][2]~437                                  ; LABCELL_X62_Y30_N54        ; 32      ; Clock enable            ; no     ; --                   ; --               ; --                        ;
; risc_v_mike_data_memory:i_risc_v_mike_data_memory|data_mem_ff[375][22]~471                                 ; LABCELL_X55_Y17_N18        ; 32      ; Clock enable            ; no     ; --                   ; --               ; --                        ;
; risc_v_mike_data_memory:i_risc_v_mike_data_memory|data_mem_ff[376][18]~301                                 ; LABCELL_X64_Y28_N51        ; 32      ; Clock enable            ; no     ; --                   ; --               ; --                        ;
; risc_v_mike_data_memory:i_risc_v_mike_data_memory|data_mem_ff[377][8]~359                                  ; LABCELL_X70_Y15_N36        ; 32      ; Clock enable            ; no     ; --                   ; --               ; --                        ;
; risc_v_mike_data_memory:i_risc_v_mike_data_memory|data_mem_ff[378][15]~438                                 ; MLABCELL_X52_Y25_N3        ; 32      ; Clock enable            ; no     ; --                   ; --               ; --                        ;
; risc_v_mike_data_memory:i_risc_v_mike_data_memory|data_mem_ff[379][10]~487                                 ; LABCELL_X51_Y24_N21        ; 32      ; Clock enable            ; no     ; --                   ; --               ; --                        ;
; risc_v_mike_data_memory:i_risc_v_mike_data_memory|data_mem_ff[37][23]~22                                   ; LABCELL_X35_Y8_N9          ; 32      ; Clock enable            ; no     ; --                   ; --               ; --                        ;
; risc_v_mike_data_memory:i_risc_v_mike_data_memory|data_mem_ff[380][12]~317                                 ; LABCELL_X57_Y24_N48        ; 32      ; Clock enable            ; no     ; --                   ; --               ; --                        ;
; risc_v_mike_data_memory:i_risc_v_mike_data_memory|data_mem_ff[381][27]~381                                 ; LABCELL_X62_Y29_N54        ; 32      ; Clock enable            ; no     ; --                   ; --               ; --                        ;
; risc_v_mike_data_memory:i_risc_v_mike_data_memory|data_mem_ff[382][15]~439                                 ; LABCELL_X56_Y31_N42        ; 32      ; Clock enable            ; no     ; --                   ; --               ; --                        ;
; risc_v_mike_data_memory:i_risc_v_mike_data_memory|data_mem_ff[383][25]~509                                 ; LABCELL_X55_Y19_N54        ; 32      ; Clock enable            ; no     ; --                   ; --               ; --                        ;
; risc_v_mike_data_memory:i_risc_v_mike_data_memory|data_mem_ff[384][3]~258                                  ; LABCELL_X67_Y23_N18        ; 32      ; Clock enable            ; no     ; --                   ; --               ; --                        ;
; risc_v_mike_data_memory:i_risc_v_mike_data_memory|data_mem_ff[385][17]~322                                 ; LABCELL_X67_Y23_N9         ; 32      ; Clock enable            ; no     ; --                   ; --               ; --                        ;
; risc_v_mike_data_memory:i_risc_v_mike_data_memory|data_mem_ff[386][12]~392                                 ; LABCELL_X51_Y24_N51        ; 32      ; Clock enable            ; no     ; --                   ; --               ; --                        ;
; risc_v_mike_data_memory:i_risc_v_mike_data_memory|data_mem_ff[387][29]~456                                 ; LABCELL_X57_Y18_N9         ; 32      ; Clock enable            ; no     ; --                   ; --               ; --                        ;
; risc_v_mike_data_memory:i_risc_v_mike_data_memory|data_mem_ff[388][0]~274                                  ; LABCELL_X66_Y24_N54        ; 32      ; Clock enable            ; no     ; --                   ; --               ; --                        ;
; risc_v_mike_data_memory:i_risc_v_mike_data_memory|data_mem_ff[389][0]~338                                  ; LABCELL_X73_Y22_N57        ; 32      ; Clock enable            ; no     ; --                   ; --               ; --                        ;
; risc_v_mike_data_memory:i_risc_v_mike_data_memory|data_mem_ff[38][3]~38                                    ; MLABCELL_X25_Y19_N30       ; 32      ; Clock enable            ; no     ; --                   ; --               ; --                        ;
; risc_v_mike_data_memory:i_risc_v_mike_data_memory|data_mem_ff[390][17]~393                                 ; LABCELL_X51_Y24_N24        ; 32      ; Clock enable            ; no     ; --                   ; --               ; --                        ;
; risc_v_mike_data_memory:i_risc_v_mike_data_memory|data_mem_ff[391][3]~472                                  ; MLABCELL_X59_Y18_N36       ; 32      ; Clock enable            ; no     ; --                   ; --               ; --                        ;
; risc_v_mike_data_memory:i_risc_v_mike_data_memory|data_mem_ff[392][30]~290                                 ; LABCELL_X67_Y23_N3         ; 32      ; Clock enable            ; no     ; --                   ; --               ; --                        ;
; risc_v_mike_data_memory:i_risc_v_mike_data_memory|data_mem_ff[393][30]~360                                 ; MLABCELL_X65_Y20_N42       ; 32      ; Clock enable            ; no     ; --                   ; --               ; --                        ;
; risc_v_mike_data_memory:i_risc_v_mike_data_memory|data_mem_ff[394][28]~394                                 ; LABCELL_X51_Y24_N30        ; 32      ; Clock enable            ; no     ; --                   ; --               ; --                        ;
; risc_v_mike_data_memory:i_risc_v_mike_data_memory|data_mem_ff[395][27]~488                                 ; MLABCELL_X52_Y19_N24       ; 32      ; Clock enable            ; no     ; --                   ; --               ; --                        ;
; risc_v_mike_data_memory:i_risc_v_mike_data_memory|data_mem_ff[396][18]~306                                 ; LABCELL_X50_Y21_N54        ; 32      ; Clock enable            ; no     ; --                   ; --               ; --                        ;
; risc_v_mike_data_memory:i_risc_v_mike_data_memory|data_mem_ff[397][9]~370                                  ; MLABCELL_X65_Y20_N18       ; 32      ; Clock enable            ; no     ; --                   ; --               ; --                        ;
; risc_v_mike_data_memory:i_risc_v_mike_data_memory|data_mem_ff[398][17]~395                                 ; MLABCELL_X52_Y28_N0        ; 32      ; Clock enable            ; no     ; --                   ; --               ; --                        ;
; risc_v_mike_data_memory:i_risc_v_mike_data_memory|data_mem_ff[399][1]~498                                  ; MLABCELL_X59_Y23_N39       ; 32      ; Clock enable            ; no     ; --                   ; --               ; --                        ;
; risc_v_mike_data_memory:i_risc_v_mike_data_memory|data_mem_ff[39][31]~54                                   ; LABCELL_X35_Y9_N45         ; 32      ; Clock enable            ; no     ; --                   ; --               ; --                        ;
; risc_v_mike_data_memory:i_risc_v_mike_data_memory|data_mem_ff[3][0]~48                                     ; MLABCELL_X34_Y23_N9        ; 32      ; Clock enable            ; no     ; --                   ; --               ; --                        ;
; risc_v_mike_data_memory:i_risc_v_mike_data_memory|data_mem_ff[400][31]~262                                 ; LABCELL_X62_Y23_N45        ; 32      ; Clock enable            ; no     ; --                   ; --               ; --                        ;
; risc_v_mike_data_memory:i_risc_v_mike_data_memory|data_mem_ff[401][22]~326                                 ; LABCELL_X67_Y11_N48        ; 32      ; Clock enable            ; no     ; --                   ; --               ; --                        ;
; risc_v_mike_data_memory:i_risc_v_mike_data_memory|data_mem_ff[402][0]~408                                  ; MLABCELL_X59_Y22_N3        ; 32      ; Clock enable            ; no     ; --                   ; --               ; --                        ;
; risc_v_mike_data_memory:i_risc_v_mike_data_memory|data_mem_ff[403][30]~457                                 ; LABCELL_X53_Y20_N39        ; 32      ; Clock enable            ; no     ; --                   ; --               ; --                        ;
; risc_v_mike_data_memory:i_risc_v_mike_data_memory|data_mem_ff[404][1]~278                                  ; LABCELL_X50_Y21_N24        ; 32      ; Clock enable            ; no     ; --                   ; --               ; --                        ;
; risc_v_mike_data_memory:i_risc_v_mike_data_memory|data_mem_ff[405][22]~342                                 ; MLABCELL_X65_Y24_N21       ; 32      ; Clock enable            ; no     ; --                   ; --               ; --                        ;
; risc_v_mike_data_memory:i_risc_v_mike_data_memory|data_mem_ff[406][28]~409                                 ; MLABCELL_X59_Y22_N27       ; 32      ; Clock enable            ; no     ; --                   ; --               ; --                        ;
; risc_v_mike_data_memory:i_risc_v_mike_data_memory|data_mem_ff[407][20]~473                                 ; MLABCELL_X59_Y22_N57       ; 32      ; Clock enable            ; no     ; --                   ; --               ; --                        ;
; risc_v_mike_data_memory:i_risc_v_mike_data_memory|data_mem_ff[408][16]~294                                 ; LABCELL_X62_Y24_N36        ; 32      ; Clock enable            ; no     ; --                   ; --               ; --                        ;
; risc_v_mike_data_memory:i_risc_v_mike_data_memory|data_mem_ff[409][3]~361                                  ; LABCELL_X60_Y15_N24        ; 32      ; Clock enable            ; no     ; --                   ; --               ; --                        ;
; risc_v_mike_data_memory:i_risc_v_mike_data_memory|data_mem_ff[40][30]~10                                   ; LABCELL_X27_Y19_N21        ; 32      ; Clock enable            ; no     ; --                   ; --               ; --                        ;
; risc_v_mike_data_memory:i_risc_v_mike_data_memory|data_mem_ff[410][19]~410                                 ; LABCELL_X62_Y24_N12        ; 32      ; Clock enable            ; no     ; --                   ; --               ; --                        ;
; risc_v_mike_data_memory:i_risc_v_mike_data_memory|data_mem_ff[411][7]~489                                  ; LABCELL_X62_Y24_N57        ; 32      ; Clock enable            ; no     ; --                   ; --               ; --                        ;
; risc_v_mike_data_memory:i_risc_v_mike_data_memory|data_mem_ff[412][0]~310                                  ; MLABCELL_X59_Y22_N9        ; 32      ; Clock enable            ; no     ; --                   ; --               ; --                        ;
; risc_v_mike_data_memory:i_risc_v_mike_data_memory|data_mem_ff[413][6]~374                                  ; MLABCELL_X59_Y22_N42       ; 32      ; Clock enable            ; no     ; --                   ; --               ; --                        ;
; risc_v_mike_data_memory:i_risc_v_mike_data_memory|data_mem_ff[414][11]~411                                 ; LABCELL_X51_Y14_N18        ; 32      ; Clock enable            ; no     ; --                   ; --               ; --                        ;
; risc_v_mike_data_memory:i_risc_v_mike_data_memory|data_mem_ff[415][3]~502                                  ; LABCELL_X51_Y14_N54        ; 32      ; Clock enable            ; no     ; --                   ; --               ; --                        ;
; risc_v_mike_data_memory:i_risc_v_mike_data_memory|data_mem_ff[416][27]~266                                 ; MLABCELL_X65_Y13_N3        ; 32      ; Clock enable            ; no     ; --                   ; --               ; --                        ;
; risc_v_mike_data_memory:i_risc_v_mike_data_memory|data_mem_ff[417][27]~330                                 ; LABCELL_X67_Y10_N48        ; 32      ; Clock enable            ; no     ; --                   ; --               ; --                        ;
; risc_v_mike_data_memory:i_risc_v_mike_data_memory|data_mem_ff[418][21]~424                                 ; MLABCELL_X52_Y24_N24       ; 32      ; Clock enable            ; no     ; --                   ; --               ; --                        ;
; risc_v_mike_data_memory:i_risc_v_mike_data_memory|data_mem_ff[419][27]~458                                 ; LABCELL_X51_Y20_N21        ; 32      ; Clock enable            ; no     ; --                   ; --               ; --                        ;
; risc_v_mike_data_memory:i_risc_v_mike_data_memory|data_mem_ff[41][2]~26                                    ; LABCELL_X30_Y26_N48        ; 32      ; Clock enable            ; no     ; --                   ; --               ; --                        ;
; risc_v_mike_data_memory:i_risc_v_mike_data_memory|data_mem_ff[420][5]~282                                  ; LABCELL_X57_Y21_N27        ; 32      ; Clock enable            ; no     ; --                   ; --               ; --                        ;
; risc_v_mike_data_memory:i_risc_v_mike_data_memory|data_mem_ff[421][1]~346                                  ; LABCELL_X70_Y10_N27        ; 32      ; Clock enable            ; no     ; --                   ; --               ; --                        ;
; risc_v_mike_data_memory:i_risc_v_mike_data_memory|data_mem_ff[422][17]~425                                 ; LABCELL_X48_Y22_N57        ; 32      ; Clock enable            ; no     ; --                   ; --               ; --                        ;
; risc_v_mike_data_memory:i_risc_v_mike_data_memory|data_mem_ff[423][5]~474                                  ; LABCELL_X60_Y6_N24         ; 32      ; Clock enable            ; no     ; --                   ; --               ; --                        ;
; risc_v_mike_data_memory:i_risc_v_mike_data_memory|data_mem_ff[424][14]~298                                 ; MLABCELL_X65_Y13_N57       ; 32      ; Clock enable            ; no     ; --                   ; --               ; --                        ;
; risc_v_mike_data_memory:i_risc_v_mike_data_memory|data_mem_ff[425][5]~362                                  ; LABCELL_X66_Y15_N24        ; 32      ; Clock enable            ; no     ; --                   ; --               ; --                        ;
; risc_v_mike_data_memory:i_risc_v_mike_data_memory|data_mem_ff[426][16]~426                                 ; LABCELL_X51_Y22_N21        ; 32      ; Clock enable            ; no     ; --                   ; --               ; --                        ;
; risc_v_mike_data_memory:i_risc_v_mike_data_memory|data_mem_ff[427][12]~490                                 ; LABCELL_X51_Y20_N54        ; 32      ; Clock enable            ; no     ; --                   ; --               ; --                        ;
; risc_v_mike_data_memory:i_risc_v_mike_data_memory|data_mem_ff[428][14]~314                                 ; LABCELL_X51_Y20_N57        ; 32      ; Clock enable            ; no     ; --                   ; --               ; --                        ;
; risc_v_mike_data_memory:i_risc_v_mike_data_memory|data_mem_ff[429][15]~378                                 ; LABCELL_X66_Y15_N27        ; 32      ; Clock enable            ; no     ; --                   ; --               ; --                        ;
; risc_v_mike_data_memory:i_risc_v_mike_data_memory|data_mem_ff[42][15]~42                                   ; LABCELL_X27_Y19_N24        ; 32      ; Clock enable            ; no     ; --                   ; --               ; --                        ;
; risc_v_mike_data_memory:i_risc_v_mike_data_memory|data_mem_ff[430][19]~427                                 ; LABCELL_X45_Y26_N57        ; 32      ; Clock enable            ; no     ; --                   ; --               ; --                        ;
; risc_v_mike_data_memory:i_risc_v_mike_data_memory|data_mem_ff[431][31]~506                                 ; LABCELL_X60_Y6_N27         ; 32      ; Clock enable            ; no     ; --                   ; --               ; --                        ;
; risc_v_mike_data_memory:i_risc_v_mike_data_memory|data_mem_ff[432][28]~270                                 ; MLABCELL_X65_Y24_N39       ; 32      ; Clock enable            ; no     ; --                   ; --               ; --                        ;
; risc_v_mike_data_memory:i_risc_v_mike_data_memory|data_mem_ff[433][26]~334                                 ; MLABCELL_X65_Y24_N54       ; 32      ; Clock enable            ; no     ; --                   ; --               ; --                        ;
; risc_v_mike_data_memory:i_risc_v_mike_data_memory|data_mem_ff[434][24]~440                                 ; MLABCELL_X59_Y22_N0        ; 32      ; Clock enable            ; no     ; --                   ; --               ; --                        ;
; risc_v_mike_data_memory:i_risc_v_mike_data_memory|data_mem_ff[435][3]~459                                  ; MLABCELL_X59_Y22_N15       ; 32      ; Clock enable            ; no     ; --                   ; --               ; --                        ;
; risc_v_mike_data_memory:i_risc_v_mike_data_memory|data_mem_ff[436][4]~286                                  ; MLABCELL_X65_Y24_N18       ; 32      ; Clock enable            ; no     ; --                   ; --               ; --                        ;
; risc_v_mike_data_memory:i_risc_v_mike_data_memory|data_mem_ff[437][9]~350                                  ; MLABCELL_X65_Y24_N36       ; 32      ; Clock enable            ; no     ; --                   ; --               ; --                        ;
; risc_v_mike_data_memory:i_risc_v_mike_data_memory|data_mem_ff[438][31]~441                                 ; MLABCELL_X59_Y22_N36       ; 32      ; Clock enable            ; no     ; --                   ; --               ; --                        ;
; risc_v_mike_data_memory:i_risc_v_mike_data_memory|data_mem_ff[439][1]~475                                  ; MLABCELL_X59_Y22_N12       ; 32      ; Clock enable            ; no     ; --                   ; --               ; --                        ;
; risc_v_mike_data_memory:i_risc_v_mike_data_memory|data_mem_ff[43][0]~58                                    ; LABCELL_X27_Y19_N42        ; 32      ; Clock enable            ; no     ; --                   ; --               ; --                        ;
; risc_v_mike_data_memory:i_risc_v_mike_data_memory|data_mem_ff[440][10]~302                                 ; LABCELL_X55_Y30_N6         ; 32      ; Clock enable            ; no     ; --                   ; --               ; --                        ;
; risc_v_mike_data_memory:i_risc_v_mike_data_memory|data_mem_ff[441][15]~363                                 ; MLABCELL_X59_Y21_N12       ; 32      ; Clock enable            ; no     ; --                   ; --               ; --                        ;
; risc_v_mike_data_memory:i_risc_v_mike_data_memory|data_mem_ff[442][31]~442                                 ; LABCELL_X51_Y25_N18        ; 32      ; Clock enable            ; no     ; --                   ; --               ; --                        ;
; risc_v_mike_data_memory:i_risc_v_mike_data_memory|data_mem_ff[443][9]~491                                  ; LABCELL_X51_Y20_N48        ; 32      ; Clock enable            ; no     ; --                   ; --               ; --                        ;
; risc_v_mike_data_memory:i_risc_v_mike_data_memory|data_mem_ff[444][30]~318                                 ; MLABCELL_X59_Y22_N6        ; 32      ; Clock enable            ; no     ; --                   ; --               ; --                        ;
; risc_v_mike_data_memory:i_risc_v_mike_data_memory|data_mem_ff[445][22]~382                                 ; MLABCELL_X59_Y22_N45       ; 32      ; Clock enable            ; no     ; --                   ; --               ; --                        ;
; risc_v_mike_data_memory:i_risc_v_mike_data_memory|data_mem_ff[446][31]~443                                 ; LABCELL_X51_Y20_N15        ; 32      ; Clock enable            ; no     ; --                   ; --               ; --                        ;
; risc_v_mike_data_memory:i_risc_v_mike_data_memory|data_mem_ff[447][17]~510                                 ; LABCELL_X51_Y20_N12        ; 32      ; Clock enable            ; no     ; --                   ; --               ; --                        ;
; risc_v_mike_data_memory:i_risc_v_mike_data_memory|data_mem_ff[448][9]~259                                  ; LABCELL_X67_Y17_N45        ; 32      ; Clock enable            ; no     ; --                   ; --               ; --                        ;
; risc_v_mike_data_memory:i_risc_v_mike_data_memory|data_mem_ff[449][31]~323                                 ; LABCELL_X67_Y17_N42        ; 32      ; Clock enable            ; no     ; --                   ; --               ; --                        ;
; risc_v_mike_data_memory:i_risc_v_mike_data_memory|data_mem_ff[44][0]~14                                    ; LABCELL_X27_Y19_N30        ; 32      ; Clock enable            ; no     ; --                   ; --               ; --                        ;
; risc_v_mike_data_memory:i_risc_v_mike_data_memory|data_mem_ff[450][2]~396                                  ; LABCELL_X56_Y27_N45        ; 32      ; Clock enable            ; no     ; --                   ; --               ; --                        ;
; risc_v_mike_data_memory:i_risc_v_mike_data_memory|data_mem_ff[451][4]~460                                  ; LABCELL_X67_Y17_N18        ; 32      ; Clock enable            ; no     ; --                   ; --               ; --                        ;
; risc_v_mike_data_memory:i_risc_v_mike_data_memory|data_mem_ff[452][31]~275                                 ; LABCELL_X67_Y17_N48        ; 32      ; Clock enable            ; no     ; --                   ; --               ; --                        ;
; risc_v_mike_data_memory:i_risc_v_mike_data_memory|data_mem_ff[453][31]~339                                 ; LABCELL_X67_Y17_N51        ; 32      ; Clock enable            ; no     ; --                   ; --               ; --                        ;
; risc_v_mike_data_memory:i_risc_v_mike_data_memory|data_mem_ff[454][15]~397                                 ; LABCELL_X67_Y17_N27        ; 32      ; Clock enable            ; no     ; --                   ; --               ; --                        ;
; risc_v_mike_data_memory:i_risc_v_mike_data_memory|data_mem_ff[455][14]~476                                 ; LABCELL_X71_Y18_N36        ; 32      ; Clock enable            ; no     ; --                   ; --               ; --                        ;
; risc_v_mike_data_memory:i_risc_v_mike_data_memory|data_mem_ff[456][15]~291                                 ; MLABCELL_X72_Y19_N54       ; 32      ; Clock enable            ; no     ; --                   ; --               ; --                        ;
; risc_v_mike_data_memory:i_risc_v_mike_data_memory|data_mem_ff[457][26]~364                                 ; LABCELL_X70_Y13_N3         ; 32      ; Clock enable            ; no     ; --                   ; --               ; --                        ;
; risc_v_mike_data_memory:i_risc_v_mike_data_memory|data_mem_ff[458][13]~398                                 ; LABCELL_X56_Y23_N54        ; 32      ; Clock enable            ; no     ; --                   ; --               ; --                        ;
; risc_v_mike_data_memory:i_risc_v_mike_data_memory|data_mem_ff[459][12]~492                                 ; LABCELL_X67_Y17_N12        ; 32      ; Clock enable            ; no     ; --                   ; --               ; --                        ;
; risc_v_mike_data_memory:i_risc_v_mike_data_memory|data_mem_ff[45][0]~30                                    ; LABCELL_X27_Y19_N33        ; 32      ; Clock enable            ; no     ; --                   ; --               ; --                        ;
; risc_v_mike_data_memory:i_risc_v_mike_data_memory|data_mem_ff[460][31]~307                                 ; LABCELL_X67_Y17_N24        ; 32      ; Clock enable            ; no     ; --                   ; --               ; --                        ;
; risc_v_mike_data_memory:i_risc_v_mike_data_memory|data_mem_ff[461][6]~371                                  ; LABCELL_X71_Y16_N39        ; 32      ; Clock enable            ; no     ; --                   ; --               ; --                        ;
; risc_v_mike_data_memory:i_risc_v_mike_data_memory|data_mem_ff[462][29]~399                                 ; LABCELL_X67_Y17_N15        ; 32      ; Clock enable            ; no     ; --                   ; --               ; --                        ;
; risc_v_mike_data_memory:i_risc_v_mike_data_memory|data_mem_ff[463][13]~499                                 ; LABCELL_X71_Y18_N42        ; 32      ; Clock enable            ; no     ; --                   ; --               ; --                        ;
; risc_v_mike_data_memory:i_risc_v_mike_data_memory|data_mem_ff[464][29]~263                                 ; LABCELL_X68_Y24_N48        ; 32      ; Clock enable            ; no     ; --                   ; --               ; --                        ;
; risc_v_mike_data_memory:i_risc_v_mike_data_memory|data_mem_ff[465][29]~327                                 ; MLABCELL_X72_Y12_N33       ; 32      ; Clock enable            ; no     ; --                   ; --               ; --                        ;
; risc_v_mike_data_memory:i_risc_v_mike_data_memory|data_mem_ff[466][31]~412                                 ; LABCELL_X57_Y27_N45        ; 32      ; Clock enable            ; no     ; --                   ; --               ; --                        ;
; risc_v_mike_data_memory:i_risc_v_mike_data_memory|data_mem_ff[467][0]~461                                  ; LABCELL_X67_Y17_N6         ; 32      ; Clock enable            ; no     ; --                   ; --               ; --                        ;
; risc_v_mike_data_memory:i_risc_v_mike_data_memory|data_mem_ff[468][9]~279                                  ; MLABCELL_X65_Y24_N15       ; 32      ; Clock enable            ; no     ; --                   ; --               ; --                        ;
; risc_v_mike_data_memory:i_risc_v_mike_data_memory|data_mem_ff[469][15]~343                                 ; LABCELL_X67_Y14_N18        ; 32      ; Clock enable            ; no     ; --                   ; --               ; --                        ;
; risc_v_mike_data_memory:i_risc_v_mike_data_memory|data_mem_ff[46][5]~46                                    ; MLABCELL_X25_Y19_N18       ; 32      ; Clock enable            ; no     ; --                   ; --               ; --                        ;
; risc_v_mike_data_memory:i_risc_v_mike_data_memory|data_mem_ff[470][18]~413                                 ; LABCELL_X57_Y25_N30        ; 32      ; Clock enable            ; no     ; --                   ; --               ; --                        ;
; risc_v_mike_data_memory:i_risc_v_mike_data_memory|data_mem_ff[471][24]~477                                 ; MLABCELL_X65_Y5_N18        ; 32      ; Clock enable            ; no     ; --                   ; --               ; --                        ;
; risc_v_mike_data_memory:i_risc_v_mike_data_memory|data_mem_ff[472][1]~295                                  ; LABCELL_X63_Y17_N24        ; 32      ; Clock enable            ; no     ; --                   ; --               ; --                        ;
; risc_v_mike_data_memory:i_risc_v_mike_data_memory|data_mem_ff[473][5]~365                                  ; LABCELL_X67_Y17_N9         ; 32      ; Clock enable            ; no     ; --                   ; --               ; --                        ;
; risc_v_mike_data_memory:i_risc_v_mike_data_memory|data_mem_ff[474][26]~414                                 ; LABCELL_X57_Y26_N0         ; 32      ; Clock enable            ; no     ; --                   ; --               ; --                        ;
; risc_v_mike_data_memory:i_risc_v_mike_data_memory|data_mem_ff[475][25]~493                                 ; LABCELL_X67_Y17_N36        ; 32      ; Clock enable            ; no     ; --                   ; --               ; --                        ;
; risc_v_mike_data_memory:i_risc_v_mike_data_memory|data_mem_ff[476][16]~311                                 ; LABCELL_X62_Y17_N18        ; 32      ; Clock enable            ; no     ; --                   ; --               ; --                        ;
; risc_v_mike_data_memory:i_risc_v_mike_data_memory|data_mem_ff[477][17]~375                                 ; MLABCELL_X65_Y5_N21        ; 32      ; Clock enable            ; no     ; --                   ; --               ; --                        ;
; risc_v_mike_data_memory:i_risc_v_mike_data_memory|data_mem_ff[478][4]~415                                  ; LABCELL_X57_Y25_N48        ; 32      ; Clock enable            ; no     ; --                   ; --               ; --                        ;
; risc_v_mike_data_memory:i_risc_v_mike_data_memory|data_mem_ff[479][9]~503                                  ; MLABCELL_X65_Y5_N24        ; 32      ; Clock enable            ; no     ; --                   ; --               ; --                        ;
; risc_v_mike_data_memory:i_risc_v_mike_data_memory|data_mem_ff[47][31]~62                                   ; MLABCELL_X25_Y19_N54       ; 32      ; Clock enable            ; no     ; --                   ; --               ; --                        ;
; risc_v_mike_data_memory:i_risc_v_mike_data_memory|data_mem_ff[480][31]~267                                 ; LABCELL_X63_Y11_N6         ; 32      ; Clock enable            ; no     ; --                   ; --               ; --                        ;
; risc_v_mike_data_memory:i_risc_v_mike_data_memory|data_mem_ff[481][11]~331                                 ; MLABCELL_X65_Y10_N15       ; 32      ; Clock enable            ; no     ; --                   ; --               ; --                        ;
; risc_v_mike_data_memory:i_risc_v_mike_data_memory|data_mem_ff[482][27]~428                                 ; LABCELL_X48_Y25_N48        ; 32      ; Clock enable            ; no     ; --                   ; --               ; --                        ;
; risc_v_mike_data_memory:i_risc_v_mike_data_memory|data_mem_ff[483][28]~462                                 ; LABCELL_X50_Y15_N21        ; 32      ; Clock enable            ; no     ; --                   ; --               ; --                        ;
; risc_v_mike_data_memory:i_risc_v_mike_data_memory|data_mem_ff[484][15]~283                                 ; LABCELL_X60_Y11_N51        ; 32      ; Clock enable            ; no     ; --                   ; --               ; --                        ;
; risc_v_mike_data_memory:i_risc_v_mike_data_memory|data_mem_ff[485][31]~347                                 ; MLABCELL_X65_Y10_N51       ; 32      ; Clock enable            ; no     ; --                   ; --               ; --                        ;
; risc_v_mike_data_memory:i_risc_v_mike_data_memory|data_mem_ff[486][9]~429                                  ; LABCELL_X48_Y25_N57        ; 32      ; Clock enable            ; no     ; --                   ; --               ; --                        ;
; risc_v_mike_data_memory:i_risc_v_mike_data_memory|data_mem_ff[487][7]~478                                  ; LABCELL_X53_Y15_N42        ; 32      ; Clock enable            ; no     ; --                   ; --               ; --                        ;
; risc_v_mike_data_memory:i_risc_v_mike_data_memory|data_mem_ff[488][17]~299                                 ; MLABCELL_X52_Y19_N18       ; 32      ; Clock enable            ; no     ; --                   ; --               ; --                        ;
; risc_v_mike_data_memory:i_risc_v_mike_data_memory|data_mem_ff[489][10]~366                                 ; LABCELL_X64_Y10_N54        ; 32      ; Clock enable            ; no     ; --                   ; --               ; --                        ;
; risc_v_mike_data_memory:i_risc_v_mike_data_memory|data_mem_ff[48][0]~3                                     ; LABCELL_X31_Y6_N18         ; 32      ; Clock enable            ; no     ; --                   ; --               ; --                        ;
; risc_v_mike_data_memory:i_risc_v_mike_data_memory|data_mem_ff[490][22]~430                                 ; LABCELL_X50_Y18_N54        ; 32      ; Clock enable            ; no     ; --                   ; --               ; --                        ;
; risc_v_mike_data_memory:i_risc_v_mike_data_memory|data_mem_ff[491][31]~494                                 ; LABCELL_X53_Y15_N51        ; 32      ; Clock enable            ; no     ; --                   ; --               ; --                        ;
; risc_v_mike_data_memory:i_risc_v_mike_data_memory|data_mem_ff[492][22]~315                                 ; LABCELL_X56_Y20_N27        ; 32      ; Clock enable            ; no     ; --                   ; --               ; --                        ;
; risc_v_mike_data_memory:i_risc_v_mike_data_memory|data_mem_ff[493][18]~379                                 ; LABCELL_X60_Y9_N9          ; 32      ; Clock enable            ; no     ; --                   ; --               ; --                        ;
; risc_v_mike_data_memory:i_risc_v_mike_data_memory|data_mem_ff[494][17]~431                                 ; MLABCELL_X47_Y19_N18       ; 32      ; Clock enable            ; no     ; --                   ; --               ; --                        ;
; risc_v_mike_data_memory:i_risc_v_mike_data_memory|data_mem_ff[495][31]~507                                 ; LABCELL_X60_Y9_N0          ; 32      ; Clock enable            ; no     ; --                   ; --               ; --                        ;
; risc_v_mike_data_memory:i_risc_v_mike_data_memory|data_mem_ff[496][17]~271                                 ; LABCELL_X67_Y26_N51        ; 32      ; Clock enable            ; no     ; --                   ; --               ; --                        ;
; risc_v_mike_data_memory:i_risc_v_mike_data_memory|data_mem_ff[497][16]~335                                 ; LABCELL_X67_Y26_N0         ; 32      ; Clock enable            ; no     ; --                   ; --               ; --                        ;
; risc_v_mike_data_memory:i_risc_v_mike_data_memory|data_mem_ff[498][5]~444                                  ; LABCELL_X48_Y25_N54        ; 32      ; Clock enable            ; no     ; --                   ; --               ; --                        ;
; risc_v_mike_data_memory:i_risc_v_mike_data_memory|data_mem_ff[499][8]~463                                  ; LABCELL_X53_Y15_N15        ; 32      ; Clock enable            ; no     ; --                   ; --               ; --                        ;
; risc_v_mike_data_memory:i_risc_v_mike_data_memory|data_mem_ff[49][0]~19                                    ; LABCELL_X29_Y6_N51         ; 32      ; Clock enable            ; no     ; --                   ; --               ; --                        ;
; risc_v_mike_data_memory:i_risc_v_mike_data_memory|data_mem_ff[4][0]~4                                      ; MLABCELL_X34_Y23_N39       ; 32      ; Clock enable            ; no     ; --                   ; --               ; --                        ;
; risc_v_mike_data_memory:i_risc_v_mike_data_memory|data_mem_ff[500][31]~287                                 ; LABCELL_X64_Y29_N57        ; 32      ; Clock enable            ; no     ; --                   ; --               ; --                        ;
; risc_v_mike_data_memory:i_risc_v_mike_data_memory|data_mem_ff[501][30]~351                                 ; MLABCELL_X65_Y29_N24       ; 32      ; Clock enable            ; no     ; --                   ; --               ; --                        ;
; risc_v_mike_data_memory:i_risc_v_mike_data_memory|data_mem_ff[502][28]~445                                 ; LABCELL_X62_Y30_N57        ; 32      ; Clock enable            ; no     ; --                   ; --               ; --                        ;
; risc_v_mike_data_memory:i_risc_v_mike_data_memory|data_mem_ff[503][28]~479                                 ; LABCELL_X57_Y15_N24        ; 32      ; Clock enable            ; no     ; --                   ; --               ; --                        ;
; risc_v_mike_data_memory:i_risc_v_mike_data_memory|data_mem_ff[504][28]~303                                 ; MLABCELL_X65_Y30_N12       ; 32      ; Clock enable            ; no     ; --                   ; --               ; --                        ;
; risc_v_mike_data_memory:i_risc_v_mike_data_memory|data_mem_ff[505][31]~367                                 ; LABCELL_X67_Y26_N36        ; 32      ; Clock enable            ; no     ; --                   ; --               ; --                        ;
; risc_v_mike_data_memory:i_risc_v_mike_data_memory|data_mem_ff[506][11]~446                                 ; LABCELL_X48_Y25_N18        ; 32      ; Clock enable            ; no     ; --                   ; --               ; --                        ;
; risc_v_mike_data_memory:i_risc_v_mike_data_memory|data_mem_ff[507][19]~495                                 ; LABCELL_X53_Y15_N54        ; 32      ; Clock enable            ; no     ; --                   ; --               ; --                        ;
; risc_v_mike_data_memory:i_risc_v_mike_data_memory|data_mem_ff[508][0]~319                                  ; LABCELL_X64_Y29_N12        ; 32      ; Clock enable            ; no     ; --                   ; --               ; --                        ;
; risc_v_mike_data_memory:i_risc_v_mike_data_memory|data_mem_ff[509][29]~383                                 ; MLABCELL_X65_Y29_N27       ; 32      ; Clock enable            ; no     ; --                   ; --               ; --                        ;
; risc_v_mike_data_memory:i_risc_v_mike_data_memory|data_mem_ff[50][9]~35                                    ; LABCELL_X31_Y6_N30         ; 32      ; Clock enable            ; no     ; --                   ; --               ; --                        ;
; risc_v_mike_data_memory:i_risc_v_mike_data_memory|data_mem_ff[510][12]~447                                 ; LABCELL_X57_Y29_N57        ; 32      ; Clock enable            ; no     ; --                   ; --               ; --                        ;
; risc_v_mike_data_memory:i_risc_v_mike_data_memory|data_mem_ff[511][14]~511                                 ; LABCELL_X57_Y15_N27        ; 32      ; Clock enable            ; no     ; --                   ; --               ; --                        ;
; risc_v_mike_data_memory:i_risc_v_mike_data_memory|data_mem_ff[51][6]~51                                    ; LABCELL_X37_Y24_N51        ; 32      ; Clock enable            ; no     ; --                   ; --               ; --                        ;
; risc_v_mike_data_memory:i_risc_v_mike_data_memory|data_mem_ff[52][1]~7                                     ; LABCELL_X31_Y6_N54         ; 32      ; Clock enable            ; no     ; --                   ; --               ; --                        ;
; risc_v_mike_data_memory:i_risc_v_mike_data_memory|data_mem_ff[53][20]~23                                   ; LABCELL_X29_Y6_N24         ; 32      ; Clock enable            ; no     ; --                   ; --               ; --                        ;
; risc_v_mike_data_memory:i_risc_v_mike_data_memory|data_mem_ff[54][11]~39                                   ; LABCELL_X30_Y17_N30        ; 32      ; Clock enable            ; no     ; --                   ; --               ; --                        ;
; risc_v_mike_data_memory:i_risc_v_mike_data_memory|data_mem_ff[55][31]~55                                   ; LABCELL_X37_Y24_N57        ; 32      ; Clock enable            ; no     ; --                   ; --               ; --                        ;
; risc_v_mike_data_memory:i_risc_v_mike_data_memory|data_mem_ff[56][1]~11                                    ; MLABCELL_X28_Y24_N24       ; 32      ; Clock enable            ; no     ; --                   ; --               ; --                        ;
; risc_v_mike_data_memory:i_risc_v_mike_data_memory|data_mem_ff[57][30]~27                                   ; MLABCELL_X28_Y20_N12       ; 32      ; Clock enable            ; no     ; --                   ; --               ; --                        ;
; risc_v_mike_data_memory:i_risc_v_mike_data_memory|data_mem_ff[58][9]~43                                    ; LABCELL_X30_Y24_N48        ; 32      ; Clock enable            ; no     ; --                   ; --               ; --                        ;
; risc_v_mike_data_memory:i_risc_v_mike_data_memory|data_mem_ff[59][9]~59                                    ; LABCELL_X24_Y30_N18        ; 32      ; Clock enable            ; no     ; --                   ; --               ; --                        ;
; risc_v_mike_data_memory:i_risc_v_mike_data_memory|data_mem_ff[5][0]~20                                     ; MLABCELL_X34_Y23_N57       ; 32      ; Clock enable            ; no     ; --                   ; --               ; --                        ;
; risc_v_mike_data_memory:i_risc_v_mike_data_memory|data_mem_ff[60][16]~15                                   ; MLABCELL_X25_Y13_N12       ; 32      ; Clock enable            ; no     ; --                   ; --               ; --                        ;
; risc_v_mike_data_memory:i_risc_v_mike_data_memory|data_mem_ff[61][5]~31                                    ; LABCELL_X51_Y14_N36        ; 32      ; Clock enable            ; no     ; --                   ; --               ; --                        ;
; risc_v_mike_data_memory:i_risc_v_mike_data_memory|data_mem_ff[62][18]~47                                   ; MLABCELL_X39_Y24_N51       ; 32      ; Clock enable            ; no     ; --                   ; --               ; --                        ;
; risc_v_mike_data_memory:i_risc_v_mike_data_memory|data_mem_ff[63][12]~63                                   ; MLABCELL_X39_Y24_N12       ; 32      ; Clock enable            ; no     ; --                   ; --               ; --                        ;
; risc_v_mike_data_memory:i_risc_v_mike_data_memory|data_mem_ff[64][24]~64                                   ; LABCELL_X31_Y8_N33         ; 32      ; Clock enable            ; no     ; --                   ; --               ; --                        ;
; risc_v_mike_data_memory:i_risc_v_mike_data_memory|data_mem_ff[65][17]~68                                   ; LABCELL_X35_Y8_N48         ; 32      ; Clock enable            ; no     ; --                   ; --               ; --                        ;
; risc_v_mike_data_memory:i_risc_v_mike_data_memory|data_mem_ff[66][19]~72                                   ; LABCELL_X31_Y8_N45         ; 32      ; Clock enable            ; no     ; --                   ; --               ; --                        ;
; risc_v_mike_data_memory:i_risc_v_mike_data_memory|data_mem_ff[67][20]~76                                   ; LABCELL_X35_Y8_N51         ; 32      ; Clock enable            ; no     ; --                   ; --               ; --                        ;
; risc_v_mike_data_memory:i_risc_v_mike_data_memory|data_mem_ff[68][28]~80                                   ; LABCELL_X31_Y8_N27         ; 32      ; Clock enable            ; no     ; --                   ; --               ; --                        ;
; risc_v_mike_data_memory:i_risc_v_mike_data_memory|data_mem_ff[69][11]~84                                   ; LABCELL_X35_Y8_N33         ; 32      ; Clock enable            ; no     ; --                   ; --               ; --                        ;
; risc_v_mike_data_memory:i_risc_v_mike_data_memory|data_mem_ff[6][0]~36                                     ; LABCELL_X29_Y28_N30        ; 32      ; Clock enable            ; no     ; --                   ; --               ; --                        ;
; risc_v_mike_data_memory:i_risc_v_mike_data_memory|data_mem_ff[70][20]~88                                   ; LABCELL_X31_Y8_N24         ; 32      ; Clock enable            ; no     ; --                   ; --               ; --                        ;
; risc_v_mike_data_memory:i_risc_v_mike_data_memory|data_mem_ff[71][28]~92                                   ; LABCELL_X35_Y9_N48         ; 32      ; Clock enable            ; no     ; --                   ; --               ; --                        ;
; risc_v_mike_data_memory:i_risc_v_mike_data_memory|data_mem_ff[72][31]~96                                   ; MLABCELL_X25_Y13_N21       ; 32      ; Clock enable            ; no     ; --                   ; --               ; --                        ;
; risc_v_mike_data_memory:i_risc_v_mike_data_memory|data_mem_ff[73][13]~100                                  ; MLABCELL_X25_Y19_N9        ; 32      ; Clock enable            ; no     ; --                   ; --               ; --                        ;
; risc_v_mike_data_memory:i_risc_v_mike_data_memory|data_mem_ff[74][28]~104                                  ; MLABCELL_X25_Y13_N30       ; 32      ; Clock enable            ; no     ; --                   ; --               ; --                        ;
; risc_v_mike_data_memory:i_risc_v_mike_data_memory|data_mem_ff[75][25]~108                                  ; LABCELL_X27_Y19_N6         ; 32      ; Clock enable            ; no     ; --                   ; --               ; --                        ;
; risc_v_mike_data_memory:i_risc_v_mike_data_memory|data_mem_ff[76][19]~112                                  ; MLABCELL_X25_Y13_N18       ; 32      ; Clock enable            ; no     ; --                   ; --               ; --                        ;
; risc_v_mike_data_memory:i_risc_v_mike_data_memory|data_mem_ff[77][17]~116                                  ; LABCELL_X35_Y8_N30         ; 32      ; Clock enable            ; no     ; --                   ; --               ; --                        ;
; risc_v_mike_data_memory:i_risc_v_mike_data_memory|data_mem_ff[78][21]~120                                  ; MLABCELL_X25_Y13_N33       ; 32      ; Clock enable            ; no     ; --                   ; --               ; --                        ;
; risc_v_mike_data_memory:i_risc_v_mike_data_memory|data_mem_ff[79][2]~124                                   ; MLABCELL_X25_Y19_N6        ; 32      ; Clock enable            ; no     ; --                   ; --               ; --                        ;
; risc_v_mike_data_memory:i_risc_v_mike_data_memory|data_mem_ff[7][0]~52                                     ; MLABCELL_X34_Y23_N18       ; 32      ; Clock enable            ; no     ; --                   ; --               ; --                        ;
; risc_v_mike_data_memory:i_risc_v_mike_data_memory|data_mem_ff[80][10]~65                                   ; LABCELL_X31_Y6_N36         ; 32      ; Clock enable            ; no     ; --                   ; --               ; --                        ;
; risc_v_mike_data_memory:i_risc_v_mike_data_memory|data_mem_ff[81][25]~69                                   ; LABCELL_X35_Y6_N0          ; 32      ; Clock enable            ; no     ; --                   ; --               ; --                        ;
; risc_v_mike_data_memory:i_risc_v_mike_data_memory|data_mem_ff[82][0]~73                                    ; LABCELL_X31_Y6_N39         ; 32      ; Clock enable            ; no     ; --                   ; --               ; --                        ;
; risc_v_mike_data_memory:i_risc_v_mike_data_memory|data_mem_ff[83][0]~77                                    ; LABCELL_X35_Y6_N6          ; 32      ; Clock enable            ; no     ; --                   ; --               ; --                        ;
; risc_v_mike_data_memory:i_risc_v_mike_data_memory|data_mem_ff[84][9]~81                                    ; LABCELL_X31_Y6_N6          ; 32      ; Clock enable            ; no     ; --                   ; --               ; --                        ;
; risc_v_mike_data_memory:i_risc_v_mike_data_memory|data_mem_ff[85][6]~85                                    ; LABCELL_X35_Y6_N3          ; 32      ; Clock enable            ; no     ; --                   ; --               ; --                        ;
; risc_v_mike_data_memory:i_risc_v_mike_data_memory|data_mem_ff[86][16]~89                                   ; LABCELL_X35_Y9_N12         ; 32      ; Clock enable            ; no     ; --                   ; --               ; --                        ;
; risc_v_mike_data_memory:i_risc_v_mike_data_memory|data_mem_ff[87][7]~93                                    ; LABCELL_X35_Y6_N9          ; 32      ; Clock enable            ; no     ; --                   ; --               ; --                        ;
; risc_v_mike_data_memory:i_risc_v_mike_data_memory|data_mem_ff[88][5]~97                                    ; MLABCELL_X25_Y13_N57       ; 32      ; Clock enable            ; no     ; --                   ; --               ; --                        ;
; risc_v_mike_data_memory:i_risc_v_mike_data_memory|data_mem_ff[89][1]~101                                   ; LABCELL_X24_Y12_N21        ; 32      ; Clock enable            ; no     ; --                   ; --               ; --                        ;
; risc_v_mike_data_memory:i_risc_v_mike_data_memory|data_mem_ff[8][12]~8                                     ; MLABCELL_X34_Y23_N42       ; 32      ; Clock enable            ; no     ; --                   ; --               ; --                        ;
; risc_v_mike_data_memory:i_risc_v_mike_data_memory|data_mem_ff[90][4]~105                                   ; MLABCELL_X25_Y13_N0        ; 32      ; Clock enable            ; no     ; --                   ; --               ; --                        ;
; risc_v_mike_data_memory:i_risc_v_mike_data_memory|data_mem_ff[91][19]~109                                  ; LABCELL_X23_Y12_N0         ; 32      ; Clock enable            ; no     ; --                   ; --               ; --                        ;
; risc_v_mike_data_memory:i_risc_v_mike_data_memory|data_mem_ff[92][30]~113                                  ; MLABCELL_X25_Y13_N54       ; 32      ; Clock enable            ; no     ; --                   ; --               ; --                        ;
; risc_v_mike_data_memory:i_risc_v_mike_data_memory|data_mem_ff[93][0]~117                                   ; LABCELL_X24_Y12_N27        ; 32      ; Clock enable            ; no     ; --                   ; --               ; --                        ;
; risc_v_mike_data_memory:i_risc_v_mike_data_memory|data_mem_ff[94][10]~121                                  ; LABCELL_X24_Y12_N33        ; 32      ; Clock enable            ; no     ; --                   ; --               ; --                        ;
; risc_v_mike_data_memory:i_risc_v_mike_data_memory|data_mem_ff[95][1]~125                                   ; LABCELL_X24_Y12_N30        ; 32      ; Clock enable            ; no     ; --                   ; --               ; --                        ;
; risc_v_mike_data_memory:i_risc_v_mike_data_memory|data_mem_ff[96][8]~66                                    ; LABCELL_X24_Y3_N48         ; 32      ; Clock enable            ; no     ; --                   ; --               ; --                        ;
; risc_v_mike_data_memory:i_risc_v_mike_data_memory|data_mem_ff[97][15]~70                                   ; LABCELL_X35_Y8_N54         ; 32      ; Clock enable            ; no     ; --                   ; --               ; --                        ;
; risc_v_mike_data_memory:i_risc_v_mike_data_memory|data_mem_ff[98][28]~74                                   ; LABCELL_X31_Y8_N6          ; 32      ; Clock enable            ; no     ; --                   ; --               ; --                        ;
; risc_v_mike_data_memory:i_risc_v_mike_data_memory|data_mem_ff[99][19]~78                                   ; LABCELL_X35_Y8_N57         ; 32      ; Clock enable            ; no     ; --                   ; --               ; --                        ;
; risc_v_mike_data_memory:i_risc_v_mike_data_memory|data_mem_ff[9][5]~24                                     ; LABCELL_X40_Y23_N54        ; 32      ; Clock enable            ; no     ; --                   ; --               ; --                        ;
; risc_v_mike_reg_file:i_risc_v_mike_reg_file|reg_file_ff[10][13]~25                                         ; LABCELL_X83_Y21_N45        ; 32      ; Clock enable            ; no     ; --                   ; --               ; --                        ;
; risc_v_mike_reg_file:i_risc_v_mike_reg_file|reg_file_ff[11][23]~26                                         ; LABCELL_X83_Y21_N51        ; 32      ; Clock enable            ; no     ; --                   ; --               ; --                        ;
; risc_v_mike_reg_file:i_risc_v_mike_reg_file|reg_file_ff[12][26]~27                                         ; MLABCELL_X82_Y22_N15       ; 32      ; Clock enable            ; no     ; --                   ; --               ; --                        ;
; risc_v_mike_reg_file:i_risc_v_mike_reg_file|reg_file_ff[13][30]~28                                         ; MLABCELL_X82_Y22_N9        ; 32      ; Clock enable            ; no     ; --                   ; --               ; --                        ;
; risc_v_mike_reg_file:i_risc_v_mike_reg_file|reg_file_ff[14][16]~29                                         ; LABCELL_X83_Y21_N42        ; 32      ; Clock enable            ; no     ; --                   ; --               ; --                        ;
; risc_v_mike_reg_file:i_risc_v_mike_reg_file|reg_file_ff[15][16]~30                                         ; LABCELL_X83_Y21_N48        ; 32      ; Clock enable            ; no     ; --                   ; --               ; --                        ;
; risc_v_mike_reg_file:i_risc_v_mike_reg_file|reg_file_ff[16][14]~0                                          ; MLABCELL_X82_Y22_N3        ; 32      ; Clock enable            ; no     ; --                   ; --               ; --                        ;
; risc_v_mike_reg_file:i_risc_v_mike_reg_file|reg_file_ff[17][1]~4                                           ; MLABCELL_X82_Y22_N42       ; 32      ; Clock enable            ; no     ; --                   ; --               ; --                        ;
; risc_v_mike_reg_file:i_risc_v_mike_reg_file|reg_file_ff[18][15]~8                                          ; MLABCELL_X82_Y22_N33       ; 32      ; Clock enable            ; no     ; --                   ; --               ; --                        ;
; risc_v_mike_reg_file:i_risc_v_mike_reg_file|reg_file_ff[19][8]~12                                          ; MLABCELL_X82_Y22_N39       ; 32      ; Clock enable            ; no     ; --                   ; --               ; --                        ;
; risc_v_mike_reg_file:i_risc_v_mike_reg_file|reg_file_ff[1][0]~20                                           ; MLABCELL_X82_Y22_N24       ; 32      ; Clock enable            ; no     ; --                   ; --               ; --                        ;
; risc_v_mike_reg_file:i_risc_v_mike_reg_file|reg_file_ff[20][25]~2                                          ; MLABCELL_X82_Y22_N0        ; 32      ; Clock enable            ; no     ; --                   ; --               ; --                        ;
; risc_v_mike_reg_file:i_risc_v_mike_reg_file|reg_file_ff[21][5]~6                                           ; MLABCELL_X82_Y22_N21       ; 34      ; Clock enable            ; no     ; --                   ; --               ; --                        ;
; risc_v_mike_reg_file:i_risc_v_mike_reg_file|reg_file_ff[22][3]~10                                          ; MLABCELL_X82_Y22_N30       ; 32      ; Clock enable            ; no     ; --                   ; --               ; --                        ;
; risc_v_mike_reg_file:i_risc_v_mike_reg_file|reg_file_ff[23][30]~14                                         ; MLABCELL_X82_Y22_N36       ; 32      ; Clock enable            ; no     ; --                   ; --               ; --                        ;
; risc_v_mike_reg_file:i_risc_v_mike_reg_file|reg_file_ff[24][6]~1                                           ; LABCELL_X83_Y21_N6         ; 32      ; Clock enable            ; no     ; --                   ; --               ; --                        ;
; risc_v_mike_reg_file:i_risc_v_mike_reg_file|reg_file_ff[25][16]~5                                          ; LABCELL_X83_Y21_N15        ; 32      ; Clock enable            ; no     ; --                   ; --               ; --                        ;
; risc_v_mike_reg_file:i_risc_v_mike_reg_file|reg_file_ff[26][2]~9                                           ; LABCELL_X83_Y21_N18        ; 32      ; Clock enable            ; no     ; --                   ; --               ; --                        ;
; risc_v_mike_reg_file:i_risc_v_mike_reg_file|reg_file_ff[27][24]~13                                         ; LABCELL_X83_Y21_N27        ; 32      ; Clock enable            ; no     ; --                   ; --               ; --                        ;
; risc_v_mike_reg_file:i_risc_v_mike_reg_file|reg_file_ff[28][17]~3                                          ; MLABCELL_X82_Y22_N6        ; 32      ; Clock enable            ; no     ; --                   ; --               ; --                        ;
; risc_v_mike_reg_file:i_risc_v_mike_reg_file|reg_file_ff[29][25]~7                                          ; MLABCELL_X82_Y22_N54       ; 34      ; Clock enable            ; no     ; --                   ; --               ; --                        ;
; risc_v_mike_reg_file:i_risc_v_mike_reg_file|reg_file_ff[2][6]~21                                           ; MLABCELL_X82_Y22_N27       ; 32      ; Clock enable            ; no     ; --                   ; --               ; --                        ;
; risc_v_mike_reg_file:i_risc_v_mike_reg_file|reg_file_ff[30][30]~11                                         ; MLABCELL_X82_Y22_N57       ; 32      ; Clock enable            ; no     ; --                   ; --               ; --                        ;
; risc_v_mike_reg_file:i_risc_v_mike_reg_file|reg_file_ff[31][31]~15                                         ; LABCELL_X83_Y21_N24        ; 32      ; Clock enable            ; no     ; --                   ; --               ; --                        ;
; risc_v_mike_reg_file:i_risc_v_mike_reg_file|reg_file_ff[3][29]~22                                          ; MLABCELL_X82_Y22_N45       ; 32      ; Clock enable            ; no     ; --                   ; --               ; --                        ;
; risc_v_mike_reg_file:i_risc_v_mike_reg_file|reg_file_ff[4][22]~16                                          ; MLABCELL_X82_Y22_N12       ; 32      ; Clock enable            ; no     ; --                   ; --               ; --                        ;
; risc_v_mike_reg_file:i_risc_v_mike_reg_file|reg_file_ff[5][0]~17                                           ; MLABCELL_X82_Y22_N48       ; 32      ; Clock enable            ; no     ; --                   ; --               ; --                        ;
; risc_v_mike_reg_file:i_risc_v_mike_reg_file|reg_file_ff[6][18]~18                                          ; MLABCELL_X82_Y22_N51       ; 32      ; Clock enable            ; no     ; --                   ; --               ; --                        ;
; risc_v_mike_reg_file:i_risc_v_mike_reg_file|reg_file_ff[7][23]~19                                          ; MLABCELL_X82_Y22_N18       ; 32      ; Clock enable            ; no     ; --                   ; --               ; --                        ;
; risc_v_mike_reg_file:i_risc_v_mike_reg_file|reg_file_ff[8][30]~23                                          ; LABCELL_X83_Y21_N0         ; 33      ; Clock enable            ; no     ; --                   ; --               ; --                        ;
; risc_v_mike_reg_file:i_risc_v_mike_reg_file|reg_file_ff[9][3]~24                                           ; LABCELL_X83_Y21_N39        ; 32      ; Clock enable            ; no     ; --                   ; --               ; --                        ;
; risv_mike_pll:i_risv_mike_pll|risv_mike_pll_0002:risv_mike_pll_inst|altera_pll:altera_pll_i|outclk_wire[0] ; PLLOUTPUTCOUNTER_X0_Y20_N1 ; 18116   ; Clock                   ; yes    ; Global Clock         ; GCLK0            ; --                        ;
; rst                                                                                                        ; PIN_AA30                   ; 3       ; Async. clear            ; no     ; --                   ; --               ; --                        ;
+------------------------------------------------------------------------------------------------------------+----------------------------+---------+-------------------------+--------+----------------------+------------------+---------------------------+


+-------------------------------------------------------------------------------------------------------------------------------------------------------------------------------------------------------------------------+
; Global & Other Fast Signals                                                                                                                                                                                             ;
+------------------------------------------------------------------------------------------------------------+----------------------------+---------+----------------------+------------------+---------------------------+
; Name                                                                                                       ; Location                   ; Fan-Out ; Global Resource Used ; Global Line Name ; Enable Signal Source Name ;
+------------------------------------------------------------------------------------------------------------+----------------------------+---------+----------------------+------------------+---------------------------+
; clk_in                                                                                                     ; PIN_AF14                   ; 3       ; Global Clock         ; GCLK4            ; --                        ;
; risv_mike_pll:i_risv_mike_pll|risv_mike_pll_0002:risv_mike_pll_inst|altera_pll:altera_pll_i|outclk_wire[0] ; PLLOUTPUTCOUNTER_X0_Y20_N1 ; 18116   ; Global Clock         ; GCLK0            ; --                        ;
+------------------------------------------------------------------------------------------------------------+----------------------------+---------+----------------------+------------------+---------------------------+


+---------------------------------------------------------------------+
; Non-Global High Fan-Out Signals                                     ;
+-----------------------------------------------------------+---------+
; Name                                                      ; Fan-Out ;
+-----------------------------------------------------------+---------+
; risc_v_mike_clk_divider:i_risc_v_mike_clk_divider|rst_out ; 18470   ;
; data_mem_addr_m[6]                                        ; 1663    ;
; data_mem_addr_m[5]                                        ; 1627    ;
; data_mem_addr_m[4]                                        ; 1504    ;
; data_mem_addr_m[2]                                        ; 1476    ;
; data_mem_addr_m[8]                                        ; 1464    ;
; data_mem_addr_m[9]                                        ; 1453    ;
; data_mem_addr_m[3]                                        ; 1443    ;
; data_mem_addr_m[7]                                        ; 1416    ;
; risc_v_data_fwd:i_risc_v_data_fwd|reg_file_2_alu_2_m[0]   ; 512     ;
; risc_v_data_fwd:i_risc_v_data_fwd|reg_file_2_alu_2_m[31]  ; 512     ;
; risc_v_data_fwd:i_risc_v_data_fwd|reg_file_2_alu_2_m[30]  ; 512     ;
; risc_v_data_fwd:i_risc_v_data_fwd|reg_file_2_alu_2_m[29]  ; 512     ;
; risc_v_data_fwd:i_risc_v_data_fwd|reg_file_2_alu_2_m[28]  ; 512     ;
; risc_v_data_fwd:i_risc_v_data_fwd|reg_file_2_alu_2_m[27]  ; 512     ;
; risc_v_data_fwd:i_risc_v_data_fwd|reg_file_2_alu_2_m[26]  ; 512     ;
; risc_v_data_fwd:i_risc_v_data_fwd|reg_file_2_alu_2_m[25]  ; 512     ;
; risc_v_data_fwd:i_risc_v_data_fwd|reg_file_2_alu_2_m[24]  ; 512     ;
; risc_v_data_fwd:i_risc_v_data_fwd|reg_file_2_alu_2_m[23]  ; 512     ;
; risc_v_data_fwd:i_risc_v_data_fwd|reg_file_2_alu_2_m[22]  ; 512     ;
; risc_v_data_fwd:i_risc_v_data_fwd|reg_file_2_alu_2_m[21]  ; 512     ;
; risc_v_data_fwd:i_risc_v_data_fwd|reg_file_2_alu_2_m[20]  ; 512     ;
; risc_v_data_fwd:i_risc_v_data_fwd|reg_file_2_alu_2_m[19]  ; 512     ;
; risc_v_data_fwd:i_risc_v_data_fwd|reg_file_2_alu_2_m[18]  ; 512     ;
; risc_v_data_fwd:i_risc_v_data_fwd|reg_file_2_alu_2_m[17]  ; 512     ;
; risc_v_data_fwd:i_risc_v_data_fwd|reg_file_2_alu_2_m[16]  ; 512     ;
; risc_v_data_fwd:i_risc_v_data_fwd|reg_file_2_alu_2_m[15]  ; 512     ;
; risc_v_data_fwd:i_risc_v_data_fwd|reg_file_2_alu_2_m[14]  ; 512     ;
; risc_v_data_fwd:i_risc_v_data_fwd|reg_file_2_alu_2_m[13]  ; 512     ;
; risc_v_data_fwd:i_risc_v_data_fwd|reg_file_2_alu_2_m[12]  ; 512     ;
; risc_v_data_fwd:i_risc_v_data_fwd|reg_file_2_alu_2_m[11]  ; 512     ;
; risc_v_data_fwd:i_risc_v_data_fwd|reg_file_2_alu_2_m[10]  ; 512     ;
; risc_v_data_fwd:i_risc_v_data_fwd|reg_file_2_alu_2_m[9]   ; 512     ;
; risc_v_data_fwd:i_risc_v_data_fwd|reg_file_2_alu_2_m[8]   ; 512     ;
; risc_v_data_fwd:i_risc_v_data_fwd|reg_file_2_alu_2_m[7]   ; 512     ;
; risc_v_data_fwd:i_risc_v_data_fwd|reg_file_2_alu_2_m[6]   ; 512     ;
; risc_v_data_fwd:i_risc_v_data_fwd|reg_file_2_alu_2_m[5]   ; 512     ;
; risc_v_data_fwd:i_risc_v_data_fwd|reg_file_2_alu_2_m[4]   ; 512     ;
; risc_v_data_fwd:i_risc_v_data_fwd|reg_file_2_alu_2_m[3]   ; 512     ;
; risc_v_data_fwd:i_risc_v_data_fwd|reg_file_2_alu_2_m[2]   ; 512     ;
; risc_v_data_fwd:i_risc_v_data_fwd|reg_file_2_alu_2_m[1]   ; 512     ;
+-----------------------------------------------------------+---------+


+-------------------------------------------------------------------------------------------------------------------------------------------------------------------------------------------------------------------------------------------------------------------------------------------------------------------------------------------------------------------------------------------------------------------------------------------------------------------------------------------------------------------------------------------------------------------------------------------------------------------------------------------------------------------------------------------------------------------------------------+
; Fitter RAM Summary                                                                                                                                                                                                                                                                                                                                                                                                                                                                                                                                                                                                                                                                                                                  ;
+---------------------------------------------------------------------------------------------------------------------------------+------+------+--------------+--------------+--------------+--------------+--------------+------------------------+-------------------------+------------------------+-------------------------+-------+-----------------------------+-----------------------------+-----------------------------+-----------------------------+---------------------+-------------+-------+---------------------------------------------+---------------------------------------------------+----------------------+-----------------+-----------------+----------+------------------------+-----------------------+
; Name                                                                                                                            ; Type ; Mode ; Clock Mode   ; Port A Depth ; Port A Width ; Port B Depth ; Port B Width ; Port A Input Registers ; Port A Output Registers ; Port B Input Registers ; Port B Output Registers ; Size  ; Implementation Port A Depth ; Implementation Port A Width ; Implementation Port B Depth ; Implementation Port B Width ; Implementation Bits ; M10K blocks ; MLABs ; MIF                                         ; Location                                          ; Mixed Width RDW Mode ; Port A RDW Mode ; Port B RDW Mode ; ECC Mode ; ECC Pipeline Registers ; Fits in MLABs         ;
+---------------------------------------------------------------------------------------------------------------------------------+------+------+--------------+--------------+--------------+--------------+--------------+------------------------+-------------------------+------------------------+-------------------------+-------+-----------------------------+-----------------------------+-----------------------------+-----------------------------+---------------------+-------------+-------+---------------------------------------------+---------------------------------------------------+----------------------+-----------------+-----------------+----------+------------------------+-----------------------+
; risc_v_mike_instruction_memory:i_risc_v_mike_instruction_memory|altsyncram:Mux0_rtl_0|altsyncram_1u71:auto_generated|ALTSYNCRAM ; AUTO ; ROM  ; Single Clock ; 1024         ; 28           ; --           ; --           ; yes                    ; no                      ; --                     ; --                      ; 28672 ; 1024                        ; 28                          ; --                          ; --                          ; 28672               ; 3           ; 0     ; proj_quartus_final.risc_v_mike_top0.rtl.mif ; M10K_X76_Y14_N0, M10K_X76_Y15_N0, M10K_X76_Y16_N0 ; Don't care           ; New data        ; New data        ; Off      ; No                     ; No - Address Too Wide ;
+---------------------------------------------------------------------------------------------------------------------------------+------+------+--------------+--------------+--------------+--------------+--------------+------------------------+-------------------------+------------------------+-------------------------+-------+-----------------------------+-----------------------------+-----------------------------+-----------------------------+---------------------+-------------+-------+---------------------------------------------+---------------------------------------------------+----------------------+-----------------+-----------------+----------+------------------------+-----------------------+
Note: Fitter may spread logical memories into multiple blocks to improve timing. The actual required RAM blocks can be found in the Fitter Resource Usage section.


+-------------------------------------------------------------------------+
; Routing Usage Summary                                                   ;
+---------------------------------------------+---------------------------+
; Routing Resource Type                       ; Usage                     ;
+---------------------------------------------+---------------------------+
; Block interconnects                         ; 38,274 / 289,320 ( 13 % ) ;
; C12 interconnects                           ; 569 / 13,420 ( 4 % )      ;
; C2 interconnects                            ; 11,446 / 119,108 ( 10 % ) ;
; C4 interconnects                            ; 7,877 / 56,300 ( 14 % )   ;
; DQS bus muxes                               ; 0 / 25 ( 0 % )            ;
; DQS-18 I/O buses                            ; 0 / 25 ( 0 % )            ;
; DQS-9 I/O buses                             ; 0 / 25 ( 0 % )            ;
; Direct links                                ; 2,662 / 289,320 ( < 1 % ) ;
; Global clocks                               ; 2 / 16 ( 13 % )           ;
; HPS SDRAM PLL inputs                        ; 0 / 1 ( 0 % )             ;
; HPS SDRAM PLL outputs                       ; 0 / 1 ( 0 % )             ;
; HPS_INTERFACE_BOOT_FROM_FPGA_INPUTs         ; 0 / 9 ( 0 % )             ;
; HPS_INTERFACE_CLOCKS_RESETS_INPUTs          ; 0 / 7 ( 0 % )             ;
; HPS_INTERFACE_CLOCKS_RESETS_OUTPUTs         ; 0 / 6 ( 0 % )             ;
; HPS_INTERFACE_CROSS_TRIGGER_INPUTs          ; 0 / 18 ( 0 % )            ;
; HPS_INTERFACE_CROSS_TRIGGER_OUTPUTs         ; 0 / 24 ( 0 % )            ;
; HPS_INTERFACE_DBG_APB_INPUTs                ; 0 / 37 ( 0 % )            ;
; HPS_INTERFACE_DBG_APB_OUTPUTs               ; 0 / 55 ( 0 % )            ;
; HPS_INTERFACE_DMA_INPUTs                    ; 0 / 16 ( 0 % )            ;
; HPS_INTERFACE_DMA_OUTPUTs                   ; 0 / 8 ( 0 % )             ;
; HPS_INTERFACE_FPGA2HPS_INPUTs               ; 0 / 287 ( 0 % )           ;
; HPS_INTERFACE_FPGA2HPS_OUTPUTs              ; 0 / 154 ( 0 % )           ;
; HPS_INTERFACE_FPGA2SDRAM_INPUTs             ; 0 / 852 ( 0 % )           ;
; HPS_INTERFACE_FPGA2SDRAM_OUTPUTs            ; 0 / 408 ( 0 % )           ;
; HPS_INTERFACE_HPS2FPGA_INPUTs               ; 0 / 165 ( 0 % )           ;
; HPS_INTERFACE_HPS2FPGA_LIGHT_WEIGHT_INPUTs  ; 0 / 67 ( 0 % )            ;
; HPS_INTERFACE_HPS2FPGA_LIGHT_WEIGHT_OUTPUTs ; 0 / 156 ( 0 % )           ;
; HPS_INTERFACE_HPS2FPGA_OUTPUTs              ; 0 / 282 ( 0 % )           ;
; HPS_INTERFACE_INTERRUPTS_INPUTs             ; 0 / 64 ( 0 % )            ;
; HPS_INTERFACE_INTERRUPTS_OUTPUTs            ; 0 / 42 ( 0 % )            ;
; HPS_INTERFACE_JTAG_OUTPUTs                  ; 0 / 5 ( 0 % )             ;
; HPS_INTERFACE_LOAN_IO_INPUTs                ; 0 / 142 ( 0 % )           ;
; HPS_INTERFACE_LOAN_IO_OUTPUTs               ; 0 / 85 ( 0 % )            ;
; HPS_INTERFACE_MPU_EVENT_STANDBY_INPUTs      ; 0 / 1 ( 0 % )             ;
; HPS_INTERFACE_MPU_EVENT_STANDBY_OUTPUTs     ; 0 / 5 ( 0 % )             ;
; HPS_INTERFACE_MPU_GENERAL_PURPOSE_INPUTs    ; 0 / 32 ( 0 % )            ;
; HPS_INTERFACE_MPU_GENERAL_PURPOSE_OUTPUTs   ; 0 / 32 ( 0 % )            ;
; HPS_INTERFACE_PERIPHERAL_CAN_INPUTs         ; 0 / 2 ( 0 % )             ;
; HPS_INTERFACE_PERIPHERAL_CAN_OUTPUTs        ; 0 / 2 ( 0 % )             ;
; HPS_INTERFACE_PERIPHERAL_EMAC_INPUTs        ; 0 / 32 ( 0 % )            ;
; HPS_INTERFACE_PERIPHERAL_EMAC_OUTPUTs       ; 0 / 34 ( 0 % )            ;
; HPS_INTERFACE_PERIPHERAL_I2C_INPUTs         ; 0 / 8 ( 0 % )             ;
; HPS_INTERFACE_PERIPHERAL_I2C_OUTPUTs        ; 0 / 8 ( 0 % )             ;
; HPS_INTERFACE_PERIPHERAL_NAND_INPUTs        ; 0 / 12 ( 0 % )            ;
; HPS_INTERFACE_PERIPHERAL_NAND_OUTPUTs       ; 0 / 18 ( 0 % )            ;
; HPS_INTERFACE_PERIPHERAL_QSPI_INPUTs        ; 0 / 4 ( 0 % )             ;
; HPS_INTERFACE_PERIPHERAL_QSPI_OUTPUTs       ; 0 / 13 ( 0 % )            ;
; HPS_INTERFACE_PERIPHERAL_SDMMC_INPUTs       ; 0 / 13 ( 0 % )            ;
; HPS_INTERFACE_PERIPHERAL_SDMMC_OUTPUTs      ; 0 / 22 ( 0 % )            ;
; HPS_INTERFACE_PERIPHERAL_SPI_MASTER_INPUTs  ; 0 / 4 ( 0 % )             ;
; HPS_INTERFACE_PERIPHERAL_SPI_MASTER_OUTPUTs ; 0 / 14 ( 0 % )            ;
; HPS_INTERFACE_PERIPHERAL_SPI_SLAVE_INPUTs   ; 0 / 6 ( 0 % )             ;
; HPS_INTERFACE_PERIPHERAL_SPI_SLAVE_OUTPUTs  ; 0 / 4 ( 0 % )             ;
; HPS_INTERFACE_PERIPHERAL_UART_INPUTs        ; 0 / 10 ( 0 % )            ;
; HPS_INTERFACE_PERIPHERAL_UART_OUTPUTs       ; 0 / 10 ( 0 % )            ;
; HPS_INTERFACE_PERIPHERAL_USB_INPUTs         ; 0 / 22 ( 0 % )            ;
; HPS_INTERFACE_PERIPHERAL_USB_OUTPUTs        ; 0 / 34 ( 0 % )            ;
; HPS_INTERFACE_STM_EVENT_INPUTs              ; 0 / 28 ( 0 % )            ;
; HPS_INTERFACE_TEST_INPUTs                   ; 0 / 610 ( 0 % )           ;
; HPS_INTERFACE_TEST_OUTPUTs                  ; 0 / 513 ( 0 % )           ;
; HPS_INTERFACE_TPIU_TRACE_INPUTs             ; 0 / 2 ( 0 % )             ;
; HPS_INTERFACE_TPIU_TRACE_OUTPUTs            ; 0 / 33 ( 0 % )            ;
; Horizontal periphery clocks                 ; 0 / 72 ( 0 % )            ;
; Local interconnects                         ; 7,376 / 84,580 ( 9 % )    ;
; Quadrant clocks                             ; 0 / 66 ( 0 % )            ;
; R14 interconnects                           ; 676 / 12,676 ( 5 % )      ;
; R14/C12 interconnect drivers                ; 989 / 20,720 ( 5 % )      ;
; R3 interconnects                            ; 15,483 / 130,992 ( 12 % ) ;
; R6 interconnects                            ; 26,171 / 266,960 ( 10 % ) ;
; Spine clocks                                ; 9 / 360 ( 3 % )           ;
; Wire stub REs                               ; 0 / 15,858 ( 0 % )        ;
+---------------------------------------------+---------------------------+


+------------------------------------------+
; I/O Rules Summary                        ;
+----------------------------------+-------+
; I/O Rules Statistic              ; Total ;
+----------------------------------+-------+
; Total I/O Rules                  ; 28    ;
; Number of I/O Rules Passed       ; 9     ;
; Number of I/O Rules Failed       ; 0     ;
; Number of I/O Rules Unchecked    ; 0     ;
; Number of I/O Rules Inapplicable ; 19    ;
+----------------------------------+-------+


+-----------------------------------------------------------------------------------------------------------------------------------------------------------------------------------------------------------------------------------------------------------------------------------+
; I/O Rules Details                                                                                                                                                                                                                                                                 ;
+--------------+-----------+-----------------------------------+------------------------------------------------------------------------------------+----------+--------------------------------------------------------------------------+---------------------+-------------------+
; Status       ; ID        ; Category                          ; Rule Description                                                                   ; Severity ; Information                                                              ; Area                ; Extra Information ;
+--------------+-----------+-----------------------------------+------------------------------------------------------------------------------------+----------+--------------------------------------------------------------------------+---------------------+-------------------+
; Pass         ; IO_000001 ; Capacity Checks                   ; Number of pins in an I/O bank should not exceed the number of locations available. ; Critical ; 0 such failures found.                                                   ; I/O                 ;                   ;
; Inapplicable ; IO_000002 ; Capacity Checks                   ; Number of clocks in an I/O bank should not exceed the number of clocks available.  ; Critical ; No Global Signal assignments found.                                      ; I/O                 ;                   ;
; Pass         ; IO_000003 ; Capacity Checks                   ; Number of pins in a Vrefgroup should not exceed the number of locations available. ; Critical ; 0 such failures found.                                                   ; I/O                 ;                   ;
; Inapplicable ; IO_000004 ; Voltage Compatibility Checks      ; The I/O bank should support the requested VCCIO.                                   ; Critical ; No IOBANK_VCCIO assignments found.                                       ; I/O                 ;                   ;
; Inapplicable ; IO_000005 ; Voltage Compatibility Checks      ; The I/O bank should not have competing VREF values.                                ; Critical ; No VREF I/O Standard assignments found.                                  ; I/O                 ;                   ;
; Pass         ; IO_000006 ; Voltage Compatibility Checks      ; The I/O bank should not have competing VCCIO values.                               ; Critical ; 0 such failures found.                                                   ; I/O                 ;                   ;
; Pass         ; IO_000007 ; Valid Location Checks             ; Checks for unavailable locations.                                                  ; Critical ; 0 such failures found.                                                   ; I/O                 ;                   ;
; Inapplicable ; IO_000008 ; Valid Location Checks             ; Checks for reserved locations.                                                     ; Critical ; No reserved LogicLock region found.                                      ; I/O                 ;                   ;
; Pass         ; IO_000009 ; I/O Properties Checks for One I/O ; The location should support the requested I/O standard.                            ; Critical ; 0 such failures found.                                                   ; I/O                 ;                   ;
; Pass         ; IO_000010 ; I/O Properties Checks for One I/O ; The location should support the requested I/O direction.                           ; Critical ; 0 such failures found.                                                   ; I/O                 ;                   ;
; Inapplicable ; IO_000011 ; I/O Properties Checks for One I/O ; The location should support the requested Current Strength.                        ; Critical ; No Current Strength assignments found.                                   ; I/O                 ;                   ;
; Pass         ; IO_000012 ; I/O Properties Checks for One I/O ; The location should support the requested On Chip Termination value.               ; Critical ; 0 such failures found.                                                   ; I/O                 ;                   ;
; Inapplicable ; IO_000013 ; I/O Properties Checks for One I/O ; The location should support the requested Bus Hold value.                          ; Critical ; No Enable Bus-Hold Circuitry assignments found.                          ; I/O                 ;                   ;
; Inapplicable ; IO_000014 ; I/O Properties Checks for One I/O ; The location should support the requested Weak Pull Up value.                      ; Critical ; No Weak Pull-Up Resistor assignments found.                              ; I/O                 ;                   ;
; Inapplicable ; IO_000015 ; I/O Properties Checks for One I/O ; The location should support the requested PCI Clamp Diode.                         ; Critical ; No Clamping Diode assignments found.                                     ; I/O                 ;                   ;
; Inapplicable ; IO_000018 ; I/O Properties Checks for One I/O ; The I/O standard should support the requested Current Strength.                    ; Critical ; No Current Strength assignments found.                                   ; I/O                 ;                   ;
; Pass         ; IO_000019 ; I/O Properties Checks for One I/O ; The I/O standard should support the requested On Chip Termination value.           ; Critical ; 0 such failures found.                                                   ; I/O                 ;                   ;
; Inapplicable ; IO_000020 ; I/O Properties Checks for One I/O ; The I/O standard should support the requested PCI Clamp Diode.                     ; Critical ; No Clamping Diode assignments found.                                     ; I/O                 ;                   ;
; Inapplicable ; IO_000021 ; I/O Properties Checks for One I/O ; The I/O standard should support the requested Weak Pull Up value.                  ; Critical ; No Weak Pull-Up Resistor assignments found.                              ; I/O                 ;                   ;
; Inapplicable ; IO_000022 ; I/O Properties Checks for One I/O ; The I/O standard should support the requested Bus Hold value.                      ; Critical ; No Enable Bus-Hold Circuitry assignments found.                          ; I/O                 ;                   ;
; Inapplicable ; IO_000023 ; I/O Properties Checks for One I/O ; The I/O standard should support the Open Drain value.                              ; Critical ; No open drain assignments found.                                         ; I/O                 ;                   ;
; Pass         ; IO_000024 ; I/O Properties Checks for One I/O ; The I/O direction should support the On Chip Termination value.                    ; Critical ; 0 such failures found.                                                   ; I/O                 ;                   ;
; Inapplicable ; IO_000026 ; I/O Properties Checks for One I/O ; On Chip Termination and Current Strength should not be used at the same time.      ; Critical ; No Current Strength assignments found.                                   ; I/O                 ;                   ;
; Inapplicable ; IO_000027 ; I/O Properties Checks for One I/O ; Weak Pull Up and Bus Hold should not be used at the same time.                     ; Critical ; No Enable Bus-Hold Circuitry or Weak Pull-Up Resistor assignments found. ; I/O                 ;                   ;
; Inapplicable ; IO_000045 ; I/O Properties Checks for One I/O ; The I/O standard should support the requested Slew Rate value.                     ; Critical ; No Slew Rate assignments found.                                          ; I/O                 ;                   ;
; Inapplicable ; IO_000046 ; I/O Properties Checks for One I/O ; The location should support the requested Slew Rate value.                         ; Critical ; No Slew Rate assignments found.                                          ; I/O                 ;                   ;
; Inapplicable ; IO_000047 ; I/O Properties Checks for One I/O ; On Chip Termination and Slew Rate should not be used at the same time.             ; Critical ; No Slew Rate assignments found.                                          ; I/O                 ;                   ;
; Inapplicable ; IO_000034 ; SI Related Distance Checks        ; Single-ended outputs should be 0 LAB row(s) away from a differential I/O.          ; High     ; No Differential I/O Standard assignments found.                          ; I/O                 ;                   ;
; ----         ; ----      ; Disclaimer                        ; OCT rules are checked but not reported.                                            ; None     ; ----                                                                     ; On Chip Termination ;                   ;
+--------------+-----------+-----------------------------------+------------------------------------------------------------------------------------+----------+--------------------------------------------------------------------------+---------------------+-------------------+


+--------------------------------------------------------------------------------------------------------------------------------------------------------------------------------------------------------------------------------------------------------------------------------------------------------------------------------------------------------------------------------------------------------------------------------------+
; I/O Rules Matrix                                                                                                                                                                                                                                                                                                                                                                                                                     ;
+--------------------+-----------+--------------+-----------+--------------+--------------+-----------+-----------+--------------+-----------+-----------+--------------+--------------+--------------+--------------+--------------+--------------+--------------+--------------+--------------+--------------+--------------+--------------+--------------+--------------+--------------+--------------+--------------+--------------+
; Pin/Rules          ; IO_000001 ; IO_000002    ; IO_000003 ; IO_000004    ; IO_000005    ; IO_000006 ; IO_000007 ; IO_000008    ; IO_000009 ; IO_000010 ; IO_000011    ; IO_000012    ; IO_000013    ; IO_000014    ; IO_000015    ; IO_000018    ; IO_000019    ; IO_000020    ; IO_000021    ; IO_000022    ; IO_000023    ; IO_000024    ; IO_000026    ; IO_000027    ; IO_000045    ; IO_000046    ; IO_000047    ; IO_000034    ;
+--------------------+-----------+--------------+-----------+--------------+--------------+-----------+-----------+--------------+-----------+-----------+--------------+--------------+--------------+--------------+--------------+--------------+--------------+--------------+--------------+--------------+--------------+--------------+--------------+--------------+--------------+--------------+--------------+--------------+
; Total Pass         ; 20        ; 0            ; 20        ; 0            ; 0            ; 20        ; 20        ; 0            ; 20        ; 20        ; 0            ; 15           ; 0            ; 0            ; 0            ; 0            ; 15           ; 0            ; 0            ; 0            ; 0            ; 15           ; 0            ; 0            ; 0            ; 0            ; 0            ; 0            ;
; Total Unchecked    ; 0         ; 0            ; 0         ; 0            ; 0            ; 0         ; 0         ; 0            ; 0         ; 0         ; 0            ; 0            ; 0            ; 0            ; 0            ; 0            ; 0            ; 0            ; 0            ; 0            ; 0            ; 0            ; 0            ; 0            ; 0            ; 0            ; 0            ; 0            ;
; Total Inapplicable ; 0         ; 20           ; 0         ; 20           ; 20           ; 0         ; 0         ; 20           ; 0         ; 0         ; 20           ; 5            ; 20           ; 20           ; 20           ; 20           ; 5            ; 20           ; 20           ; 20           ; 20           ; 5            ; 20           ; 20           ; 20           ; 20           ; 20           ; 20           ;
; Total Fail         ; 0         ; 0            ; 0         ; 0            ; 0            ; 0         ; 0         ; 0            ; 0         ; 0         ; 0            ; 0            ; 0            ; 0            ; 0            ; 0            ; 0            ; 0            ; 0            ; 0            ; 0            ; 0            ; 0            ; 0            ; 0            ; 0            ; 0            ; 0            ;
; tx                 ; Pass      ; Inapplicable ; Pass      ; Inapplicable ; Inapplicable ; Pass      ; Pass      ; Inapplicable ; Pass      ; Pass      ; Inapplicable ; Pass         ; Inapplicable ; Inapplicable ; Inapplicable ; Inapplicable ; Pass         ; Inapplicable ; Inapplicable ; Inapplicable ; Inapplicable ; Pass         ; Inapplicable ; Inapplicable ; Inapplicable ; Inapplicable ; Inapplicable ; Inapplicable ;
; seg_a              ; Pass      ; Inapplicable ; Pass      ; Inapplicable ; Inapplicable ; Pass      ; Pass      ; Inapplicable ; Pass      ; Pass      ; Inapplicable ; Pass         ; Inapplicable ; Inapplicable ; Inapplicable ; Inapplicable ; Pass         ; Inapplicable ; Inapplicable ; Inapplicable ; Inapplicable ; Pass         ; Inapplicable ; Inapplicable ; Inapplicable ; Inapplicable ; Inapplicable ; Inapplicable ;
; seg_b              ; Pass      ; Inapplicable ; Pass      ; Inapplicable ; Inapplicable ; Pass      ; Pass      ; Inapplicable ; Pass      ; Pass      ; Inapplicable ; Pass         ; Inapplicable ; Inapplicable ; Inapplicable ; Inapplicable ; Pass         ; Inapplicable ; Inapplicable ; Inapplicable ; Inapplicable ; Pass         ; Inapplicable ; Inapplicable ; Inapplicable ; Inapplicable ; Inapplicable ; Inapplicable ;
; seg_c              ; Pass      ; Inapplicable ; Pass      ; Inapplicable ; Inapplicable ; Pass      ; Pass      ; Inapplicable ; Pass      ; Pass      ; Inapplicable ; Pass         ; Inapplicable ; Inapplicable ; Inapplicable ; Inapplicable ; Pass         ; Inapplicable ; Inapplicable ; Inapplicable ; Inapplicable ; Pass         ; Inapplicable ; Inapplicable ; Inapplicable ; Inapplicable ; Inapplicable ; Inapplicable ;
; seg_d              ; Pass      ; Inapplicable ; Pass      ; Inapplicable ; Inapplicable ; Pass      ; Pass      ; Inapplicable ; Pass      ; Pass      ; Inapplicable ; Pass         ; Inapplicable ; Inapplicable ; Inapplicable ; Inapplicable ; Pass         ; Inapplicable ; Inapplicable ; Inapplicable ; Inapplicable ; Pass         ; Inapplicable ; Inapplicable ; Inapplicable ; Inapplicable ; Inapplicable ; Inapplicable ;
; seg_e              ; Pass      ; Inapplicable ; Pass      ; Inapplicable ; Inapplicable ; Pass      ; Pass      ; Inapplicable ; Pass      ; Pass      ; Inapplicable ; Pass         ; Inapplicable ; Inapplicable ; Inapplicable ; Inapplicable ; Pass         ; Inapplicable ; Inapplicable ; Inapplicable ; Inapplicable ; Pass         ; Inapplicable ; Inapplicable ; Inapplicable ; Inapplicable ; Inapplicable ; Inapplicable ;
; seg_f              ; Pass      ; Inapplicable ; Pass      ; Inapplicable ; Inapplicable ; Pass      ; Pass      ; Inapplicable ; Pass      ; Pass      ; Inapplicable ; Pass         ; Inapplicable ; Inapplicable ; Inapplicable ; Inapplicable ; Pass         ; Inapplicable ; Inapplicable ; Inapplicable ; Inapplicable ; Pass         ; Inapplicable ; Inapplicable ; Inapplicable ; Inapplicable ; Inapplicable ; Inapplicable ;
; seg_g              ; Pass      ; Inapplicable ; Pass      ; Inapplicable ; Inapplicable ; Pass      ; Pass      ; Inapplicable ; Pass      ; Pass      ; Inapplicable ; Pass         ; Inapplicable ; Inapplicable ; Inapplicable ; Inapplicable ; Pass         ; Inapplicable ; Inapplicable ; Inapplicable ; Inapplicable ; Pass         ; Inapplicable ; Inapplicable ; Inapplicable ; Inapplicable ; Inapplicable ; Inapplicable ;
; tx_seg_a           ; Pass      ; Inapplicable ; Pass      ; Inapplicable ; Inapplicable ; Pass      ; Pass      ; Inapplicable ; Pass      ; Pass      ; Inapplicable ; Pass         ; Inapplicable ; Inapplicable ; Inapplicable ; Inapplicable ; Pass         ; Inapplicable ; Inapplicable ; Inapplicable ; Inapplicable ; Pass         ; Inapplicable ; Inapplicable ; Inapplicable ; Inapplicable ; Inapplicable ; Inapplicable ;
; tx_seg_b           ; Pass      ; Inapplicable ; Pass      ; Inapplicable ; Inapplicable ; Pass      ; Pass      ; Inapplicable ; Pass      ; Pass      ; Inapplicable ; Pass         ; Inapplicable ; Inapplicable ; Inapplicable ; Inapplicable ; Pass         ; Inapplicable ; Inapplicable ; Inapplicable ; Inapplicable ; Pass         ; Inapplicable ; Inapplicable ; Inapplicable ; Inapplicable ; Inapplicable ; Inapplicable ;
; tx_seg_c           ; Pass      ; Inapplicable ; Pass      ; Inapplicable ; Inapplicable ; Pass      ; Pass      ; Inapplicable ; Pass      ; Pass      ; Inapplicable ; Pass         ; Inapplicable ; Inapplicable ; Inapplicable ; Inapplicable ; Pass         ; Inapplicable ; Inapplicable ; Inapplicable ; Inapplicable ; Pass         ; Inapplicable ; Inapplicable ; Inapplicable ; Inapplicable ; Inapplicable ; Inapplicable ;
; tx_seg_d           ; Pass      ; Inapplicable ; Pass      ; Inapplicable ; Inapplicable ; Pass      ; Pass      ; Inapplicable ; Pass      ; Pass      ; Inapplicable ; Pass         ; Inapplicable ; Inapplicable ; Inapplicable ; Inapplicable ; Pass         ; Inapplicable ; Inapplicable ; Inapplicable ; Inapplicable ; Pass         ; Inapplicable ; Inapplicable ; Inapplicable ; Inapplicable ; Inapplicable ; Inapplicable ;
; tx_seg_e           ; Pass      ; Inapplicable ; Pass      ; Inapplicable ; Inapplicable ; Pass      ; Pass      ; Inapplicable ; Pass      ; Pass      ; Inapplicable ; Pass         ; Inapplicable ; Inapplicable ; Inapplicable ; Inapplicable ; Pass         ; Inapplicable ; Inapplicable ; Inapplicable ; Inapplicable ; Pass         ; Inapplicable ; Inapplicable ; Inapplicable ; Inapplicable ; Inapplicable ; Inapplicable ;
; tx_seg_f           ; Pass      ; Inapplicable ; Pass      ; Inapplicable ; Inapplicable ; Pass      ; Pass      ; Inapplicable ; Pass      ; Pass      ; Inapplicable ; Pass         ; Inapplicable ; Inapplicable ; Inapplicable ; Inapplicable ; Pass         ; Inapplicable ; Inapplicable ; Inapplicable ; Inapplicable ; Pass         ; Inapplicable ; Inapplicable ; Inapplicable ; Inapplicable ; Inapplicable ; Inapplicable ;
; tx_seg_g           ; Pass      ; Inapplicable ; Pass      ; Inapplicable ; Inapplicable ; Pass      ; Pass      ; Inapplicable ; Pass      ; Pass      ; Inapplicable ; Pass         ; Inapplicable ; Inapplicable ; Inapplicable ; Inapplicable ; Pass         ; Inapplicable ; Inapplicable ; Inapplicable ; Inapplicable ; Pass         ; Inapplicable ; Inapplicable ; Inapplicable ; Inapplicable ; Inapplicable ; Inapplicable ;
; asci_or_hexa_rx    ; Pass      ; Inapplicable ; Pass      ; Inapplicable ; Inapplicable ; Pass      ; Pass      ; Inapplicable ; Pass      ; Pass      ; Inapplicable ; Inapplicable ; Inapplicable ; Inapplicable ; Inapplicable ; Inapplicable ; Inapplicable ; Inapplicable ; Inapplicable ; Inapplicable ; Inapplicable ; Inapplicable ; Inapplicable ; Inapplicable ; Inapplicable ; Inapplicable ; Inapplicable ; Inapplicable ;
; asci_or_hexa_tx    ; Pass      ; Inapplicable ; Pass      ; Inapplicable ; Inapplicable ; Pass      ; Pass      ; Inapplicable ; Pass      ; Pass      ; Inapplicable ; Inapplicable ; Inapplicable ; Inapplicable ; Inapplicable ; Inapplicable ; Inapplicable ; Inapplicable ; Inapplicable ; Inapplicable ; Inapplicable ; Inapplicable ; Inapplicable ; Inapplicable ; Inapplicable ; Inapplicable ; Inapplicable ; Inapplicable ;
; clk_in             ; Pass      ; Inapplicable ; Pass      ; Inapplicable ; Inapplicable ; Pass      ; Pass      ; Inapplicable ; Pass      ; Pass      ; Inapplicable ; Inapplicable ; Inapplicable ; Inapplicable ; Inapplicable ; Inapplicable ; Inapplicable ; Inapplicable ; Inapplicable ; Inapplicable ; Inapplicable ; Inapplicable ; Inapplicable ; Inapplicable ; Inapplicable ; Inapplicable ; Inapplicable ; Inapplicable ;
; rst                ; Pass      ; Inapplicable ; Pass      ; Inapplicable ; Inapplicable ; Pass      ; Pass      ; Inapplicable ; Pass      ; Pass      ; Inapplicable ; Inapplicable ; Inapplicable ; Inapplicable ; Inapplicable ; Inapplicable ; Inapplicable ; Inapplicable ; Inapplicable ; Inapplicable ; Inapplicable ; Inapplicable ; Inapplicable ; Inapplicable ; Inapplicable ; Inapplicable ; Inapplicable ; Inapplicable ;
; rx                 ; Pass      ; Inapplicable ; Pass      ; Inapplicable ; Inapplicable ; Pass      ; Pass      ; Inapplicable ; Pass      ; Pass      ; Inapplicable ; Inapplicable ; Inapplicable ; Inapplicable ; Inapplicable ; Inapplicable ; Inapplicable ; Inapplicable ; Inapplicable ; Inapplicable ; Inapplicable ; Inapplicable ; Inapplicable ; Inapplicable ; Inapplicable ; Inapplicable ; Inapplicable ; Inapplicable ;
+--------------------+-----------+--------------+-----------+--------------+--------------+-----------+-----------+--------------+-----------+-----------+--------------+--------------+--------------+--------------+--------------+--------------+--------------+--------------+--------------+--------------+--------------+--------------+--------------+--------------+--------------+--------------+--------------+--------------+


+------------------------------------------------------------------------------------------------+
; Fitter Device Options                                                                          ;
+------------------------------------------------------------------+-----------------------------+
; Option                                                           ; Setting                     ;
+------------------------------------------------------------------+-----------------------------+
; Enable user-supplied start-up clock (CLKUSR)                     ; Off                         ;
; Enable device-wide reset (DEV_CLRn)                              ; Off                         ;
; Enable device-wide output enable (DEV_OE)                        ; Off                         ;
; Enable INIT_DONE output                                          ; Off                         ;
; Configuration scheme                                             ; Passive Serial              ;
; Enable Error Detection CRC_ERROR pin                             ; Off                         ;
; Enable CvP_CONFDONE pin                                          ; Off                         ;
; Enable open drain on CRC_ERROR pin                               ; On                          ;
; Enable open drain on CvP_CONFDONE pin                            ; On                          ;
; Enable open drain on INIT_DONE pin                               ; On                          ;
; Enable open drain on Partial Reconfiguration pins                ; Off                         ;
; Enable open drain on nCEO pin                                    ; On                          ;
; Enable Partial Reconfiguration pins                              ; Off                         ;
; Enable input tri-state on active configuration pins in user mode ; Off                         ;
; Enable internal scrubbing                                        ; Off                         ;
; Active Serial clock source                                       ; 100 MHz Internal Oscillator ;
; Device initialization clock source                               ; Internal Oscillator         ;
; Configuration via Protocol                                       ; Off                         ;
; Configuration Voltage Level                                      ; Auto                        ;
; Force Configuration Voltage Level                                ; Off                         ;
; Enable nCEO output                                               ; Off                         ;
; Data[15..8]                                                      ; Unreserved                  ;
; Data[7..5]                                                       ; Unreserved                  ;
; Base pin-out file on sameframe device                            ; Off                         ;
+------------------------------------------------------------------+-----------------------------+


+------------------------------------+
; Operating Settings and Conditions  ;
+---------------------------+--------+
; Setting                   ; Value  ;
+---------------------------+--------+
; Nominal Core Voltage      ; 1.10 V ;
; Low Junction Temperature  ; 0 °C   ;
; High Junction Temperature ; 85 °C  ;
+---------------------------+--------+


+---------------------------------------------------------------------------------------------------------------------------------------------------------------------------------------------------------------+
; Estimated Delay Added for Hold Timing Summary                                                                                                                                                                 ;
+-----------------------------------------------------------------------------------------------+-------------------------------------------------------------------------------------------+-------------------+
; Source Clock(s)                                                                               ; Destination Clock(s)                                                                      ; Delay Added in ns ;
+-----------------------------------------------------------------------------------------------+-------------------------------------------------------------------------------------------+-------------------+
; clk                                                                                           ; i_risv_mike_pll|risv_mike_pll_inst|altera_pll_i|general[0].gpll~PLL_OUTPUT_COUNTER|divclk ; 6434.9            ;
; clk,i_risv_mike_pll|risv_mike_pll_inst|altera_pll_i|general[0].gpll~PLL_OUTPUT_COUNTER|divclk ; i_risv_mike_pll|risv_mike_pll_inst|altera_pll_i|general[0].gpll~PLL_OUTPUT_COUNTER|divclk ; 5761.0            ;
+-----------------------------------------------------------------------------------------------+-------------------------------------------------------------------------------------------+-------------------+
Note: For more information on problematic transfers, consider running the Fitter again with the Optimize hold timing option (Settings Menu) turned off.
This will disable optimization of problematic paths and expose them for further analysis using the Timing Analyzer.


+------------------------------------------------------------------------------------------------------------------+
; Estimated Delay Added for Hold Timing Details                                                                    ;
+-----------------------------------------------------------------------+----------------------+-------------------+
; Source Register                                                       ; Destination Register ; Delay Added in ns ;
+-----------------------------------------------------------------------+----------------------+-------------------+
; risc_v_mike_ctrl:i_risc_v_mike_ctrl|intr_opcode_w[2]                  ; pc_addr_f[1]         ; 6.044             ;
; risc_v_mike_ctrl:i_risc_v_mike_ctrl|intr_opcode_w[4]                  ; pc_addr_f[1]         ; 6.016             ;
; risc_v_mike_ctrl:i_risc_v_mike_ctrl|intr_opcode_w[6]                  ; pc_addr_f[1]         ; 5.936             ;
; risc_v_mike_ctrl:i_risc_v_mike_ctrl|intr_opcode_w[3]                  ; pc_addr_f[1]         ; 5.573             ;
; risc_v_mike_clk_divider:i_risc_v_mike_clk_divider|rst_out             ; alu_result_m[23]     ; 5.087             ;
; data_mem_bus_rd_data_w_plus1[26]                                      ; pc_addr_f[1]         ; 4.912             ;
; risc_v_data_fwd:i_risc_v_data_fwd|alu_result_w_plus1[26]              ; pc_addr_f[1]         ; 4.912             ;
; risc_v_data_fwd:i_risc_v_data_fwd|intr_opcode_w_plus1[2]              ; pc_addr_f[1]         ; 4.912             ;
; risc_v_data_fwd:i_risc_v_data_fwd|intr_opcode_w_plus1[1]              ; pc_addr_f[1]         ; 4.912             ;
; risc_v_data_fwd:i_risc_v_data_fwd|intr_opcode_w_plus1[0]              ; pc_addr_f[1]         ; 4.912             ;
; risc_v_data_fwd:i_risc_v_data_fwd|intr_opcode_w_plus1[6]              ; pc_addr_f[1]         ; 4.912             ;
; risc_v_data_fwd:i_risc_v_data_fwd|intr_opcode_w_plus1[5]              ; pc_addr_f[1]         ; 4.912             ;
; risc_v_data_fwd:i_risc_v_data_fwd|intr_opcode_w_plus1[4]              ; pc_addr_f[1]         ; 4.912             ;
; risc_v_data_fwd:i_risc_v_data_fwd|intr_opcode_w_plus1[3]              ; pc_addr_f[1]         ; 4.912             ;
; data_mem_bus_rd_data_w_plus1[17]                                      ; pc_addr_f[1]         ; 4.853             ;
; risc_v_data_fwd:i_risc_v_data_fwd|alu_result_w_plus1[17]              ; pc_addr_f[1]         ; 4.853             ;
; data_mem_bus_rd_data_w_plus1[12]                                      ; pc_addr_f[1]         ; 4.850             ;
; risc_v_data_fwd:i_risc_v_data_fwd|alu_result_w_plus1[12]              ; pc_addr_f[1]         ; 4.850             ;
; data_mem_bus_rd_data_w_plus1[24]                                      ; pc_addr_f[1]         ; 4.846             ;
; risc_v_data_fwd:i_risc_v_data_fwd|alu_result_w_plus1[24]              ; pc_addr_f[1]         ; 4.846             ;
; data_mem_bus_rd_data_w_plus1[19]                                      ; pc_addr_f[1]         ; 4.846             ;
; risc_v_data_fwd:i_risc_v_data_fwd|alu_result_w_plus1[19]              ; pc_addr_f[1]         ; 4.846             ;
; data_mem_bus_rd_data_w_plus1[30]                                      ; pc_addr_f[1]         ; 4.843             ;
; risc_v_data_fwd:i_risc_v_data_fwd|alu_result_w_plus1[30]              ; pc_addr_f[1]         ; 4.843             ;
; data_mem_bus_rd_data_w_plus1[20]                                      ; pc_addr_f[1]         ; 4.833             ;
; risc_v_data_fwd:i_risc_v_data_fwd|alu_result_w_plus1[20]              ; pc_addr_f[1]         ; 4.833             ;
; data_mem_bus_rd_data_w[24]                                            ; pc_addr_f[1]         ; 4.830             ;
; alu_result_w[24]                                                      ; pc_addr_f[1]         ; 4.830             ;
; risc_v_mike_ctrl:i_risc_v_mike_ctrl|intr_opcode_w[0]                  ; pc_addr_f[1]         ; 4.830             ;
; risc_v_mike_ctrl:i_risc_v_mike_ctrl|intr_opcode_w[5]                  ; pc_addr_f[1]         ; 4.830             ;
; data_mem_bus_rd_data_w_plus1[23]                                      ; pc_addr_f[1]         ; 4.826             ;
; risc_v_data_fwd:i_risc_v_data_fwd|alu_result_w_plus1[23]              ; pc_addr_f[1]         ; 4.826             ;
; data_mem_bus_rd_data_w_plus1[14]                                      ; pc_addr_f[1]         ; 4.814             ;
; risc_v_data_fwd:i_risc_v_data_fwd|alu_result_w_plus1[14]              ; pc_addr_f[1]         ; 4.814             ;
; alu_result_w[12]                                                      ; pc_addr_f[1]         ; 4.757             ;
; data_mem_bus_rd_data_w[12]                                            ; pc_addr_f[1]         ; 4.757             ;
; data_mem_bus_rd_data_w[17]                                            ; pc_addr_f[1]         ; 4.737             ;
; alu_result_w[17]                                                      ; pc_addr_f[1]         ; 4.737             ;
; alu_result_w[23]                                                      ; pc_addr_f[1]         ; 4.726             ;
; data_mem_bus_rd_data_w[23]                                            ; pc_addr_f[1]         ; 4.726             ;
; alu_result_w[19]                                                      ; pc_addr_f[1]         ; 4.701             ;
; data_mem_bus_rd_data_w[19]                                            ; pc_addr_f[1]         ; 4.701             ;
; alu_result_w[30]                                                      ; pc_addr_f[1]         ; 4.676             ;
; data_mem_bus_rd_data_w[30]                                            ; pc_addr_f[1]         ; 4.676             ;
; reg_file_rd_data_2_e[11]                                              ; pc_addr_f[1]         ; 4.639             ;
; alu_result_w[26]                                                      ; pc_addr_f[1]         ; 4.615             ;
; data_mem_bus_rd_data_w[26]                                            ; pc_addr_f[1]         ; 4.615             ;
; reg_file_rd_data_2_e[4]                                               ; pc_addr_f[1]         ; 4.611             ;
; alu_result_w[4]                                                       ; pc_addr_f[1]         ; 4.578             ;
; data_mem_bus_rd_data_w[4]                                             ; pc_addr_f[1]         ; 4.578             ;
; alu_result_w[16]                                                      ; pc_addr_f[1]         ; 4.521             ;
; data_mem_bus_rd_data_w[16]                                            ; pc_addr_f[1]         ; 4.521             ;
; data_mem_bus_rd_data_w_plus1[4]                                       ; pc_addr_f[1]         ; 4.517             ;
; risc_v_data_fwd:i_risc_v_data_fwd|alu_result_w_plus1[4]               ; pc_addr_f[1]         ; 4.517             ;
; alu_result_w[18]                                                      ; pc_addr_f[1]         ; 4.494             ;
; data_mem_bus_rd_data_w[18]                                            ; pc_addr_f[1]         ; 4.494             ;
; data_mem_bus_rd_data_w_plus1[18]                                      ; pc_addr_f[1]         ; 4.463             ;
; risc_v_data_fwd:i_risc_v_data_fwd|alu_result_w_plus1[18]              ; pc_addr_f[1]         ; 4.463             ;
; alu_result_w[21]                                                      ; pc_addr_f[1]         ; 4.432             ;
; data_mem_bus_rd_data_w[21]                                            ; pc_addr_f[1]         ; 4.432             ;
; data_mem_bus_rd_data_w_plus1[21]                                      ; pc_addr_f[1]         ; 4.428             ;
; risc_v_data_fwd:i_risc_v_data_fwd|alu_result_w_plus1[21]              ; pc_addr_f[1]         ; 4.428             ;
; reg_file_rd_data_2_e[18]                                              ; pc_addr_f[1]         ; 4.326             ;
; risc_v_mike_data_memory:i_risc_v_mike_data_memory|data_mem_ff[256][1] ; pc_addr_f[1]         ; 4.262             ;
; risc_v_mike_data_memory:i_risc_v_mike_data_memory|data_mem_ff[260][1] ; pc_addr_f[1]         ; 4.262             ;
; risc_v_mike_data_memory:i_risc_v_mike_data_memory|data_mem_ff[264][1] ; pc_addr_f[1]         ; 4.262             ;
; risc_v_mike_data_memory:i_risc_v_mike_data_memory|data_mem_ff[268][1] ; pc_addr_f[1]         ; 4.262             ;
; risc_v_mike_data_memory:i_risc_v_mike_data_memory|data_mem_ff[257][1] ; pc_addr_f[1]         ; 4.262             ;
; risc_v_mike_data_memory:i_risc_v_mike_data_memory|data_mem_ff[261][1] ; pc_addr_f[1]         ; 4.262             ;
; risc_v_mike_data_memory:i_risc_v_mike_data_memory|data_mem_ff[265][1] ; pc_addr_f[1]         ; 4.262             ;
; risc_v_mike_data_memory:i_risc_v_mike_data_memory|data_mem_ff[269][1] ; pc_addr_f[1]         ; 4.262             ;
; risc_v_mike_data_memory:i_risc_v_mike_data_memory|data_mem_ff[258][1] ; pc_addr_f[1]         ; 4.262             ;
; risc_v_mike_data_memory:i_risc_v_mike_data_memory|data_mem_ff[262][1] ; pc_addr_f[1]         ; 4.262             ;
; risc_v_mike_data_memory:i_risc_v_mike_data_memory|data_mem_ff[266][1] ; pc_addr_f[1]         ; 4.262             ;
; risc_v_mike_data_memory:i_risc_v_mike_data_memory|data_mem_ff[270][1] ; pc_addr_f[1]         ; 4.262             ;
; risc_v_mike_data_memory:i_risc_v_mike_data_memory|data_mem_ff[259][1] ; pc_addr_f[1]         ; 4.262             ;
; risc_v_mike_data_memory:i_risc_v_mike_data_memory|data_mem_ff[263][1] ; pc_addr_f[1]         ; 4.262             ;
; risc_v_mike_data_memory:i_risc_v_mike_data_memory|data_mem_ff[267][1] ; pc_addr_f[1]         ; 4.262             ;
; risc_v_mike_data_memory:i_risc_v_mike_data_memory|data_mem_ff[271][1] ; pc_addr_f[1]         ; 4.262             ;
; risc_v_mike_data_memory:i_risc_v_mike_data_memory|data_mem_ff[320][1] ; pc_addr_f[1]         ; 4.262             ;
; risc_v_mike_data_memory:i_risc_v_mike_data_memory|data_mem_ff[324][1] ; pc_addr_f[1]         ; 4.262             ;
; risc_v_mike_data_memory:i_risc_v_mike_data_memory|data_mem_ff[328][1] ; pc_addr_f[1]         ; 4.262             ;
; risc_v_mike_data_memory:i_risc_v_mike_data_memory|data_mem_ff[332][1] ; pc_addr_f[1]         ; 4.262             ;
; risc_v_mike_data_memory:i_risc_v_mike_data_memory|data_mem_ff[321][1] ; pc_addr_f[1]         ; 4.262             ;
; risc_v_mike_data_memory:i_risc_v_mike_data_memory|data_mem_ff[325][1] ; pc_addr_f[1]         ; 4.262             ;
; risc_v_mike_data_memory:i_risc_v_mike_data_memory|data_mem_ff[329][1] ; pc_addr_f[1]         ; 4.262             ;
; risc_v_mike_data_memory:i_risc_v_mike_data_memory|data_mem_ff[333][1] ; pc_addr_f[1]         ; 4.262             ;
; risc_v_mike_data_memory:i_risc_v_mike_data_memory|data_mem_ff[322][1] ; pc_addr_f[1]         ; 4.262             ;
; risc_v_mike_data_memory:i_risc_v_mike_data_memory|data_mem_ff[326][1] ; pc_addr_f[1]         ; 4.262             ;
; risc_v_mike_data_memory:i_risc_v_mike_data_memory|data_mem_ff[330][1] ; pc_addr_f[1]         ; 4.262             ;
; risc_v_mike_data_memory:i_risc_v_mike_data_memory|data_mem_ff[334][1] ; pc_addr_f[1]         ; 4.262             ;
; risc_v_mike_data_memory:i_risc_v_mike_data_memory|data_mem_ff[323][1] ; pc_addr_f[1]         ; 4.262             ;
; risc_v_mike_data_memory:i_risc_v_mike_data_memory|data_mem_ff[327][1] ; pc_addr_f[1]         ; 4.262             ;
; risc_v_mike_data_memory:i_risc_v_mike_data_memory|data_mem_ff[331][1] ; pc_addr_f[1]         ; 4.262             ;
; risc_v_mike_data_memory:i_risc_v_mike_data_memory|data_mem_ff[335][1] ; pc_addr_f[1]         ; 4.262             ;
; risc_v_mike_data_memory:i_risc_v_mike_data_memory|data_mem_ff[384][1] ; pc_addr_f[1]         ; 4.262             ;
; risc_v_mike_data_memory:i_risc_v_mike_data_memory|data_mem_ff[388][1] ; pc_addr_f[1]         ; 4.262             ;
; risc_v_mike_data_memory:i_risc_v_mike_data_memory|data_mem_ff[392][1] ; pc_addr_f[1]         ; 4.262             ;
; risc_v_mike_data_memory:i_risc_v_mike_data_memory|data_mem_ff[396][1] ; pc_addr_f[1]         ; 4.262             ;
; risc_v_mike_data_memory:i_risc_v_mike_data_memory|data_mem_ff[385][1] ; pc_addr_f[1]         ; 4.262             ;
+-----------------------------------------------------------------------+----------------------+-------------------+
Note: This table only shows the top 100 path(s) that have the largest delay added for hold.


+-----------------+
; Fitter Messages ;
+-----------------+
Warning (18236): Number of processors has not been specified which may cause overloading on shared machines.  Set the global assignment NUM_PARALLEL_PROCESSORS in your QSF to an appropriate value for best performance.
Info (20030): Parallel compilation is enabled and will use 4 of the 4 processors detected
Info (119006): Selected device 5CSXFC6D6F31C6 for design "risc_v_mike_top"
Info (21077): Low junction temperature is 0 degrees C
Info (21077): High junction temperature is 85 degrees C
Warning: RST port on the PLL is not properly connected on instance risv_mike_pll:i_risv_mike_pll|risv_mike_pll_0002:risv_mike_pll_inst|altera_pll:altera_pll_i|general[0].gpll. The reset port on the PLL should be connected. If the PLL loses lock for any reason, you might need to manually reset the PLL in order to re-establish lock to the reference clock. File: c:/intelfpga_lite/22.1std/quartus/libraries/megafunctions/altera_pll.v Line: 749
    Info: Must be connected
Warning (21300): LOCKED port on the PLL is not properly connected on instance "risv_mike_pll:i_risv_mike_pll|risv_mike_pll_0002:risv_mike_pll_inst|altera_pll:altera_pll_i|general[0].gpll". The LOCKED port on the PLL should be connected when the FBOUTCLK port is connected. Although it is unnecessary to connect the LOCKED signal, any logic driven off of an output clock of the PLL will not know when the PLL is locked and ready.
Info (171003): Fitter is performing an Auto Fit compilation, which may decrease Fitter effort to reduce compilation time
Warning (292013): Feature LogicLock is only available with a valid subscription license. You can purchase a software subscription to gain full access to this feature.
Warning (15714): Some pins have incomplete I/O assignments. Refer to the I/O Assignment Warnings report for details
Info (176045): Design uses memory blocks. Violating setup or hold times of memory block address registers for either read or write operations could cause memory contents to be corrupted. Make sure that all memory block address registers meet the setup and hold time requirements.
Info (184020): Starting Fitter periphery placement operations
Info (11178): Promoted 1 clock (1 global)
    Info (11162): risv_mike_pll:i_risv_mike_pll|risv_mike_pll_0002:risv_mike_pll_inst|altera_pll:altera_pll_i|outclk_wire[0]~CLKENA0 with 18091 fanout uses global clock CLKCTRL_G0
Info (11191): Automatically promoted 1 clock (1 global)
    Info (11162): clk_in~inputCLKENA0 with 3 fanout uses global clock CLKCTRL_G4
Info (184021): Fitter periphery placement operations ending: elapsed time is 00:00:00
Info (332104): Reading SDC File: 'SDC1.sdc'
Info (332110): Deriving PLL clocks
    Info (332110): create_generated_clock -source {i_risv_mike_pll|risv_mike_pll_inst|altera_pll_i|general[0].gpll~FRACTIONAL_PLL|refclkin} -multiply_by 6 -duty_cycle 50.00 -name {i_risv_mike_pll|risv_mike_pll_inst|altera_pll_i|general[0].gpll~FRACTIONAL_PLL|vcoph[0]} {i_risv_mike_pll|risv_mike_pll_inst|altera_pll_i|general[0].gpll~FRACTIONAL_PLL|vcoph[0]}
    Info (332110): create_generated_clock -source {i_risv_mike_pll|risv_mike_pll_inst|altera_pll_i|general[0].gpll~PLL_OUTPUT_COUNTER|vco0ph[0]} -divide_by 240 -duty_cycle 50.00 -name {i_risv_mike_pll|risv_mike_pll_inst|altera_pll_i|general[0].gpll~PLL_OUTPUT_COUNTER|divclk} {i_risv_mike_pll|risv_mike_pll_inst|altera_pll_i|general[0].gpll~PLL_OUTPUT_COUNTER|divclk}
Info (332097): The following timing edges are non-unate.  The Timing Analyzer will assume pos-unate behavior for these edges in the clock network.
    Info (332098): Cell: i_risv_mike_pll|risv_mike_pll_inst|altera_pll_i|general[0].gpll~FRACTIONAL_PLL  from: refclkin  to: fbclk
    Info (332098): Cell: i_risv_mike_pll|risv_mike_pll_inst|altera_pll_i|general[0].gpll~PLL_OUTPUT_COUNTER  from: vco0ph[0]  to: divclk
    Info (332098): Cell: i_risv_mike_pll|risv_mike_pll_inst|altera_pll_i|general[0].gpll~PLL_REFCLK_SELECT  from: clkin[0]  to: clkout
Info (332143): No user constrained clock uncertainty found in the design. Calling "derive_clock_uncertainty"
Info (332123): Deriving Clock Uncertainty. Please refer to report_sdc in the Timing Analyzer to see clock uncertainties.
Info (332129): Detected timing requirements -- optimizing circuit to achieve only the specified requirements
Info (332111): Found 3 clocks
    Info (332111):   Period   Clock Name
    Info (332111): ======== ============
    Info (332111):   20.000          clk
    Info (332111):    3.333 i_risv_mike_pll|risv_mike_pll_inst|altera_pll_i|general[0].gpll~FRACTIONAL_PLL|vcoph[0]
    Info (332111):  800.000 i_risv_mike_pll|risv_mike_pll_inst|altera_pll_i|general[0].gpll~PLL_OUTPUT_COUNTER|divclk
Info (176233): Starting register packing
Info (176235): Finished register packing
    Extra Info (176219): No registers were packed into other blocks
Info (11798): Fitter preparation operations ending: elapsed time is 00:00:21
Info (170189): Fitter placement preparation operations beginning
Info (14951): The Fitter is using Advanced Physical Optimization.
Info (170190): Fitter placement preparation operations ending: elapsed time is 00:01:16
Info (170191): Fitter placement operations beginning
Info (170137): Fitter placement was successful
Info (170192): Fitter placement operations ending: elapsed time is 00:00:11
Info (170193): Fitter routing operations beginning
Info (170089): 1e+04 ns of routing delay (approximately 5.9% of available device routing delay) has been added to meet hold timing. For more information, refer to the Estimated Delay Added for Hold Timing section in the Fitter report.
Info (170195): Router estimated average interconnect usage is 10% of the available device resources
    Info (170196): Router estimated peak interconnect usage is 31% of the available device resources in the region that extends from location X56_Y11 to location X66_Y22
Info (170199): The Fitter performed an Auto Fit compilation.  Optimizations were skipped to reduce compilation time.
    Info (170201): Optimizations that may affect the design's routability were skipped
    Info (170200): Optimizations that may affect the design's timing were skipped
Info (170194): Fitter routing operations ending: elapsed time is 00:00:35
Info (11888): Total time spent on timing analysis during the Fitter is 44.16 seconds.
Info (334003): Started post-fitting delay annotation
Info (334004): Delay annotation completed successfully
Info (334003): Started post-fitting delay annotation
Info (334004): Delay annotation completed successfully
Info (11801): Fitter post-fit operations ending: elapsed time is 00:01:12
Info (144001): Generated suppressed messages file C:/Users/matriana/Personal/Masters/Diseno de Micros/RISC-V/RISC-V_Pipeline/proj_quartus_final/output_files/risc_v_mike_top.fit.smsg
Info: Quartus Prime Fitter was successful. 0 errors, 5 warnings
    Info: Peak virtual memory: 6832 megabytes
    Info: Processing ended: Wed May  8 18:03:27 2024
    Info: Elapsed time: 00:05:26
    Info: Total CPU time (on all processors): 00:06:26


+----------------------------+
; Fitter Suppressed Messages ;
+----------------------------+
The suppressed messages can be found in C:/Users/matriana/Personal/Masters/Diseno de Micros/RISC-V/RISC-V_Pipeline/proj_quartus_final/output_files/risc_v_mike_top.fit.smsg.


