Analysis & Synthesis report for risc_v_mike_top
Wed May  8 18:14:16 2024
Quartus Prime Version 22.1std.2 Build 922 07/20/2023 SC Lite Edition


---------------------
; Table of Contents ;
---------------------
  1. Legal Notice
  2. Analysis & Synthesis Summary
  3. Analysis & Synthesis Settings
  4. Parallel Compilation
  5. Analysis & Synthesis Source Files Read
  6. Analysis & Synthesis Resource Usage Summary
  7. Analysis & Synthesis Resource Utilization by Entity
  8. Analysis & Synthesis RAM Summary
  9. Analysis & Synthesis IP Cores Summary
 10. Registers Protected by Synthesis
 11. Registers Removed During Synthesis
 12. General Register Statistics
 13. Registers Packed Into Inferred Megafunctions
 14. Multiplexer Restructuring Statistics (Restructuring Performed)
 15. Source assignments for Top-level Entity: |risc_v_mike_top
 16. Source assignments for risc_v_mike_ctrl:i_risc_v_mike_ctrl
 17. Source assignments for risc_v_mike_reg_file:i_risc_v_mike_reg_file
 18. Source assignments for UART_UNCORE:i_UART_UNCORE|risc_v_mike_gpio_module:i_risc_v_mike_gpio_module
 19. Source assignments for risc_v_mike_instruction_memory:i_risc_v_mike_instruction_memory|altsyncram:Mux0_rtl_0|altsyncram_rt71:auto_generated
 20. Parameter Settings for User Entity Instance: risv_mike_pll:i_risv_mike_pll|risv_mike_pll_0002:risv_mike_pll_inst|altera_pll:altera_pll_i
 21. Parameter Settings for User Entity Instance: risc_v_mike_reg_file:i_risc_v_mike_reg_file
 22. Parameter Settings for User Entity Instance: risc_v_mike_data_memory:i_risc_v_mike_data_memory
 23. Parameter Settings for User Entity Instance: risc_v_mike_instruction_memory:i_risc_v_mike_instruction_memory
 24. Parameter Settings for User Entity Instance: UART_UNCORE:i_UART_UNCORE|UART_MIKE:i_top_UART_MIKE|counter:rx_counter
 25. Parameter Settings for User Entity Instance: UART_UNCORE:i_UART_UNCORE|UART_MIKE:i_top_UART_MIKE|counter:rx_clk_counter
 26. Parameter Settings for User Entity Instance: UART_UNCORE:i_UART_UNCORE|UART_MIKE:i_top_UART_MIKE|counter:rx_counter_shift_en
 27. Parameter Settings for User Entity Instance: UART_UNCORE:i_UART_UNCORE|UART_MIKE:i_top_UART_MIKE|counter:tx_counter
 28. Parameter Settings for User Entity Instance: UART_UNCORE:i_UART_UNCORE|UART_MIKE:i_top_UART_MIKE|counter:tx_clk_counter
 29. Parameter Settings for Inferred Entity Instance: risc_v_mike_instruction_memory:i_risc_v_mike_instruction_memory|altsyncram:Mux0_rtl_0
 30. altsyncram Parameter Settings by Entity Instance
 31. Port Connectivity Checks: "UART_UNCORE:i_UART_UNCORE|UART_MIKE:i_top_UART_MIKE|tx_shifter:tx_shifter"
 32. Port Connectivity Checks: "UART_UNCORE:i_UART_UNCORE|UART_MIKE:i_top_UART_MIKE|counter:tx_clk_counter"
 33. Port Connectivity Checks: "UART_UNCORE:i_UART_UNCORE|UART_MIKE:i_top_UART_MIKE|counter:tx_counter"
 34. Port Connectivity Checks: "UART_UNCORE:i_UART_UNCORE|UART_MIKE:i_top_UART_MIKE|rx_shifter:rx_shifter"
 35. Port Connectivity Checks: "UART_UNCORE:i_UART_UNCORE|UART_MIKE:i_top_UART_MIKE|counter:rx_counter_shift_en"
 36. Port Connectivity Checks: "UART_UNCORE:i_UART_UNCORE|UART_MIKE:i_top_UART_MIKE|counter:rx_clk_counter"
 37. Port Connectivity Checks: "UART_UNCORE:i_UART_UNCORE|UART_MIKE:i_top_UART_MIKE|counter:rx_counter"
 38. Port Connectivity Checks: "risc_v_mem_ctrl:i_risc_v_mem_ctrl"
 39. Port Connectivity Checks: "risc_v_mike_alu:i_risc_v_mike_alu"
 40. Port Connectivity Checks: "risc_v_mike_ctrl:i_risc_v_mike_ctrl"
 41. Port Connectivity Checks: "risc_v_mike_clk_divider:i_risc_v_mike_clk_divider"
 42. Port Connectivity Checks: "risv_mike_pll:i_risv_mike_pll"
 43. Post-Synthesis Netlist Statistics for Top Partition
 44. Elapsed Time Per Partition
 45. Analysis & Synthesis Messages



----------------
; Legal Notice ;
----------------
Copyright (C) 2023  Intel Corporation. All rights reserved.
Your use of Intel Corporation's design tools, logic functions 
and other software and tools, and any partner logic 
functions, and any output files from any of the foregoing 
(including device programming or simulation files), and any 
associated documentation or information are expressly subject 
to the terms and conditions of the Intel Program License 
Subscription Agreement, the Intel Quartus Prime License Agreement,
the Intel FPGA IP License Agreement, or other applicable license
agreement, including, without limitation, that your use is for
the sole purpose of programming logic devices manufactured by
Intel and sold by Intel or its authorized distributors.  Please
refer to the applicable agreement for further details, at
https://fpgasoftware.intel.com/eula.



+----------------------------------------------------------------------------------+
; Analysis & Synthesis Summary                                                     ;
+---------------------------------+------------------------------------------------+
; Analysis & Synthesis Status     ; Successful - Wed May  8 18:14:16 2024          ;
; Quartus Prime Version           ; 22.1std.2 Build 922 07/20/2023 SC Lite Edition ;
; Revision Name                   ; risc_v_mike_top                                ;
; Top-level Entity Name           ; risc_v_mike_top                                ;
; Family                          ; Cyclone V                                      ;
; Logic utilization (in ALMs)     ; N/A                                            ;
; Total registers                 ; 18067                                          ;
; Total pins                      ; 20                                             ;
; Total virtual pins              ; 0                                              ;
; Total block memory bits         ; 31,744                                         ;
; Total DSP Blocks                ; 0                                              ;
; Total HSSI RX PCSs              ; 0                                              ;
; Total HSSI PMA RX Deserializers ; 0                                              ;
; Total HSSI TX PCSs              ; 0                                              ;
; Total HSSI PMA TX Serializers   ; 0                                              ;
; Total PLLs                      ; 1                                              ;
; Total DLLs                      ; 0                                              ;
+---------------------------------+------------------------------------------------+


+---------------------------------------------------------------------------------------------------------------------------+
; Analysis & Synthesis Settings                                                                                             ;
+---------------------------------------------------------------------------------+--------------------+--------------------+
; Option                                                                          ; Setting            ; Default Value      ;
+---------------------------------------------------------------------------------+--------------------+--------------------+
; Device                                                                          ; 5CSXFC6D6F31C6     ;                    ;
; Top-level entity name                                                           ; risc_v_mike_top    ; risc_v_mike_top    ;
; Family name                                                                     ; Cyclone V          ; Cyclone V          ;
; Use smart compilation                                                           ; Off                ; Off                ;
; Enable parallel Assembler and Timing Analyzer during compilation                ; On                 ; On                 ;
; Enable compact report table                                                     ; Off                ; Off                ;
; Restructure Multiplexers                                                        ; Auto               ; Auto               ;
; MLAB Add Timing Constraints For Mixed-Port Feed-Through Mode Setting Don't Care ; Off                ; Off                ;
; Create Debugging Nodes for IP Cores                                             ; Off                ; Off                ;
; Preserve fewer node names                                                       ; On                 ; On                 ;
; Intel FPGA IP Evaluation Mode                                                   ; Enable             ; Enable             ;
; Verilog Version                                                                 ; Verilog_2001       ; Verilog_2001       ;
; VHDL Version                                                                    ; VHDL_1993          ; VHDL_1993          ;
; State Machine Processing                                                        ; Auto               ; Auto               ;
; Safe State Machine                                                              ; Off                ; Off                ;
; Extract Verilog State Machines                                                  ; On                 ; On                 ;
; Extract VHDL State Machines                                                     ; On                 ; On                 ;
; Ignore Verilog initial constructs                                               ; Off                ; Off                ;
; Iteration limit for constant Verilog loops                                      ; 5000               ; 5000               ;
; Iteration limit for non-constant Verilog loops                                  ; 250                ; 250                ;
; Add Pass-Through Logic to Inferred RAMs                                         ; On                 ; On                 ;
; Infer RAMs from Raw Logic                                                       ; On                 ; On                 ;
; Parallel Synthesis                                                              ; On                 ; On                 ;
; DSP Block Balancing                                                             ; Auto               ; Auto               ;
; NOT Gate Push-Back                                                              ; On                 ; On                 ;
; Power-Up Don't Care                                                             ; On                 ; On                 ;
; Remove Redundant Logic Cells                                                    ; Off                ; Off                ;
; Remove Duplicate Registers                                                      ; On                 ; On                 ;
; Ignore CARRY Buffers                                                            ; Off                ; Off                ;
; Ignore CASCADE Buffers                                                          ; Off                ; Off                ;
; Ignore GLOBAL Buffers                                                           ; Off                ; Off                ;
; Ignore ROW GLOBAL Buffers                                                       ; Off                ; Off                ;
; Ignore LCELL Buffers                                                            ; Off                ; Off                ;
; Ignore SOFT Buffers                                                             ; On                 ; On                 ;
; Limit AHDL Integers to 32 Bits                                                  ; Off                ; Off                ;
; Optimization Technique                                                          ; Balanced           ; Balanced           ;
; Carry Chain Length                                                              ; 70                 ; 70                 ;
; Auto Carry Chains                                                               ; On                 ; On                 ;
; Auto Open-Drain Pins                                                            ; On                 ; On                 ;
; Perform WYSIWYG Primitive Resynthesis                                           ; Off                ; Off                ;
; Auto ROM Replacement                                                            ; On                 ; On                 ;
; Auto RAM Replacement                                                            ; On                 ; On                 ;
; Auto DSP Block Replacement                                                      ; On                 ; On                 ;
; Auto Shift Register Replacement                                                 ; Auto               ; Auto               ;
; Allow Shift Register Merging across Hierarchies                                 ; Auto               ; Auto               ;
; Auto Clock Enable Replacement                                                   ; On                 ; On                 ;
; Strict RAM Replacement                                                          ; Off                ; Off                ;
; Allow Synchronous Control Signals                                               ; On                 ; On                 ;
; Force Use of Synchronous Clear Signals                                          ; Off                ; Off                ;
; Auto Resource Sharing                                                           ; Off                ; Off                ;
; Allow Any RAM Size For Recognition                                              ; Off                ; Off                ;
; Allow Any ROM Size For Recognition                                              ; Off                ; Off                ;
; Allow Any Shift Register Size For Recognition                                   ; Off                ; Off                ;
; Use LogicLock Constraints during Resource Balancing                             ; On                 ; On                 ;
; Ignore translate_off and synthesis_off directives                               ; Off                ; Off                ;
; Timing-Driven Synthesis                                                         ; On                 ; On                 ;
; Report Parameter Settings                                                       ; On                 ; On                 ;
; Report Source Assignments                                                       ; On                 ; On                 ;
; Report Connectivity Checks                                                      ; On                 ; On                 ;
; Ignore Maximum Fan-Out Assignments                                              ; Off                ; Off                ;
; Synchronization Register Chain Length                                           ; 3                  ; 3                  ;
; Power Optimization During Synthesis                                             ; Normal compilation ; Normal compilation ;
; HDL message level                                                               ; Level2             ; Level2             ;
; Suppress Register Optimization Related Messages                                 ; Off                ; Off                ;
; Number of Removed Registers Reported in Synthesis Report                        ; 5000               ; 5000               ;
; Number of Swept Nodes Reported in Synthesis Report                              ; 5000               ; 5000               ;
; Number of Inverted Registers Reported in Synthesis Report                       ; 100                ; 100                ;
; Clock MUX Protection                                                            ; On                 ; On                 ;
; Auto Gated Clock Conversion                                                     ; Off                ; Off                ;
; Block Design Naming                                                             ; Auto               ; Auto               ;
; SDC constraint protection                                                       ; Off                ; Off                ;
; Synthesis Effort                                                                ; Auto               ; Auto               ;
; Shift Register Replacement - Allow Asynchronous Clear Signal                    ; On                 ; On                 ;
; Pre-Mapping Resynthesis Optimization                                            ; Off                ; Off                ;
; Analysis & Synthesis Message Level                                              ; Medium             ; Medium             ;
; Disable Register Merging Across Hierarchies                                     ; Auto               ; Auto               ;
; Resource Aware Inference For Block RAM                                          ; On                 ; On                 ;
; Automatic Parallel Synthesis                                                    ; On                 ; On                 ;
; Partial Reconfiguration Bitstream ID                                            ; Off                ; Off                ;
+---------------------------------------------------------------------------------+--------------------+--------------------+


+------------------------------------------+
; Parallel Compilation                     ;
+----------------------------+-------------+
; Processors                 ; Number      ;
+----------------------------+-------------+
; Number detected on machine ; 8           ;
; Maximum allowed            ; 4           ;
;                            ;             ;
; Average used               ; 1.89        ;
; Maximum used               ; 4           ;
;                            ;             ;
; Usage by Processor         ; % Time Used ;
;     Processor 1            ; 100.0%      ;
;     Processor 2            ;  33.4%      ;
;     Processor 3            ;  33.3%      ;
;     Processor 4            ;  22.5%      ;
+----------------------------+-------------+


+-----------------------------------------------------------------------------------------------------------------------------------------------------------------------------------------------------------------------------------------------------------------------------------------------------------------------------------------------------+
; Analysis & Synthesis Source Files Read                                                                                                                                                                                                                                                                                                              ;
+------------------------------------------------------------------------------------------------------------+-----------------+-------------------------------------------------------+----------------------------------------------------------------------------------------------------------------------------------------------+---------------+
; File Name with User-Entered Path                                                                           ; Used in Netlist ; File Type                                             ; File Name with Absolute Path                                                                                                                 ; Library       ;
+------------------------------------------------------------------------------------------------------------+-----------------+-------------------------------------------------------+----------------------------------------------------------------------------------------------------------------------------------------------+---------------+
; ../src/rtl/uart/UART_UNCORE.sv                                                                             ; yes             ; User SystemVerilog HDL File                           ; C:/Users/matriana/Personal/Masters/Diseno de Micros/RISC-V/RISC-V_Pipeline/src/rtl/uart/UART_UNCORE.sv                                       ;               ;
; ../src/rtl/uart/UART_MIKE_pkg.sv                                                                           ; yes             ; User SystemVerilog HDL File                           ; C:/Users/matriana/Personal/Masters/Diseno de Micros/RISC-V/RISC-V_Pipeline/src/rtl/uart/UART_MIKE_pkg.sv                                     ;               ;
; ../src/rtl/uart/UART_MIKE.sv                                                                               ; yes             ; User SystemVerilog HDL File                           ; C:/Users/matriana/Personal/Masters/Diseno de Micros/RISC-V/RISC-V_Pipeline/src/rtl/uart/UART_MIKE.sv                                         ;               ;
; ../src/rtl/uart/tx_shifter.sv                                                                              ; yes             ; User SystemVerilog HDL File                           ; C:/Users/matriana/Personal/Masters/Diseno de Micros/RISC-V/RISC-V_Pipeline/src/rtl/uart/tx_shifter.sv                                        ;               ;
; ../src/rtl/uart/rx_shifter.sv                                                                              ; yes             ; User SystemVerilog HDL File                           ; C:/Users/matriana/Personal/Masters/Diseno de Micros/RISC-V/RISC-V_Pipeline/src/rtl/uart/rx_shifter.sv                                        ;               ;
; ../src/rtl/uart/counter.sv                                                                                 ; yes             ; User SystemVerilog HDL File                           ; C:/Users/matriana/Personal/Masters/Diseno de Micros/RISC-V/RISC-V_Pipeline/src/rtl/uart/counter.sv                                           ;               ;
; ../src/rtl/uart/ascii_dec_to_7_seg.v                                                                       ; yes             ; User Verilog HDL File                                 ; C:/Users/matriana/Personal/Masters/Diseno de Micros/RISC-V/RISC-V_Pipeline/src/rtl/uart/ascii_dec_to_7_seg.v                                 ;               ;
; ../src/rtl/risc_v_mike_top.sv                                                                              ; yes             ; User SystemVerilog HDL File                           ; C:/Users/matriana/Personal/Masters/Diseno de Micros/RISC-V/RISC-V_Pipeline/src/rtl/risc_v_mike_top.sv                                        ;               ;
; ../src/rtl/risc_v_mike_sign_extend.sv                                                                      ; yes             ; User SystemVerilog HDL File                           ; C:/Users/matriana/Personal/Masters/Diseno de Micros/RISC-V/RISC-V_Pipeline/src/rtl/risc_v_mike_sign_extend.sv                                ;               ;
; ../src/rtl/risc_v_mike_reg_file.sv                                                                         ; yes             ; User SystemVerilog HDL File                           ; C:/Users/matriana/Personal/Masters/Diseno de Micros/RISC-V/RISC-V_Pipeline/src/rtl/risc_v_mike_reg_file.sv                                   ;               ;
; ../src/rtl/risc_v_mike_pkg.sv                                                                              ; yes             ; User SystemVerilog HDL File                           ; C:/Users/matriana/Personal/Masters/Diseno de Micros/RISC-V/RISC-V_Pipeline/src/rtl/risc_v_mike_pkg.sv                                        ;               ;
; ../src/rtl/risc_v_mike_instruction_memory.sv                                                               ; yes             ; User SystemVerilog HDL File                           ; C:/Users/matriana/Personal/Masters/Diseno de Micros/RISC-V/RISC-V_Pipeline/src/rtl/risc_v_mike_instruction_memory.sv                         ;               ;
; ../src/rtl/risc_v_mike_gpio_module.sv                                                                      ; yes             ; User SystemVerilog HDL File                           ; C:/Users/matriana/Personal/Masters/Diseno de Micros/RISC-V/RISC-V_Pipeline/src/rtl/risc_v_mike_gpio_module.sv                                ;               ;
; ../src/rtl/risc_v_mike_data_memory.sv                                                                      ; yes             ; User SystemVerilog HDL File                           ; C:/Users/matriana/Personal/Masters/Diseno de Micros/RISC-V/RISC-V_Pipeline/src/rtl/risc_v_mike_data_memory.sv                                ;               ;
; ../src/rtl/risc_v_mike_ctrl.sv                                                                             ; yes             ; User SystemVerilog HDL File                           ; C:/Users/matriana/Personal/Masters/Diseno de Micros/RISC-V/RISC-V_Pipeline/src/rtl/risc_v_mike_ctrl.sv                                       ;               ;
; ../src/rtl/risc_v_mike_clk_divider.sv                                                                      ; yes             ; User SystemVerilog HDL File                           ; C:/Users/matriana/Personal/Masters/Diseno de Micros/RISC-V/RISC-V_Pipeline/src/rtl/risc_v_mike_clk_divider.sv                                ;               ;
; ../src/rtl/risc_v_mike_alu.sv                                                                              ; yes             ; User SystemVerilog HDL File                           ; C:/Users/matriana/Personal/Masters/Diseno de Micros/RISC-V/RISC-V_Pipeline/src/rtl/risc_v_mike_alu.sv                                        ;               ;
; ../src/rtl/risc_v_mem_ctrl.sv                                                                              ; yes             ; User SystemVerilog HDL File                           ; C:/Users/matriana/Personal/Masters/Diseno de Micros/RISC-V/RISC-V_Pipeline/src/rtl/risc_v_mem_ctrl.sv                                        ;               ;
; ../src/rtl/risc_v_data_fwd.sv                                                                              ; yes             ; User SystemVerilog HDL File                           ; C:/Users/matriana/Personal/Masters/Diseno de Micros/RISC-V/RISC-V_Pipeline/src/rtl/risc_v_data_fwd.sv                                        ;               ;
; ../src/rtl/risc_v_branch_hzd_detection.sv                                                                  ; yes             ; User SystemVerilog HDL File                           ; C:/Users/matriana/Personal/Masters/Diseno de Micros/RISC-V/RISC-V_Pipeline/src/rtl/risc_v_branch_hzd_detection.sv                            ;               ;
; risv_mike_pll.v                                                                                            ; yes             ; User Wizard-Generated File                            ; C:/Users/matriana/Personal/Masters/Diseno de Micros/RISC-V/RISC-V_Pipeline/proj_quartus_final/risv_mike_pll.v                                ; risv_mike_pll ;
; risv_mike_pll/risv_mike_pll_0002.v                                                                         ; yes             ; User Verilog HDL File                                 ; C:/Users/matriana/Personal/Masters/Diseno de Micros/RISC-V/RISC-V_Pipeline/proj_quartus_final/risv_mike_pll/risv_mike_pll_0002.v             ; risv_mike_pll ;
; /users/matriana/personal/masters/diseno de micros/risc-v/risc-v_pipeline/src/rtl/risc_v_mike_header.svh    ; yes             ; Auto-Found Unspecified File                           ; /users/matriana/personal/masters/diseno de micros/risc-v/risc-v_pipeline/src/rtl/risc_v_mike_header.svh                                      ;               ;
; /users/matriana/personal/masters/diseno de micros/risc-v/risc-v_pipeline/src/rtl/uart/uart_mike_header.svh ; yes             ; Auto-Found Unspecified File                           ; /users/matriana/personal/masters/diseno de micros/risc-v/risc-v_pipeline/src/rtl/uart/uart_mike_header.svh                                   ;               ;
; altera_pll.v                                                                                               ; yes             ; Megafunction                                          ; c:/intelfpga_lite/22.1std/quartus/libraries/megafunctions/altera_pll.v                                                                       ;               ;
; altsyncram.tdf                                                                                             ; yes             ; Megafunction                                          ; c:/intelfpga_lite/22.1std/quartus/libraries/megafunctions/altsyncram.tdf                                                                     ;               ;
; stratix_ram_block.inc                                                                                      ; yes             ; Megafunction                                          ; c:/intelfpga_lite/22.1std/quartus/libraries/megafunctions/stratix_ram_block.inc                                                              ;               ;
; lpm_mux.inc                                                                                                ; yes             ; Megafunction                                          ; c:/intelfpga_lite/22.1std/quartus/libraries/megafunctions/lpm_mux.inc                                                                        ;               ;
; lpm_decode.inc                                                                                             ; yes             ; Megafunction                                          ; c:/intelfpga_lite/22.1std/quartus/libraries/megafunctions/lpm_decode.inc                                                                     ;               ;
; aglobal221.inc                                                                                             ; yes             ; Megafunction                                          ; c:/intelfpga_lite/22.1std/quartus/libraries/megafunctions/aglobal221.inc                                                                     ;               ;
; a_rdenreg.inc                                                                                              ; yes             ; Megafunction                                          ; c:/intelfpga_lite/22.1std/quartus/libraries/megafunctions/a_rdenreg.inc                                                                      ;               ;
; altrom.inc                                                                                                 ; yes             ; Megafunction                                          ; c:/intelfpga_lite/22.1std/quartus/libraries/megafunctions/altrom.inc                                                                         ;               ;
; altram.inc                                                                                                 ; yes             ; Megafunction                                          ; c:/intelfpga_lite/22.1std/quartus/libraries/megafunctions/altram.inc                                                                         ;               ;
; altdpram.inc                                                                                               ; yes             ; Megafunction                                          ; c:/intelfpga_lite/22.1std/quartus/libraries/megafunctions/altdpram.inc                                                                       ;               ;
; db/altsyncram_rt71.tdf                                                                                     ; yes             ; Auto-Generated Megafunction                           ; C:/Users/matriana/Personal/Masters/Diseno de Micros/RISC-V/RISC-V_Pipeline/proj_quartus_final/db/altsyncram_rt71.tdf                         ;               ;
; proj_quartus_final.risc_v_mike_top0.rtl.mif                                                                ; yes             ; Auto-Generated Auto-Found Memory Initialization File  ; C:/Users/matriana/Personal/Masters/Diseno de Micros/RISC-V/RISC-V_Pipeline/proj_quartus_final/db/proj_quartus_final.risc_v_mike_top0.rtl.mif ;               ;
+------------------------------------------------------------------------------------------------------------+-----------------+-------------------------------------------------------+----------------------------------------------------------------------------------------------------------------------------------------------+---------------+


+---------------------------------------------------------------------------------------------------------+
; Analysis & Synthesis Resource Usage Summary                                                             ;
+---------------------------------------------+-----------------------------------------------------------+
; Resource                                    ; Usage                                                     ;
+---------------------------------------------+-----------------------------------------------------------+
; Estimate of Logic utilization (ALMs needed) ; 12759                                                     ;
;                                             ;                                                           ;
; Combinational ALUT usage for logic          ; 8248                                                      ;
;     -- 7 input functions                    ; 20                                                        ;
;     -- 6 input functions                    ; 6983                                                      ;
;     -- 5 input functions                    ; 481                                                       ;
;     -- 4 input functions                    ; 224                                                       ;
;     -- <=3 input functions                  ; 540                                                       ;
;                                             ;                                                           ;
; Dedicated logic registers                   ; 18067                                                     ;
;                                             ;                                                           ;
; I/O pins                                    ; 20                                                        ;
; Total MLAB memory bits                      ; 0                                                         ;
; Total block memory bits                     ; 31744                                                     ;
;                                             ;                                                           ;
; Total DSP Blocks                            ; 0                                                         ;
;                                             ;                                                           ;
; Total PLLs                                  ; 1                                                         ;
;     -- PLLs                                 ; 1                                                         ;
;                                             ;                                                           ;
; Maximum fan-out node                        ; risc_v_mike_clk_divider:i_risc_v_mike_clk_divider|rst_out ;
; Maximum fan-out                             ; 18429                                                     ;
; Total fan-out                               ; 118392                                                    ;
; Average fan-out                             ; 4.49                                                      ;
+---------------------------------------------+-----------------------------------------------------------+


+------------------------------------------------------------------------------------------------------------------------------------------------------------------------------------------------------------------------------------------------------------------------------------------------------------------------------------------------------------------------+
; Analysis & Synthesis Resource Utilization by Entity                                                                                                                                                                                                                                                                                                                    ;
+----------------------------------------------------------------------+---------------------+---------------------------+-------------------+------------+------+--------------+---------------------------------------------------------------------------------------------------------------------------------------+--------------------------------+---------------+
; Compilation Hierarchy Node                                           ; Combinational ALUTs ; Dedicated Logic Registers ; Block Memory Bits ; DSP Blocks ; Pins ; Virtual Pins ; Full Hierarchy Name                                                                                                                   ; Entity Name                    ; Library Name  ;
+----------------------------------------------------------------------+---------------------+---------------------------+-------------------+------------+------+--------------+---------------------------------------------------------------------------------------------------------------------------------------+--------------------------------+---------------+
; |risc_v_mike_top                                                     ; 8248 (6677)         ; 18067 (498)               ; 31744             ; 0          ; 20   ; 0            ; |risc_v_mike_top                                                                                                                      ; risc_v_mike_top                ; work          ;
;    |UART_UNCORE:i_UART_UNCORE|                                       ; 183 (0)             ; 86 (0)                    ; 0                 ; 0          ; 0    ; 0            ; |risc_v_mike_top|UART_UNCORE:i_UART_UNCORE                                                                                            ; UART_UNCORE                    ; work          ;
;       |UART_MIKE:i_top_UART_MIKE|                                    ; 162 (20)            ; 65 (11)                   ; 0                 ; 0          ; 0    ; 0            ; |risc_v_mike_top|UART_UNCORE:i_UART_UNCORE|UART_MIKE:i_top_UART_MIKE                                                                  ; UART_MIKE                      ; work          ;
;          |ascii_dec_to_7_seg:RX_ascii_dec_to_7_seg|                  ; 39 (39)             ; 0 (0)                     ; 0                 ; 0          ; 0    ; 0            ; |risc_v_mike_top|UART_UNCORE:i_UART_UNCORE|UART_MIKE:i_top_UART_MIKE|ascii_dec_to_7_seg:RX_ascii_dec_to_7_seg                         ; ascii_dec_to_7_seg             ; work          ;
;          |ascii_dec_to_7_seg:TX_ascii_dec_to_7_seg|                  ; 39 (39)             ; 0 (0)                     ; 0                 ; 0          ; 0    ; 0            ; |risc_v_mike_top|UART_UNCORE:i_UART_UNCORE|UART_MIKE:i_top_UART_MIKE|ascii_dec_to_7_seg:TX_ascii_dec_to_7_seg                         ; ascii_dec_to_7_seg             ; work          ;
;          |counter:rx_clk_counter|                                    ; 13 (13)             ; 8 (8)                     ; 0                 ; 0          ; 0    ; 0            ; |risc_v_mike_top|UART_UNCORE:i_UART_UNCORE|UART_MIKE:i_top_UART_MIKE|counter:rx_clk_counter                                           ; counter                        ; work          ;
;          |counter:rx_counter_shift_en|                               ; 13 (13)             ; 8 (8)                     ; 0                 ; 0          ; 0    ; 0            ; |risc_v_mike_top|UART_UNCORE:i_UART_UNCORE|UART_MIKE:i_top_UART_MIKE|counter:rx_counter_shift_en                                      ; counter                        ; work          ;
;          |counter:rx_counter|                                        ; 8 (8)               ; 4 (4)                     ; 0                 ; 0          ; 0    ; 0            ; |risc_v_mike_top|UART_UNCORE:i_UART_UNCORE|UART_MIKE:i_top_UART_MIKE|counter:rx_counter                                               ; counter                        ; work          ;
;          |counter:tx_clk_counter|                                    ; 13 (13)             ; 8 (8)                     ; 0                 ; 0          ; 0    ; 0            ; |risc_v_mike_top|UART_UNCORE:i_UART_UNCORE|UART_MIKE:i_top_UART_MIKE|counter:tx_clk_counter                                           ; counter                        ; work          ;
;          |counter:tx_counter|                                        ; 7 (7)               ; 4 (4)                     ; 0                 ; 0          ; 0    ; 0            ; |risc_v_mike_top|UART_UNCORE:i_UART_UNCORE|UART_MIKE:i_top_UART_MIKE|counter:tx_counter                                               ; counter                        ; work          ;
;          |rx_shifter:rx_shifter|                                     ; 2 (2)               ; 18 (18)                   ; 0                 ; 0          ; 0    ; 0            ; |risc_v_mike_top|UART_UNCORE:i_UART_UNCORE|UART_MIKE:i_top_UART_MIKE|rx_shifter:rx_shifter                                            ; rx_shifter                     ; work          ;
;          |tx_shifter:tx_shifter|                                     ; 8 (8)               ; 4 (4)                     ; 0                 ; 0          ; 0    ; 0            ; |risc_v_mike_top|UART_UNCORE:i_UART_UNCORE|UART_MIKE:i_top_UART_MIKE|tx_shifter:tx_shifter                                            ; tx_shifter                     ; work          ;
;       |risc_v_mike_gpio_module:i_risc_v_mike_gpio_module|            ; 21 (21)             ; 21 (21)                   ; 0                 ; 0          ; 0    ; 0            ; |risc_v_mike_top|UART_UNCORE:i_UART_UNCORE|risc_v_mike_gpio_module:i_risc_v_mike_gpio_module                                          ; risc_v_mike_gpio_module        ; work          ;
;    |risc_v_data_fwd:i_risc_v_data_fwd|                               ; 152 (152)           ; 76 (76)                   ; 0                 ; 0          ; 0    ; 0            ; |risc_v_mike_top|risc_v_data_fwd:i_risc_v_data_fwd                                                                                    ; risc_v_data_fwd                ; work          ;
;    |risc_v_mem_ctrl:i_risc_v_mem_ctrl|                               ; 111 (111)           ; 0 (0)                     ; 0                 ; 0          ; 0    ; 0            ; |risc_v_mike_top|risc_v_mem_ctrl:i_risc_v_mem_ctrl                                                                                    ; risc_v_mem_ctrl                ; work          ;
;    |risc_v_mike_alu:i_risc_v_mike_alu|                               ; 394 (394)           ; 0 (0)                     ; 0                 ; 0          ; 0    ; 0            ; |risc_v_mike_top|risc_v_mike_alu:i_risc_v_mike_alu                                                                                    ; risc_v_mike_alu                ; work          ;
;    |risc_v_mike_clk_divider:i_risc_v_mike_clk_divider|               ; 0 (0)               ; 3 (3)                     ; 0                 ; 0          ; 0    ; 0            ; |risc_v_mike_top|risc_v_mike_clk_divider:i_risc_v_mike_clk_divider                                                                    ; risc_v_mike_clk_divider        ; work          ;
;    |risc_v_mike_ctrl:i_risc_v_mike_ctrl|                             ; 62 (62)             ; 28 (28)                   ; 0                 ; 0          ; 0    ; 0            ; |risc_v_mike_top|risc_v_mike_ctrl:i_risc_v_mike_ctrl                                                                                  ; risc_v_mike_ctrl               ; work          ;
;    |risc_v_mike_data_memory:i_risc_v_mike_data_memory|               ; 629 (629)           ; 16384 (16384)             ; 0                 ; 0          ; 0    ; 0            ; |risc_v_mike_top|risc_v_mike_data_memory:i_risc_v_mike_data_memory                                                                    ; risc_v_mike_data_memory        ; work          ;
;    |risc_v_mike_instruction_memory:i_risc_v_mike_instruction_memory| ; 0 (0)               ; 0 (0)                     ; 31744             ; 0          ; 0    ; 0            ; |risc_v_mike_top|risc_v_mike_instruction_memory:i_risc_v_mike_instruction_memory                                                      ; risc_v_mike_instruction_memory ; work          ;
;       |altsyncram:Mux0_rtl_0|                                        ; 0 (0)               ; 0 (0)                     ; 31744             ; 0          ; 0    ; 0            ; |risc_v_mike_top|risc_v_mike_instruction_memory:i_risc_v_mike_instruction_memory|altsyncram:Mux0_rtl_0                                ; altsyncram                     ; work          ;
;          |altsyncram_rt71:auto_generated|                            ; 0 (0)               ; 0 (0)                     ; 31744             ; 0          ; 0    ; 0            ; |risc_v_mike_top|risc_v_mike_instruction_memory:i_risc_v_mike_instruction_memory|altsyncram:Mux0_rtl_0|altsyncram_rt71:auto_generated ; altsyncram_rt71                ; work          ;
;    |risc_v_mike_reg_file:i_risc_v_mike_reg_file|                     ; 35 (35)             ; 992 (992)                 ; 0                 ; 0          ; 0    ; 0            ; |risc_v_mike_top|risc_v_mike_reg_file:i_risc_v_mike_reg_file                                                                          ; risc_v_mike_reg_file           ; work          ;
;    |risc_v_mike_sign_extend:i_risc_v_mike_sign_extend|               ; 5 (5)               ; 0 (0)                     ; 0                 ; 0          ; 0    ; 0            ; |risc_v_mike_top|risc_v_mike_sign_extend:i_risc_v_mike_sign_extend                                                                    ; risc_v_mike_sign_extend        ; work          ;
;    |risv_mike_pll:i_risv_mike_pll|                                   ; 0 (0)               ; 0 (0)                     ; 0                 ; 0          ; 0    ; 0            ; |risc_v_mike_top|risv_mike_pll:i_risv_mike_pll                                                                                        ; risv_mike_pll                  ; risv_mike_pll ;
;       |risv_mike_pll_0002:risv_mike_pll_inst|                        ; 0 (0)               ; 0 (0)                     ; 0                 ; 0          ; 0    ; 0            ; |risc_v_mike_top|risv_mike_pll:i_risv_mike_pll|risv_mike_pll_0002:risv_mike_pll_inst                                                  ; risv_mike_pll_0002             ; risv_mike_pll ;
;          |altera_pll:altera_pll_i|                                   ; 0 (0)               ; 0 (0)                     ; 0                 ; 0          ; 0    ; 0            ; |risc_v_mike_top|risv_mike_pll:i_risv_mike_pll|risv_mike_pll_0002:risv_mike_pll_inst|altera_pll:altera_pll_i                          ; altera_pll                     ; work          ;
+----------------------------------------------------------------------+---------------------+---------------------------+-------------------+------------+------+--------------+---------------------------------------------------------------------------------------------------------------------------------------+--------------------------------+---------------+
Note: For table entries with two numbers listed, the numbers in parentheses indicate the number of resources of the given type used by the specific entity alone. The numbers listed outside of parentheses indicate the total resources of the given type used by the specific entity and all of its sub-entities in the hierarchy.


+-----------------------------------------------------------------------------------------------------------------------------------------------------------------------------------------------------------------------------------------------------------------+
; Analysis & Synthesis RAM Summary                                                                                                                                                                                                                                ;
+---------------------------------------------------------------------------------------------------------------------------------+------+------+--------------+--------------+--------------+--------------+-------+---------------------------------------------+
; Name                                                                                                                            ; Type ; Mode ; Port A Depth ; Port A Width ; Port B Depth ; Port B Width ; Size  ; MIF                                         ;
+---------------------------------------------------------------------------------------------------------------------------------+------+------+--------------+--------------+--------------+--------------+-------+---------------------------------------------+
; risc_v_mike_instruction_memory:i_risc_v_mike_instruction_memory|altsyncram:Mux0_rtl_0|altsyncram_rt71:auto_generated|ALTSYNCRAM ; AUTO ; ROM  ; 1024         ; 31           ; --           ; --           ; 31744 ; proj_quartus_final.risc_v_mike_top0.rtl.mif ;
+---------------------------------------------------------------------------------------------------------------------------------+------+------+--------------+--------------+--------------+--------------+-------+---------------------------------------------+


+----------------------------------------------------------------------------------------------------------------------------------+
; Analysis & Synthesis IP Cores Summary                                                                                            ;
+--------+--------------+---------+--------------+--------------+------------------------------------------------+-----------------+
; Vendor ; IP Core Name ; Version ; Release Date ; License Type ; Entity Instance                                ; IP Include File ;
+--------+--------------+---------+--------------+--------------+------------------------------------------------+-----------------+
; Altera ; altera_pll   ; 22.1    ; N/A          ; N/A          ; |risc_v_mike_top|risv_mike_pll:i_risv_mike_pll ; risv_mike_pll.v ;
+--------+--------------+---------+--------------+--------------+------------------------------------------------+-----------------+


+------------------------------------------------------------------------------------------------------------------------------------------------------------------------------------+
; Registers Protected by Synthesis                                                                                                                                                   ;
+--------------------------------------------------------------------+------------------------------------------------------------------+--------------------------------------------+
; Register Name                                                      ; Protected by Synthesis Attribute or Preserve Register Assignment ; Not to be Touched by Netlist Optimizations ;
+--------------------------------------------------------------------+------------------------------------------------------------------+--------------------------------------------+
; risc_v_mike_ctrl:i_risc_v_mike_ctrl|data_hzd_nuke_m_internal       ; yes                                                              ; yes                                        ;
; risc_v_mike_ctrl:i_risc_v_mike_ctrl|data_hzd_nuke_w_internal       ; yes                                                              ; yes                                        ;
; risc_v_mike_ctrl:i_risc_v_mike_ctrl|data_hzd_nuke_w_plus1_internal ; yes                                                              ; yes                                        ;
; risc_v_mike_ctrl:i_risc_v_mike_ctrl|data_hzd_nuke_w_plus2_internal ; yes                                                              ; yes                                        ;
; risc_v_mike_reg_file:i_risc_v_mike_reg_file|reg_file_ff[28][18]    ; yes                                                              ; yes                                        ;
; risc_v_mike_reg_file:i_risc_v_mike_reg_file|reg_file_ff[28][17]    ; yes                                                              ; yes                                        ;
; risc_v_mike_reg_file:i_risc_v_mike_reg_file|reg_file_ff[28][16]    ; yes                                                              ; yes                                        ;
; risc_v_mike_reg_file:i_risc_v_mike_reg_file|reg_file_ff[28][15]    ; yes                                                              ; yes                                        ;
; risc_v_mike_reg_file:i_risc_v_mike_reg_file|reg_file_ff[28][14]    ; yes                                                              ; yes                                        ;
; risc_v_mike_reg_file:i_risc_v_mike_reg_file|reg_file_ff[28][13]    ; yes                                                              ; yes                                        ;
; risc_v_mike_reg_file:i_risc_v_mike_reg_file|reg_file_ff[28][12]    ; yes                                                              ; yes                                        ;
; risc_v_mike_reg_file:i_risc_v_mike_reg_file|reg_file_ff[28][11]    ; yes                                                              ; yes                                        ;
; risc_v_mike_reg_file:i_risc_v_mike_reg_file|reg_file_ff[28][10]    ; yes                                                              ; yes                                        ;
; risc_v_mike_reg_file:i_risc_v_mike_reg_file|reg_file_ff[28][9]     ; yes                                                              ; yes                                        ;
; risc_v_mike_reg_file:i_risc_v_mike_reg_file|reg_file_ff[28][8]     ; yes                                                              ; yes                                        ;
; risc_v_mike_reg_file:i_risc_v_mike_reg_file|reg_file_ff[28][7]     ; yes                                                              ; yes                                        ;
; risc_v_mike_reg_file:i_risc_v_mike_reg_file|reg_file_ff[28][6]     ; yes                                                              ; yes                                        ;
; risc_v_mike_reg_file:i_risc_v_mike_reg_file|reg_file_ff[28][5]     ; yes                                                              ; yes                                        ;
; risc_v_mike_reg_file:i_risc_v_mike_reg_file|reg_file_ff[28][4]     ; yes                                                              ; yes                                        ;
; risc_v_mike_reg_file:i_risc_v_mike_reg_file|reg_file_ff[28][3]     ; yes                                                              ; yes                                        ;
; risc_v_mike_reg_file:i_risc_v_mike_reg_file|reg_file_ff[28][2]     ; yes                                                              ; yes                                        ;
; risc_v_mike_reg_file:i_risc_v_mike_reg_file|reg_file_ff[28][1]     ; yes                                                              ; yes                                        ;
; risc_v_mike_reg_file:i_risc_v_mike_reg_file|reg_file_ff[29][31]    ; yes                                                              ; yes                                        ;
; risc_v_mike_reg_file:i_risc_v_mike_reg_file|reg_file_ff[29][30]    ; yes                                                              ; yes                                        ;
; risc_v_mike_reg_file:i_risc_v_mike_reg_file|reg_file_ff[29][29]    ; yes                                                              ; yes                                        ;
; risc_v_mike_reg_file:i_risc_v_mike_reg_file|reg_file_ff[29][28]    ; yes                                                              ; yes                                        ;
; risc_v_mike_reg_file:i_risc_v_mike_reg_file|reg_file_ff[29][27]    ; yes                                                              ; yes                                        ;
; risc_v_mike_reg_file:i_risc_v_mike_reg_file|reg_file_ff[29][26]    ; yes                                                              ; yes                                        ;
; risc_v_mike_reg_file:i_risc_v_mike_reg_file|reg_file_ff[29][25]    ; yes                                                              ; yes                                        ;
; risc_v_mike_reg_file:i_risc_v_mike_reg_file|reg_file_ff[29][24]    ; yes                                                              ; yes                                        ;
; risc_v_mike_reg_file:i_risc_v_mike_reg_file|reg_file_ff[29][23]    ; yes                                                              ; yes                                        ;
; risc_v_mike_reg_file:i_risc_v_mike_reg_file|reg_file_ff[29][22]    ; yes                                                              ; yes                                        ;
; risc_v_mike_reg_file:i_risc_v_mike_reg_file|reg_file_ff[29][21]    ; yes                                                              ; yes                                        ;
; risc_v_mike_reg_file:i_risc_v_mike_reg_file|reg_file_ff[29][20]    ; yes                                                              ; yes                                        ;
; risc_v_mike_reg_file:i_risc_v_mike_reg_file|reg_file_ff[29][19]    ; yes                                                              ; yes                                        ;
; risc_v_mike_reg_file:i_risc_v_mike_reg_file|reg_file_ff[29][18]    ; yes                                                              ; yes                                        ;
; risc_v_mike_reg_file:i_risc_v_mike_reg_file|reg_file_ff[29][17]    ; yes                                                              ; yes                                        ;
; risc_v_mike_reg_file:i_risc_v_mike_reg_file|reg_file_ff[29][16]    ; yes                                                              ; yes                                        ;
; risc_v_mike_reg_file:i_risc_v_mike_reg_file|reg_file_ff[29][15]    ; yes                                                              ; yes                                        ;
; risc_v_mike_reg_file:i_risc_v_mike_reg_file|reg_file_ff[29][14]    ; yes                                                              ; yes                                        ;
; risc_v_mike_reg_file:i_risc_v_mike_reg_file|reg_file_ff[1][0]      ; yes                                                              ; yes                                        ;
; risc_v_mike_reg_file:i_risc_v_mike_reg_file|reg_file_ff[29][13]    ; yes                                                              ; yes                                        ;
; risc_v_mike_reg_file:i_risc_v_mike_reg_file|reg_file_ff[29][12]    ; yes                                                              ; yes                                        ;
; risc_v_mike_reg_file:i_risc_v_mike_reg_file|reg_file_ff[2][0]      ; yes                                                              ; yes                                        ;
; risc_v_mike_reg_file:i_risc_v_mike_reg_file|reg_file_ff[29][11]    ; yes                                                              ; yes                                        ;
; risc_v_mike_reg_file:i_risc_v_mike_reg_file|reg_file_ff[3][0]      ; yes                                                              ; yes                                        ;
; risc_v_mike_reg_file:i_risc_v_mike_reg_file|reg_file_ff[29][10]    ; yes                                                              ; yes                                        ;
; risc_v_mike_reg_file:i_risc_v_mike_reg_file|reg_file_ff[29][9]     ; yes                                                              ; yes                                        ;
; risc_v_mike_reg_file:i_risc_v_mike_reg_file|reg_file_ff[4][0]      ; yes                                                              ; yes                                        ;
; risc_v_mike_reg_file:i_risc_v_mike_reg_file|reg_file_ff[29][8]     ; yes                                                              ; yes                                        ;
; risc_v_mike_reg_file:i_risc_v_mike_reg_file|reg_file_ff[29][7]     ; yes                                                              ; yes                                        ;
; risc_v_mike_reg_file:i_risc_v_mike_reg_file|reg_file_ff[5][0]      ; yes                                                              ; yes                                        ;
; risc_v_mike_reg_file:i_risc_v_mike_reg_file|reg_file_ff[29][6]     ; yes                                                              ; yes                                        ;
; risc_v_mike_reg_file:i_risc_v_mike_reg_file|reg_file_ff[29][5]     ; yes                                                              ; yes                                        ;
; risc_v_mike_reg_file:i_risc_v_mike_reg_file|reg_file_ff[29][4]     ; yes                                                              ; yes                                        ;
; risc_v_mike_reg_file:i_risc_v_mike_reg_file|reg_file_ff[6][0]      ; yes                                                              ; yes                                        ;
; risc_v_mike_reg_file:i_risc_v_mike_reg_file|reg_file_ff[29][3]     ; yes                                                              ; yes                                        ;
; risc_v_mike_reg_file:i_risc_v_mike_reg_file|reg_file_ff[7][0]      ; yes                                                              ; yes                                        ;
; risc_v_mike_reg_file:i_risc_v_mike_reg_file|reg_file_ff[29][2]     ; yes                                                              ; yes                                        ;
; risc_v_mike_reg_file:i_risc_v_mike_reg_file|reg_file_ff[29][1]     ; yes                                                              ; yes                                        ;
; risc_v_mike_reg_file:i_risc_v_mike_reg_file|reg_file_ff[8][0]      ; yes                                                              ; yes                                        ;
; risc_v_mike_reg_file:i_risc_v_mike_reg_file|reg_file_ff[30][31]    ; yes                                                              ; yes                                        ;
; risc_v_mike_reg_file:i_risc_v_mike_reg_file|reg_file_ff[30][30]    ; yes                                                              ; yes                                        ;
; risc_v_mike_reg_file:i_risc_v_mike_reg_file|reg_file_ff[9][0]      ; yes                                                              ; yes                                        ;
; risc_v_mike_reg_file:i_risc_v_mike_reg_file|reg_file_ff[30][29]    ; yes                                                              ; yes                                        ;
; risc_v_mike_reg_file:i_risc_v_mike_reg_file|reg_file_ff[30][28]    ; yes                                                              ; yes                                        ;
; risc_v_mike_reg_file:i_risc_v_mike_reg_file|reg_file_ff[30][27]    ; yes                                                              ; yes                                        ;
; risc_v_mike_reg_file:i_risc_v_mike_reg_file|reg_file_ff[10][0]     ; yes                                                              ; yes                                        ;
; risc_v_mike_reg_file:i_risc_v_mike_reg_file|reg_file_ff[30][26]    ; yes                                                              ; yes                                        ;
; risc_v_mike_reg_file:i_risc_v_mike_reg_file|reg_file_ff[30][25]    ; yes                                                              ; yes                                        ;
; risc_v_mike_reg_file:i_risc_v_mike_reg_file|reg_file_ff[11][0]     ; yes                                                              ; yes                                        ;
; risc_v_mike_reg_file:i_risc_v_mike_reg_file|reg_file_ff[30][24]    ; yes                                                              ; yes                                        ;
; risc_v_mike_reg_file:i_risc_v_mike_reg_file|reg_file_ff[30][23]    ; yes                                                              ; yes                                        ;
; risc_v_mike_reg_file:i_risc_v_mike_reg_file|reg_file_ff[30][22]    ; yes                                                              ; yes                                        ;
; risc_v_mike_reg_file:i_risc_v_mike_reg_file|reg_file_ff[12][0]     ; yes                                                              ; yes                                        ;
; risc_v_mike_reg_file:i_risc_v_mike_reg_file|reg_file_ff[30][21]    ; yes                                                              ; yes                                        ;
; risc_v_mike_reg_file:i_risc_v_mike_reg_file|reg_file_ff[30][20]    ; yes                                                              ; yes                                        ;
; risc_v_mike_reg_file:i_risc_v_mike_reg_file|reg_file_ff[30][19]    ; yes                                                              ; yes                                        ;
; risc_v_mike_reg_file:i_risc_v_mike_reg_file|reg_file_ff[13][0]     ; yes                                                              ; yes                                        ;
; risc_v_mike_reg_file:i_risc_v_mike_reg_file|reg_file_ff[30][18]    ; yes                                                              ; yes                                        ;
; risc_v_mike_reg_file:i_risc_v_mike_reg_file|reg_file_ff[30][17]    ; yes                                                              ; yes                                        ;
; risc_v_mike_reg_file:i_risc_v_mike_reg_file|reg_file_ff[30][16]    ; yes                                                              ; yes                                        ;
; risc_v_mike_reg_file:i_risc_v_mike_reg_file|reg_file_ff[30][15]    ; yes                                                              ; yes                                        ;
; risc_v_mike_reg_file:i_risc_v_mike_reg_file|reg_file_ff[14][0]     ; yes                                                              ; yes                                        ;
; risc_v_mike_reg_file:i_risc_v_mike_reg_file|reg_file_ff[30][14]    ; yes                                                              ; yes                                        ;
; risc_v_mike_reg_file:i_risc_v_mike_reg_file|reg_file_ff[15][0]     ; yes                                                              ; yes                                        ;
; risc_v_mike_reg_file:i_risc_v_mike_reg_file|reg_file_ff[30][13]    ; yes                                                              ; yes                                        ;
; risc_v_mike_reg_file:i_risc_v_mike_reg_file|reg_file_ff[30][12]    ; yes                                                              ; yes                                        ;
; risc_v_mike_reg_file:i_risc_v_mike_reg_file|reg_file_ff[16][0]     ; yes                                                              ; yes                                        ;
; risc_v_mike_reg_file:i_risc_v_mike_reg_file|reg_file_ff[30][11]    ; yes                                                              ; yes                                        ;
; risc_v_mike_reg_file:i_risc_v_mike_reg_file|reg_file_ff[30][10]    ; yes                                                              ; yes                                        ;
; risc_v_mike_reg_file:i_risc_v_mike_reg_file|reg_file_ff[17][0]     ; yes                                                              ; yes                                        ;
; risc_v_mike_reg_file:i_risc_v_mike_reg_file|reg_file_ff[30][9]     ; yes                                                              ; yes                                        ;
; risc_v_mike_reg_file:i_risc_v_mike_reg_file|reg_file_ff[30][8]     ; yes                                                              ; yes                                        ;
; risc_v_mike_reg_file:i_risc_v_mike_reg_file|reg_file_ff[30][7]     ; yes                                                              ; yes                                        ;
; risc_v_mike_reg_file:i_risc_v_mike_reg_file|reg_file_ff[18][0]     ; yes                                                              ; yes                                        ;
; risc_v_mike_reg_file:i_risc_v_mike_reg_file|reg_file_ff[30][6]     ; yes                                                              ; yes                                        ;
; risc_v_mike_reg_file:i_risc_v_mike_reg_file|reg_file_ff[30][5]     ; yes                                                              ; yes                                        ;
; risc_v_mike_reg_file:i_risc_v_mike_reg_file|reg_file_ff[19][0]     ; yes                                                              ; yes                                        ;
; risc_v_mike_reg_file:i_risc_v_mike_reg_file|reg_file_ff[30][4]     ; yes                                                              ; yes                                        ;
; risc_v_mike_reg_file:i_risc_v_mike_reg_file|reg_file_ff[30][3]     ; yes                                                              ; yes                                        ;
; risc_v_mike_reg_file:i_risc_v_mike_reg_file|reg_file_ff[30][2]     ; yes                                                              ; yes                                        ;
; risc_v_mike_reg_file:i_risc_v_mike_reg_file|reg_file_ff[20][0]     ; yes                                                              ; yes                                        ;
; risc_v_mike_reg_file:i_risc_v_mike_reg_file|reg_file_ff[30][1]     ; yes                                                              ; yes                                        ;
; risc_v_mike_reg_file:i_risc_v_mike_reg_file|reg_file_ff[31][31]    ; yes                                                              ; yes                                        ;
; risc_v_mike_reg_file:i_risc_v_mike_reg_file|reg_file_ff[31][30]    ; yes                                                              ; yes                                        ;
; risc_v_mike_reg_file:i_risc_v_mike_reg_file|reg_file_ff[21][0]     ; yes                                                              ; yes                                        ;
; risc_v_mike_reg_file:i_risc_v_mike_reg_file|reg_file_ff[31][29]    ; yes                                                              ; yes                                        ;
; risc_v_mike_reg_file:i_risc_v_mike_reg_file|reg_file_ff[31][28]    ; yes                                                              ; yes                                        ;
; risc_v_mike_reg_file:i_risc_v_mike_reg_file|reg_file_ff[31][27]    ; yes                                                              ; yes                                        ;
; risc_v_mike_reg_file:i_risc_v_mike_reg_file|reg_file_ff[31][26]    ; yes                                                              ; yes                                        ;
; risc_v_mike_reg_file:i_risc_v_mike_reg_file|reg_file_ff[22][0]     ; yes                                                              ; yes                                        ;
; risc_v_mike_reg_file:i_risc_v_mike_reg_file|reg_file_ff[31][25]    ; yes                                                              ; yes                                        ;
; risc_v_mike_reg_file:i_risc_v_mike_reg_file|reg_file_ff[31][24]    ; yes                                                              ; yes                                        ;
; risc_v_mike_reg_file:i_risc_v_mike_reg_file|reg_file_ff[23][0]     ; yes                                                              ; yes                                        ;
; risc_v_mike_reg_file:i_risc_v_mike_reg_file|reg_file_ff[31][23]    ; yes                                                              ; yes                                        ;
; risc_v_mike_reg_file:i_risc_v_mike_reg_file|reg_file_ff[31][22]    ; yes                                                              ; yes                                        ;
; risc_v_mike_reg_file:i_risc_v_mike_reg_file|reg_file_ff[31][21]    ; yes                                                              ; yes                                        ;
; risc_v_mike_reg_file:i_risc_v_mike_reg_file|reg_file_ff[24][0]     ; yes                                                              ; yes                                        ;
; risc_v_mike_reg_file:i_risc_v_mike_reg_file|reg_file_ff[31][20]    ; yes                                                              ; yes                                        ;
; risc_v_mike_reg_file:i_risc_v_mike_reg_file|reg_file_ff[31][19]    ; yes                                                              ; yes                                        ;
; risc_v_mike_reg_file:i_risc_v_mike_reg_file|reg_file_ff[31][18]    ; yes                                                              ; yes                                        ;
; risc_v_mike_reg_file:i_risc_v_mike_reg_file|reg_file_ff[25][0]     ; yes                                                              ; yes                                        ;
; risc_v_mike_reg_file:i_risc_v_mike_reg_file|reg_file_ff[31][17]    ; yes                                                              ; yes                                        ;
; risc_v_mike_reg_file:i_risc_v_mike_reg_file|reg_file_ff[31][16]    ; yes                                                              ; yes                                        ;
; risc_v_mike_reg_file:i_risc_v_mike_reg_file|reg_file_ff[31][15]    ; yes                                                              ; yes                                        ;
; risc_v_mike_reg_file:i_risc_v_mike_reg_file|reg_file_ff[31][14]    ; yes                                                              ; yes                                        ;
; risc_v_mike_reg_file:i_risc_v_mike_reg_file|reg_file_ff[26][0]     ; yes                                                              ; yes                                        ;
; risc_v_mike_reg_file:i_risc_v_mike_reg_file|reg_file_ff[31][13]    ; yes                                                              ; yes                                        ;
; risc_v_mike_reg_file:i_risc_v_mike_reg_file|reg_file_ff[31][12]    ; yes                                                              ; yes                                        ;
; risc_v_mike_reg_file:i_risc_v_mike_reg_file|reg_file_ff[31][11]    ; yes                                                              ; yes                                        ;
; risc_v_mike_reg_file:i_risc_v_mike_reg_file|reg_file_ff[27][0]     ; yes                                                              ; yes                                        ;
; risc_v_mike_reg_file:i_risc_v_mike_reg_file|reg_file_ff[31][10]    ; yes                                                              ; yes                                        ;
; risc_v_mike_reg_file:i_risc_v_mike_reg_file|reg_file_ff[31][9]     ; yes                                                              ; yes                                        ;
; risc_v_mike_reg_file:i_risc_v_mike_reg_file|reg_file_ff[31][8]     ; yes                                                              ; yes                                        ;
; risc_v_mike_reg_file:i_risc_v_mike_reg_file|reg_file_ff[31][7]     ; yes                                                              ; yes                                        ;
; risc_v_mike_reg_file:i_risc_v_mike_reg_file|reg_file_ff[28][0]     ; yes                                                              ; yes                                        ;
; risc_v_mike_reg_file:i_risc_v_mike_reg_file|reg_file_ff[31][6]     ; yes                                                              ; yes                                        ;
; risc_v_mike_reg_file:i_risc_v_mike_reg_file|reg_file_ff[31][5]     ; yes                                                              ; yes                                        ;
; risc_v_mike_reg_file:i_risc_v_mike_reg_file|reg_file_ff[31][4]     ; yes                                                              ; yes                                        ;
; risc_v_mike_reg_file:i_risc_v_mike_reg_file|reg_file_ff[31][3]     ; yes                                                              ; yes                                        ;
; risc_v_mike_reg_file:i_risc_v_mike_reg_file|reg_file_ff[29][0]     ; yes                                                              ; yes                                        ;
; risc_v_mike_reg_file:i_risc_v_mike_reg_file|reg_file_ff[31][2]     ; yes                                                              ; yes                                        ;
; risc_v_mike_reg_file:i_risc_v_mike_reg_file|reg_file_ff[31][1]     ; yes                                                              ; yes                                        ;
; risc_v_mike_reg_file:i_risc_v_mike_reg_file|reg_file_ff[31][0]     ; yes                                                              ; yes                                        ;
; risc_v_mike_reg_file:i_risc_v_mike_reg_file|reg_file_ff[30][0]     ; yes                                                              ; yes                                        ;
; risc_v_mike_reg_file:i_risc_v_mike_reg_file|reg_file_ff[28][19]    ; yes                                                              ; yes                                        ;
; risc_v_mike_reg_file:i_risc_v_mike_reg_file|reg_file_ff[28][20]    ; yes                                                              ; yes                                        ;
; risc_v_mike_reg_file:i_risc_v_mike_reg_file|reg_file_ff[28][21]    ; yes                                                              ; yes                                        ;
; risc_v_mike_reg_file:i_risc_v_mike_reg_file|reg_file_ff[28][22]    ; yes                                                              ; yes                                        ;
; risc_v_mike_reg_file:i_risc_v_mike_reg_file|reg_file_ff[28][23]    ; yes                                                              ; yes                                        ;
; risc_v_mike_reg_file:i_risc_v_mike_reg_file|reg_file_ff[28][24]    ; yes                                                              ; yes                                        ;
; risc_v_mike_reg_file:i_risc_v_mike_reg_file|reg_file_ff[28][25]    ; yes                                                              ; yes                                        ;
; risc_v_mike_reg_file:i_risc_v_mike_reg_file|reg_file_ff[28][26]    ; yes                                                              ; yes                                        ;
; risc_v_mike_reg_file:i_risc_v_mike_reg_file|reg_file_ff[28][27]    ; yes                                                              ; yes                                        ;
; risc_v_mike_reg_file:i_risc_v_mike_reg_file|reg_file_ff[28][28]    ; yes                                                              ; yes                                        ;
; risc_v_mike_reg_file:i_risc_v_mike_reg_file|reg_file_ff[28][29]    ; yes                                                              ; yes                                        ;
; risc_v_mike_reg_file:i_risc_v_mike_reg_file|reg_file_ff[28][30]    ; yes                                                              ; yes                                        ;
; risc_v_mike_reg_file:i_risc_v_mike_reg_file|reg_file_ff[28][31]    ; yes                                                              ; yes                                        ;
; risc_v_mike_reg_file:i_risc_v_mike_reg_file|reg_file_ff[27][1]     ; yes                                                              ; yes                                        ;
; risc_v_mike_reg_file:i_risc_v_mike_reg_file|reg_file_ff[27][2]     ; yes                                                              ; yes                                        ;
; risc_v_mike_reg_file:i_risc_v_mike_reg_file|reg_file_ff[27][3]     ; yes                                                              ; yes                                        ;
; risc_v_mike_reg_file:i_risc_v_mike_reg_file|reg_file_ff[27][4]     ; yes                                                              ; yes                                        ;
; risc_v_mike_reg_file:i_risc_v_mike_reg_file|reg_file_ff[27][5]     ; yes                                                              ; yes                                        ;
; risc_v_mike_reg_file:i_risc_v_mike_reg_file|reg_file_ff[27][6]     ; yes                                                              ; yes                                        ;
; risc_v_mike_reg_file:i_risc_v_mike_reg_file|reg_file_ff[27][7]     ; yes                                                              ; yes                                        ;
; risc_v_mike_reg_file:i_risc_v_mike_reg_file|reg_file_ff[27][8]     ; yes                                                              ; yes                                        ;
; risc_v_mike_reg_file:i_risc_v_mike_reg_file|reg_file_ff[27][9]     ; yes                                                              ; yes                                        ;
; risc_v_mike_reg_file:i_risc_v_mike_reg_file|reg_file_ff[27][10]    ; yes                                                              ; yes                                        ;
; risc_v_mike_reg_file:i_risc_v_mike_reg_file|reg_file_ff[27][11]    ; yes                                                              ; yes                                        ;
; risc_v_mike_reg_file:i_risc_v_mike_reg_file|reg_file_ff[27][12]    ; yes                                                              ; yes                                        ;
; risc_v_mike_reg_file:i_risc_v_mike_reg_file|reg_file_ff[27][13]    ; yes                                                              ; yes                                        ;
; risc_v_mike_reg_file:i_risc_v_mike_reg_file|reg_file_ff[27][14]    ; yes                                                              ; yes                                        ;
; risc_v_mike_reg_file:i_risc_v_mike_reg_file|reg_file_ff[27][15]    ; yes                                                              ; yes                                        ;
; risc_v_mike_reg_file:i_risc_v_mike_reg_file|reg_file_ff[27][16]    ; yes                                                              ; yes                                        ;
; risc_v_mike_reg_file:i_risc_v_mike_reg_file|reg_file_ff[27][17]    ; yes                                                              ; yes                                        ;
; risc_v_mike_reg_file:i_risc_v_mike_reg_file|reg_file_ff[27][18]    ; yes                                                              ; yes                                        ;
; risc_v_mike_reg_file:i_risc_v_mike_reg_file|reg_file_ff[27][19]    ; yes                                                              ; yes                                        ;
; risc_v_mike_reg_file:i_risc_v_mike_reg_file|reg_file_ff[27][20]    ; yes                                                              ; yes                                        ;
; risc_v_mike_reg_file:i_risc_v_mike_reg_file|reg_file_ff[27][21]    ; yes                                                              ; yes                                        ;
; risc_v_mike_reg_file:i_risc_v_mike_reg_file|reg_file_ff[27][22]    ; yes                                                              ; yes                                        ;
; risc_v_mike_reg_file:i_risc_v_mike_reg_file|reg_file_ff[27][23]    ; yes                                                              ; yes                                        ;
; risc_v_mike_reg_file:i_risc_v_mike_reg_file|reg_file_ff[27][24]    ; yes                                                              ; yes                                        ;
; risc_v_mike_reg_file:i_risc_v_mike_reg_file|reg_file_ff[27][25]    ; yes                                                              ; yes                                        ;
; risc_v_mike_reg_file:i_risc_v_mike_reg_file|reg_file_ff[27][26]    ; yes                                                              ; yes                                        ;
; risc_v_mike_reg_file:i_risc_v_mike_reg_file|reg_file_ff[27][27]    ; yes                                                              ; yes                                        ;
; risc_v_mike_reg_file:i_risc_v_mike_reg_file|reg_file_ff[27][28]    ; yes                                                              ; yes                                        ;
; risc_v_mike_reg_file:i_risc_v_mike_reg_file|reg_file_ff[27][29]    ; yes                                                              ; yes                                        ;
; risc_v_mike_reg_file:i_risc_v_mike_reg_file|reg_file_ff[27][30]    ; yes                                                              ; yes                                        ;
; risc_v_mike_reg_file:i_risc_v_mike_reg_file|reg_file_ff[27][31]    ; yes                                                              ; yes                                        ;
; risc_v_mike_reg_file:i_risc_v_mike_reg_file|reg_file_ff[26][1]     ; yes                                                              ; yes                                        ;
; risc_v_mike_reg_file:i_risc_v_mike_reg_file|reg_file_ff[26][2]     ; yes                                                              ; yes                                        ;
; risc_v_mike_reg_file:i_risc_v_mike_reg_file|reg_file_ff[26][3]     ; yes                                                              ; yes                                        ;
; risc_v_mike_reg_file:i_risc_v_mike_reg_file|reg_file_ff[26][4]     ; yes                                                              ; yes                                        ;
; risc_v_mike_reg_file:i_risc_v_mike_reg_file|reg_file_ff[26][5]     ; yes                                                              ; yes                                        ;
; risc_v_mike_reg_file:i_risc_v_mike_reg_file|reg_file_ff[26][6]     ; yes                                                              ; yes                                        ;
; risc_v_mike_reg_file:i_risc_v_mike_reg_file|reg_file_ff[26][7]     ; yes                                                              ; yes                                        ;
; risc_v_mike_reg_file:i_risc_v_mike_reg_file|reg_file_ff[26][8]     ; yes                                                              ; yes                                        ;
; risc_v_mike_reg_file:i_risc_v_mike_reg_file|reg_file_ff[26][9]     ; yes                                                              ; yes                                        ;
; risc_v_mike_reg_file:i_risc_v_mike_reg_file|reg_file_ff[26][10]    ; yes                                                              ; yes                                        ;
; risc_v_mike_reg_file:i_risc_v_mike_reg_file|reg_file_ff[26][11]    ; yes                                                              ; yes                                        ;
; risc_v_mike_reg_file:i_risc_v_mike_reg_file|reg_file_ff[26][12]    ; yes                                                              ; yes                                        ;
; risc_v_mike_reg_file:i_risc_v_mike_reg_file|reg_file_ff[26][13]    ; yes                                                              ; yes                                        ;
; risc_v_mike_reg_file:i_risc_v_mike_reg_file|reg_file_ff[26][14]    ; yes                                                              ; yes                                        ;
; risc_v_mike_reg_file:i_risc_v_mike_reg_file|reg_file_ff[26][15]    ; yes                                                              ; yes                                        ;
; risc_v_mike_reg_file:i_risc_v_mike_reg_file|reg_file_ff[26][16]    ; yes                                                              ; yes                                        ;
; risc_v_mike_reg_file:i_risc_v_mike_reg_file|reg_file_ff[26][17]    ; yes                                                              ; yes                                        ;
; risc_v_mike_reg_file:i_risc_v_mike_reg_file|reg_file_ff[26][18]    ; yes                                                              ; yes                                        ;
; risc_v_mike_reg_file:i_risc_v_mike_reg_file|reg_file_ff[26][19]    ; yes                                                              ; yes                                        ;
; risc_v_mike_reg_file:i_risc_v_mike_reg_file|reg_file_ff[26][20]    ; yes                                                              ; yes                                        ;
; risc_v_mike_reg_file:i_risc_v_mike_reg_file|reg_file_ff[26][21]    ; yes                                                              ; yes                                        ;
; risc_v_mike_reg_file:i_risc_v_mike_reg_file|reg_file_ff[26][22]    ; yes                                                              ; yes                                        ;
; risc_v_mike_reg_file:i_risc_v_mike_reg_file|reg_file_ff[26][23]    ; yes                                                              ; yes                                        ;
; risc_v_mike_reg_file:i_risc_v_mike_reg_file|reg_file_ff[26][24]    ; yes                                                              ; yes                                        ;
; risc_v_mike_reg_file:i_risc_v_mike_reg_file|reg_file_ff[26][25]    ; yes                                                              ; yes                                        ;
; risc_v_mike_reg_file:i_risc_v_mike_reg_file|reg_file_ff[26][26]    ; yes                                                              ; yes                                        ;
; risc_v_mike_reg_file:i_risc_v_mike_reg_file|reg_file_ff[26][27]    ; yes                                                              ; yes                                        ;
; risc_v_mike_reg_file:i_risc_v_mike_reg_file|reg_file_ff[26][28]    ; yes                                                              ; yes                                        ;
; risc_v_mike_reg_file:i_risc_v_mike_reg_file|reg_file_ff[26][29]    ; yes                                                              ; yes                                        ;
; risc_v_mike_reg_file:i_risc_v_mike_reg_file|reg_file_ff[26][30]    ; yes                                                              ; yes                                        ;
; risc_v_mike_reg_file:i_risc_v_mike_reg_file|reg_file_ff[26][31]    ; yes                                                              ; yes                                        ;
; risc_v_mike_reg_file:i_risc_v_mike_reg_file|reg_file_ff[25][1]     ; yes                                                              ; yes                                        ;
; risc_v_mike_reg_file:i_risc_v_mike_reg_file|reg_file_ff[25][2]     ; yes                                                              ; yes                                        ;
; risc_v_mike_reg_file:i_risc_v_mike_reg_file|reg_file_ff[25][3]     ; yes                                                              ; yes                                        ;
; risc_v_mike_reg_file:i_risc_v_mike_reg_file|reg_file_ff[25][4]     ; yes                                                              ; yes                                        ;
; risc_v_mike_reg_file:i_risc_v_mike_reg_file|reg_file_ff[25][5]     ; yes                                                              ; yes                                        ;
; risc_v_mike_reg_file:i_risc_v_mike_reg_file|reg_file_ff[25][6]     ; yes                                                              ; yes                                        ;
; risc_v_mike_reg_file:i_risc_v_mike_reg_file|reg_file_ff[25][7]     ; yes                                                              ; yes                                        ;
; risc_v_mike_reg_file:i_risc_v_mike_reg_file|reg_file_ff[25][8]     ; yes                                                              ; yes                                        ;
; risc_v_mike_reg_file:i_risc_v_mike_reg_file|reg_file_ff[25][9]     ; yes                                                              ; yes                                        ;
; risc_v_mike_reg_file:i_risc_v_mike_reg_file|reg_file_ff[25][10]    ; yes                                                              ; yes                                        ;
; risc_v_mike_reg_file:i_risc_v_mike_reg_file|reg_file_ff[25][11]    ; yes                                                              ; yes                                        ;
; risc_v_mike_reg_file:i_risc_v_mike_reg_file|reg_file_ff[25][12]    ; yes                                                              ; yes                                        ;
; risc_v_mike_reg_file:i_risc_v_mike_reg_file|reg_file_ff[25][13]    ; yes                                                              ; yes                                        ;
; risc_v_mike_reg_file:i_risc_v_mike_reg_file|reg_file_ff[25][14]    ; yes                                                              ; yes                                        ;
; risc_v_mike_reg_file:i_risc_v_mike_reg_file|reg_file_ff[25][15]    ; yes                                                              ; yes                                        ;
; risc_v_mike_reg_file:i_risc_v_mike_reg_file|reg_file_ff[25][16]    ; yes                                                              ; yes                                        ;
; risc_v_mike_reg_file:i_risc_v_mike_reg_file|reg_file_ff[25][17]    ; yes                                                              ; yes                                        ;
; risc_v_mike_reg_file:i_risc_v_mike_reg_file|reg_file_ff[25][18]    ; yes                                                              ; yes                                        ;
; risc_v_mike_reg_file:i_risc_v_mike_reg_file|reg_file_ff[25][19]    ; yes                                                              ; yes                                        ;
; risc_v_mike_reg_file:i_risc_v_mike_reg_file|reg_file_ff[25][20]    ; yes                                                              ; yes                                        ;
; risc_v_mike_reg_file:i_risc_v_mike_reg_file|reg_file_ff[25][21]    ; yes                                                              ; yes                                        ;
; risc_v_mike_reg_file:i_risc_v_mike_reg_file|reg_file_ff[25][22]    ; yes                                                              ; yes                                        ;
; risc_v_mike_reg_file:i_risc_v_mike_reg_file|reg_file_ff[25][23]    ; yes                                                              ; yes                                        ;
; risc_v_mike_reg_file:i_risc_v_mike_reg_file|reg_file_ff[25][24]    ; yes                                                              ; yes                                        ;
; risc_v_mike_reg_file:i_risc_v_mike_reg_file|reg_file_ff[25][25]    ; yes                                                              ; yes                                        ;
; risc_v_mike_reg_file:i_risc_v_mike_reg_file|reg_file_ff[25][26]    ; yes                                                              ; yes                                        ;
; risc_v_mike_reg_file:i_risc_v_mike_reg_file|reg_file_ff[25][27]    ; yes                                                              ; yes                                        ;
; risc_v_mike_reg_file:i_risc_v_mike_reg_file|reg_file_ff[25][28]    ; yes                                                              ; yes                                        ;
; risc_v_mike_reg_file:i_risc_v_mike_reg_file|reg_file_ff[25][29]    ; yes                                                              ; yes                                        ;
; risc_v_mike_reg_file:i_risc_v_mike_reg_file|reg_file_ff[25][30]    ; yes                                                              ; yes                                        ;
; risc_v_mike_reg_file:i_risc_v_mike_reg_file|reg_file_ff[25][31]    ; yes                                                              ; yes                                        ;
; risc_v_mike_reg_file:i_risc_v_mike_reg_file|reg_file_ff[24][1]     ; yes                                                              ; yes                                        ;
; risc_v_mike_reg_file:i_risc_v_mike_reg_file|reg_file_ff[24][2]     ; yes                                                              ; yes                                        ;
; risc_v_mike_reg_file:i_risc_v_mike_reg_file|reg_file_ff[24][3]     ; yes                                                              ; yes                                        ;
; risc_v_mike_reg_file:i_risc_v_mike_reg_file|reg_file_ff[24][4]     ; yes                                                              ; yes                                        ;
; risc_v_mike_reg_file:i_risc_v_mike_reg_file|reg_file_ff[24][5]     ; yes                                                              ; yes                                        ;
; risc_v_mike_reg_file:i_risc_v_mike_reg_file|reg_file_ff[24][6]     ; yes                                                              ; yes                                        ;
; risc_v_mike_reg_file:i_risc_v_mike_reg_file|reg_file_ff[24][7]     ; yes                                                              ; yes                                        ;
; risc_v_mike_reg_file:i_risc_v_mike_reg_file|reg_file_ff[24][8]     ; yes                                                              ; yes                                        ;
; risc_v_mike_reg_file:i_risc_v_mike_reg_file|reg_file_ff[24][9]     ; yes                                                              ; yes                                        ;
; risc_v_mike_reg_file:i_risc_v_mike_reg_file|reg_file_ff[24][10]    ; yes                                                              ; yes                                        ;
; risc_v_mike_reg_file:i_risc_v_mike_reg_file|reg_file_ff[24][11]    ; yes                                                              ; yes                                        ;
; risc_v_mike_reg_file:i_risc_v_mike_reg_file|reg_file_ff[24][12]    ; yes                                                              ; yes                                        ;
; risc_v_mike_reg_file:i_risc_v_mike_reg_file|reg_file_ff[24][13]    ; yes                                                              ; yes                                        ;
; risc_v_mike_reg_file:i_risc_v_mike_reg_file|reg_file_ff[24][14]    ; yes                                                              ; yes                                        ;
; risc_v_mike_reg_file:i_risc_v_mike_reg_file|reg_file_ff[24][15]    ; yes                                                              ; yes                                        ;
; risc_v_mike_reg_file:i_risc_v_mike_reg_file|reg_file_ff[24][16]    ; yes                                                              ; yes                                        ;
; risc_v_mike_reg_file:i_risc_v_mike_reg_file|reg_file_ff[24][17]    ; yes                                                              ; yes                                        ;
; risc_v_mike_reg_file:i_risc_v_mike_reg_file|reg_file_ff[24][18]    ; yes                                                              ; yes                                        ;
; risc_v_mike_reg_file:i_risc_v_mike_reg_file|reg_file_ff[24][19]    ; yes                                                              ; yes                                        ;
; risc_v_mike_reg_file:i_risc_v_mike_reg_file|reg_file_ff[24][20]    ; yes                                                              ; yes                                        ;
; risc_v_mike_reg_file:i_risc_v_mike_reg_file|reg_file_ff[24][21]    ; yes                                                              ; yes                                        ;
; risc_v_mike_reg_file:i_risc_v_mike_reg_file|reg_file_ff[24][22]    ; yes                                                              ; yes                                        ;
; risc_v_mike_reg_file:i_risc_v_mike_reg_file|reg_file_ff[24][23]    ; yes                                                              ; yes                                        ;
; risc_v_mike_reg_file:i_risc_v_mike_reg_file|reg_file_ff[24][24]    ; yes                                                              ; yes                                        ;
; risc_v_mike_reg_file:i_risc_v_mike_reg_file|reg_file_ff[24][25]    ; yes                                                              ; yes                                        ;
; risc_v_mike_reg_file:i_risc_v_mike_reg_file|reg_file_ff[24][26]    ; yes                                                              ; yes                                        ;
; risc_v_mike_reg_file:i_risc_v_mike_reg_file|reg_file_ff[24][27]    ; yes                                                              ; yes                                        ;
; risc_v_mike_reg_file:i_risc_v_mike_reg_file|reg_file_ff[24][28]    ; yes                                                              ; yes                                        ;
; risc_v_mike_reg_file:i_risc_v_mike_reg_file|reg_file_ff[24][29]    ; yes                                                              ; yes                                        ;
; risc_v_mike_reg_file:i_risc_v_mike_reg_file|reg_file_ff[24][30]    ; yes                                                              ; yes                                        ;
; risc_v_mike_reg_file:i_risc_v_mike_reg_file|reg_file_ff[24][31]    ; yes                                                              ; yes                                        ;
; risc_v_mike_reg_file:i_risc_v_mike_reg_file|reg_file_ff[23][1]     ; yes                                                              ; yes                                        ;
; risc_v_mike_reg_file:i_risc_v_mike_reg_file|reg_file_ff[23][2]     ; yes                                                              ; yes                                        ;
; risc_v_mike_reg_file:i_risc_v_mike_reg_file|reg_file_ff[23][3]     ; yes                                                              ; yes                                        ;
; risc_v_mike_reg_file:i_risc_v_mike_reg_file|reg_file_ff[23][4]     ; yes                                                              ; yes                                        ;
; risc_v_mike_reg_file:i_risc_v_mike_reg_file|reg_file_ff[23][5]     ; yes                                                              ; yes                                        ;
; risc_v_mike_reg_file:i_risc_v_mike_reg_file|reg_file_ff[23][6]     ; yes                                                              ; yes                                        ;
; risc_v_mike_reg_file:i_risc_v_mike_reg_file|reg_file_ff[23][7]     ; yes                                                              ; yes                                        ;
; risc_v_mike_reg_file:i_risc_v_mike_reg_file|reg_file_ff[23][8]     ; yes                                                              ; yes                                        ;
; risc_v_mike_reg_file:i_risc_v_mike_reg_file|reg_file_ff[23][9]     ; yes                                                              ; yes                                        ;
; risc_v_mike_reg_file:i_risc_v_mike_reg_file|reg_file_ff[23][10]    ; yes                                                              ; yes                                        ;
; risc_v_mike_reg_file:i_risc_v_mike_reg_file|reg_file_ff[23][11]    ; yes                                                              ; yes                                        ;
; risc_v_mike_reg_file:i_risc_v_mike_reg_file|reg_file_ff[23][12]    ; yes                                                              ; yes                                        ;
; risc_v_mike_reg_file:i_risc_v_mike_reg_file|reg_file_ff[23][13]    ; yes                                                              ; yes                                        ;
; risc_v_mike_reg_file:i_risc_v_mike_reg_file|reg_file_ff[23][14]    ; yes                                                              ; yes                                        ;
; risc_v_mike_reg_file:i_risc_v_mike_reg_file|reg_file_ff[23][15]    ; yes                                                              ; yes                                        ;
; risc_v_mike_reg_file:i_risc_v_mike_reg_file|reg_file_ff[23][16]    ; yes                                                              ; yes                                        ;
; risc_v_mike_reg_file:i_risc_v_mike_reg_file|reg_file_ff[23][17]    ; yes                                                              ; yes                                        ;
; risc_v_mike_reg_file:i_risc_v_mike_reg_file|reg_file_ff[23][18]    ; yes                                                              ; yes                                        ;
; risc_v_mike_reg_file:i_risc_v_mike_reg_file|reg_file_ff[23][19]    ; yes                                                              ; yes                                        ;
; risc_v_mike_reg_file:i_risc_v_mike_reg_file|reg_file_ff[23][20]    ; yes                                                              ; yes                                        ;
; risc_v_mike_reg_file:i_risc_v_mike_reg_file|reg_file_ff[23][21]    ; yes                                                              ; yes                                        ;
; risc_v_mike_reg_file:i_risc_v_mike_reg_file|reg_file_ff[23][22]    ; yes                                                              ; yes                                        ;
; risc_v_mike_reg_file:i_risc_v_mike_reg_file|reg_file_ff[23][23]    ; yes                                                              ; yes                                        ;
; risc_v_mike_reg_file:i_risc_v_mike_reg_file|reg_file_ff[23][24]    ; yes                                                              ; yes                                        ;
; risc_v_mike_reg_file:i_risc_v_mike_reg_file|reg_file_ff[23][25]    ; yes                                                              ; yes                                        ;
; risc_v_mike_reg_file:i_risc_v_mike_reg_file|reg_file_ff[23][26]    ; yes                                                              ; yes                                        ;
; risc_v_mike_reg_file:i_risc_v_mike_reg_file|reg_file_ff[23][27]    ; yes                                                              ; yes                                        ;
; risc_v_mike_reg_file:i_risc_v_mike_reg_file|reg_file_ff[23][28]    ; yes                                                              ; yes                                        ;
; risc_v_mike_reg_file:i_risc_v_mike_reg_file|reg_file_ff[23][29]    ; yes                                                              ; yes                                        ;
; risc_v_mike_reg_file:i_risc_v_mike_reg_file|reg_file_ff[23][30]    ; yes                                                              ; yes                                        ;
; risc_v_mike_reg_file:i_risc_v_mike_reg_file|reg_file_ff[23][31]    ; yes                                                              ; yes                                        ;
; risc_v_mike_reg_file:i_risc_v_mike_reg_file|reg_file_ff[22][1]     ; yes                                                              ; yes                                        ;
; risc_v_mike_reg_file:i_risc_v_mike_reg_file|reg_file_ff[22][2]     ; yes                                                              ; yes                                        ;
; risc_v_mike_reg_file:i_risc_v_mike_reg_file|reg_file_ff[22][3]     ; yes                                                              ; yes                                        ;
; risc_v_mike_reg_file:i_risc_v_mike_reg_file|reg_file_ff[22][4]     ; yes                                                              ; yes                                        ;
; risc_v_mike_reg_file:i_risc_v_mike_reg_file|reg_file_ff[22][5]     ; yes                                                              ; yes                                        ;
; risc_v_mike_reg_file:i_risc_v_mike_reg_file|reg_file_ff[22][6]     ; yes                                                              ; yes                                        ;
; risc_v_mike_reg_file:i_risc_v_mike_reg_file|reg_file_ff[22][7]     ; yes                                                              ; yes                                        ;
; risc_v_mike_reg_file:i_risc_v_mike_reg_file|reg_file_ff[22][8]     ; yes                                                              ; yes                                        ;
; risc_v_mike_reg_file:i_risc_v_mike_reg_file|reg_file_ff[22][9]     ; yes                                                              ; yes                                        ;
; risc_v_mike_reg_file:i_risc_v_mike_reg_file|reg_file_ff[22][10]    ; yes                                                              ; yes                                        ;
; risc_v_mike_reg_file:i_risc_v_mike_reg_file|reg_file_ff[22][11]    ; yes                                                              ; yes                                        ;
; risc_v_mike_reg_file:i_risc_v_mike_reg_file|reg_file_ff[22][12]    ; yes                                                              ; yes                                        ;
; risc_v_mike_reg_file:i_risc_v_mike_reg_file|reg_file_ff[22][13]    ; yes                                                              ; yes                                        ;
; risc_v_mike_reg_file:i_risc_v_mike_reg_file|reg_file_ff[22][14]    ; yes                                                              ; yes                                        ;
; risc_v_mike_reg_file:i_risc_v_mike_reg_file|reg_file_ff[22][15]    ; yes                                                              ; yes                                        ;
; risc_v_mike_reg_file:i_risc_v_mike_reg_file|reg_file_ff[22][16]    ; yes                                                              ; yes                                        ;
; risc_v_mike_reg_file:i_risc_v_mike_reg_file|reg_file_ff[22][17]    ; yes                                                              ; yes                                        ;
; risc_v_mike_reg_file:i_risc_v_mike_reg_file|reg_file_ff[22][18]    ; yes                                                              ; yes                                        ;
; risc_v_mike_reg_file:i_risc_v_mike_reg_file|reg_file_ff[22][19]    ; yes                                                              ; yes                                        ;
; risc_v_mike_reg_file:i_risc_v_mike_reg_file|reg_file_ff[22][20]    ; yes                                                              ; yes                                        ;
; risc_v_mike_reg_file:i_risc_v_mike_reg_file|reg_file_ff[22][21]    ; yes                                                              ; yes                                        ;
; risc_v_mike_reg_file:i_risc_v_mike_reg_file|reg_file_ff[22][22]    ; yes                                                              ; yes                                        ;
; risc_v_mike_reg_file:i_risc_v_mike_reg_file|reg_file_ff[22][23]    ; yes                                                              ; yes                                        ;
; risc_v_mike_reg_file:i_risc_v_mike_reg_file|reg_file_ff[22][24]    ; yes                                                              ; yes                                        ;
; risc_v_mike_reg_file:i_risc_v_mike_reg_file|reg_file_ff[22][25]    ; yes                                                              ; yes                                        ;
; risc_v_mike_reg_file:i_risc_v_mike_reg_file|reg_file_ff[22][26]    ; yes                                                              ; yes                                        ;
; risc_v_mike_reg_file:i_risc_v_mike_reg_file|reg_file_ff[22][27]    ; yes                                                              ; yes                                        ;
; risc_v_mike_reg_file:i_risc_v_mike_reg_file|reg_file_ff[22][28]    ; yes                                                              ; yes                                        ;
; risc_v_mike_reg_file:i_risc_v_mike_reg_file|reg_file_ff[22][29]    ; yes                                                              ; yes                                        ;
; risc_v_mike_reg_file:i_risc_v_mike_reg_file|reg_file_ff[22][30]    ; yes                                                              ; yes                                        ;
; risc_v_mike_reg_file:i_risc_v_mike_reg_file|reg_file_ff[22][31]    ; yes                                                              ; yes                                        ;
; risc_v_mike_reg_file:i_risc_v_mike_reg_file|reg_file_ff[21][1]     ; yes                                                              ; yes                                        ;
; risc_v_mike_reg_file:i_risc_v_mike_reg_file|reg_file_ff[21][2]     ; yes                                                              ; yes                                        ;
; risc_v_mike_reg_file:i_risc_v_mike_reg_file|reg_file_ff[21][3]     ; yes                                                              ; yes                                        ;
; risc_v_mike_reg_file:i_risc_v_mike_reg_file|reg_file_ff[21][4]     ; yes                                                              ; yes                                        ;
; risc_v_mike_reg_file:i_risc_v_mike_reg_file|reg_file_ff[21][5]     ; yes                                                              ; yes                                        ;
; risc_v_mike_reg_file:i_risc_v_mike_reg_file|reg_file_ff[21][6]     ; yes                                                              ; yes                                        ;
; risc_v_mike_reg_file:i_risc_v_mike_reg_file|reg_file_ff[21][7]     ; yes                                                              ; yes                                        ;
; risc_v_mike_reg_file:i_risc_v_mike_reg_file|reg_file_ff[21][8]     ; yes                                                              ; yes                                        ;
; risc_v_mike_reg_file:i_risc_v_mike_reg_file|reg_file_ff[21][9]     ; yes                                                              ; yes                                        ;
; risc_v_mike_reg_file:i_risc_v_mike_reg_file|reg_file_ff[21][10]    ; yes                                                              ; yes                                        ;
; risc_v_mike_reg_file:i_risc_v_mike_reg_file|reg_file_ff[21][11]    ; yes                                                              ; yes                                        ;
; risc_v_mike_reg_file:i_risc_v_mike_reg_file|reg_file_ff[21][12]    ; yes                                                              ; yes                                        ;
; risc_v_mike_reg_file:i_risc_v_mike_reg_file|reg_file_ff[21][13]    ; yes                                                              ; yes                                        ;
; risc_v_mike_reg_file:i_risc_v_mike_reg_file|reg_file_ff[21][14]    ; yes                                                              ; yes                                        ;
; risc_v_mike_reg_file:i_risc_v_mike_reg_file|reg_file_ff[21][15]    ; yes                                                              ; yes                                        ;
; risc_v_mike_reg_file:i_risc_v_mike_reg_file|reg_file_ff[21][16]    ; yes                                                              ; yes                                        ;
; risc_v_mike_reg_file:i_risc_v_mike_reg_file|reg_file_ff[21][17]    ; yes                                                              ; yes                                        ;
; risc_v_mike_reg_file:i_risc_v_mike_reg_file|reg_file_ff[21][18]    ; yes                                                              ; yes                                        ;
; risc_v_mike_reg_file:i_risc_v_mike_reg_file|reg_file_ff[21][19]    ; yes                                                              ; yes                                        ;
; risc_v_mike_reg_file:i_risc_v_mike_reg_file|reg_file_ff[21][20]    ; yes                                                              ; yes                                        ;
; risc_v_mike_reg_file:i_risc_v_mike_reg_file|reg_file_ff[21][21]    ; yes                                                              ; yes                                        ;
; risc_v_mike_reg_file:i_risc_v_mike_reg_file|reg_file_ff[21][22]    ; yes                                                              ; yes                                        ;
; risc_v_mike_reg_file:i_risc_v_mike_reg_file|reg_file_ff[21][23]    ; yes                                                              ; yes                                        ;
; risc_v_mike_reg_file:i_risc_v_mike_reg_file|reg_file_ff[21][24]    ; yes                                                              ; yes                                        ;
; risc_v_mike_reg_file:i_risc_v_mike_reg_file|reg_file_ff[21][25]    ; yes                                                              ; yes                                        ;
; risc_v_mike_reg_file:i_risc_v_mike_reg_file|reg_file_ff[21][26]    ; yes                                                              ; yes                                        ;
; risc_v_mike_reg_file:i_risc_v_mike_reg_file|reg_file_ff[21][27]    ; yes                                                              ; yes                                        ;
; risc_v_mike_reg_file:i_risc_v_mike_reg_file|reg_file_ff[21][28]    ; yes                                                              ; yes                                        ;
; risc_v_mike_reg_file:i_risc_v_mike_reg_file|reg_file_ff[21][29]    ; yes                                                              ; yes                                        ;
; risc_v_mike_reg_file:i_risc_v_mike_reg_file|reg_file_ff[21][30]    ; yes                                                              ; yes                                        ;
; risc_v_mike_reg_file:i_risc_v_mike_reg_file|reg_file_ff[21][31]    ; yes                                                              ; yes                                        ;
; risc_v_mike_reg_file:i_risc_v_mike_reg_file|reg_file_ff[20][1]     ; yes                                                              ; yes                                        ;
; risc_v_mike_reg_file:i_risc_v_mike_reg_file|reg_file_ff[20][2]     ; yes                                                              ; yes                                        ;
; risc_v_mike_reg_file:i_risc_v_mike_reg_file|reg_file_ff[20][3]     ; yes                                                              ; yes                                        ;
; risc_v_mike_reg_file:i_risc_v_mike_reg_file|reg_file_ff[20][4]     ; yes                                                              ; yes                                        ;
; risc_v_mike_reg_file:i_risc_v_mike_reg_file|reg_file_ff[20][5]     ; yes                                                              ; yes                                        ;
; risc_v_mike_reg_file:i_risc_v_mike_reg_file|reg_file_ff[20][6]     ; yes                                                              ; yes                                        ;
; risc_v_mike_reg_file:i_risc_v_mike_reg_file|reg_file_ff[20][7]     ; yes                                                              ; yes                                        ;
; risc_v_mike_reg_file:i_risc_v_mike_reg_file|reg_file_ff[20][8]     ; yes                                                              ; yes                                        ;
; risc_v_mike_reg_file:i_risc_v_mike_reg_file|reg_file_ff[20][9]     ; yes                                                              ; yes                                        ;
; risc_v_mike_reg_file:i_risc_v_mike_reg_file|reg_file_ff[20][10]    ; yes                                                              ; yes                                        ;
; risc_v_mike_reg_file:i_risc_v_mike_reg_file|reg_file_ff[20][11]    ; yes                                                              ; yes                                        ;
; risc_v_mike_reg_file:i_risc_v_mike_reg_file|reg_file_ff[20][12]    ; yes                                                              ; yes                                        ;
; risc_v_mike_reg_file:i_risc_v_mike_reg_file|reg_file_ff[20][13]    ; yes                                                              ; yes                                        ;
; risc_v_mike_reg_file:i_risc_v_mike_reg_file|reg_file_ff[20][14]    ; yes                                                              ; yes                                        ;
; risc_v_mike_reg_file:i_risc_v_mike_reg_file|reg_file_ff[20][15]    ; yes                                                              ; yes                                        ;
; risc_v_mike_reg_file:i_risc_v_mike_reg_file|reg_file_ff[20][16]    ; yes                                                              ; yes                                        ;
; risc_v_mike_reg_file:i_risc_v_mike_reg_file|reg_file_ff[20][17]    ; yes                                                              ; yes                                        ;
; risc_v_mike_reg_file:i_risc_v_mike_reg_file|reg_file_ff[20][18]    ; yes                                                              ; yes                                        ;
; risc_v_mike_reg_file:i_risc_v_mike_reg_file|reg_file_ff[20][19]    ; yes                                                              ; yes                                        ;
; risc_v_mike_reg_file:i_risc_v_mike_reg_file|reg_file_ff[20][20]    ; yes                                                              ; yes                                        ;
; risc_v_mike_reg_file:i_risc_v_mike_reg_file|reg_file_ff[20][21]    ; yes                                                              ; yes                                        ;
; risc_v_mike_reg_file:i_risc_v_mike_reg_file|reg_file_ff[20][22]    ; yes                                                              ; yes                                        ;
; risc_v_mike_reg_file:i_risc_v_mike_reg_file|reg_file_ff[20][23]    ; yes                                                              ; yes                                        ;
; risc_v_mike_reg_file:i_risc_v_mike_reg_file|reg_file_ff[20][24]    ; yes                                                              ; yes                                        ;
; risc_v_mike_reg_file:i_risc_v_mike_reg_file|reg_file_ff[20][25]    ; yes                                                              ; yes                                        ;
; risc_v_mike_reg_file:i_risc_v_mike_reg_file|reg_file_ff[20][26]    ; yes                                                              ; yes                                        ;
; risc_v_mike_reg_file:i_risc_v_mike_reg_file|reg_file_ff[20][27]    ; yes                                                              ; yes                                        ;
; risc_v_mike_reg_file:i_risc_v_mike_reg_file|reg_file_ff[20][28]    ; yes                                                              ; yes                                        ;
; risc_v_mike_reg_file:i_risc_v_mike_reg_file|reg_file_ff[20][29]    ; yes                                                              ; yes                                        ;
; risc_v_mike_reg_file:i_risc_v_mike_reg_file|reg_file_ff[20][30]    ; yes                                                              ; yes                                        ;
; risc_v_mike_reg_file:i_risc_v_mike_reg_file|reg_file_ff[20][31]    ; yes                                                              ; yes                                        ;
; risc_v_mike_reg_file:i_risc_v_mike_reg_file|reg_file_ff[19][1]     ; yes                                                              ; yes                                        ;
; risc_v_mike_reg_file:i_risc_v_mike_reg_file|reg_file_ff[19][2]     ; yes                                                              ; yes                                        ;
; risc_v_mike_reg_file:i_risc_v_mike_reg_file|reg_file_ff[19][3]     ; yes                                                              ; yes                                        ;
; risc_v_mike_reg_file:i_risc_v_mike_reg_file|reg_file_ff[19][4]     ; yes                                                              ; yes                                        ;
; risc_v_mike_reg_file:i_risc_v_mike_reg_file|reg_file_ff[19][5]     ; yes                                                              ; yes                                        ;
; risc_v_mike_reg_file:i_risc_v_mike_reg_file|reg_file_ff[19][6]     ; yes                                                              ; yes                                        ;
; risc_v_mike_reg_file:i_risc_v_mike_reg_file|reg_file_ff[19][7]     ; yes                                                              ; yes                                        ;
; risc_v_mike_reg_file:i_risc_v_mike_reg_file|reg_file_ff[19][8]     ; yes                                                              ; yes                                        ;
; risc_v_mike_reg_file:i_risc_v_mike_reg_file|reg_file_ff[19][9]     ; yes                                                              ; yes                                        ;
; risc_v_mike_reg_file:i_risc_v_mike_reg_file|reg_file_ff[19][10]    ; yes                                                              ; yes                                        ;
; risc_v_mike_reg_file:i_risc_v_mike_reg_file|reg_file_ff[19][11]    ; yes                                                              ; yes                                        ;
; risc_v_mike_reg_file:i_risc_v_mike_reg_file|reg_file_ff[19][12]    ; yes                                                              ; yes                                        ;
; risc_v_mike_reg_file:i_risc_v_mike_reg_file|reg_file_ff[19][13]    ; yes                                                              ; yes                                        ;
; risc_v_mike_reg_file:i_risc_v_mike_reg_file|reg_file_ff[19][14]    ; yes                                                              ; yes                                        ;
; risc_v_mike_reg_file:i_risc_v_mike_reg_file|reg_file_ff[19][15]    ; yes                                                              ; yes                                        ;
; risc_v_mike_reg_file:i_risc_v_mike_reg_file|reg_file_ff[19][16]    ; yes                                                              ; yes                                        ;
; risc_v_mike_reg_file:i_risc_v_mike_reg_file|reg_file_ff[19][17]    ; yes                                                              ; yes                                        ;
; risc_v_mike_reg_file:i_risc_v_mike_reg_file|reg_file_ff[19][18]    ; yes                                                              ; yes                                        ;
; risc_v_mike_reg_file:i_risc_v_mike_reg_file|reg_file_ff[19][19]    ; yes                                                              ; yes                                        ;
; risc_v_mike_reg_file:i_risc_v_mike_reg_file|reg_file_ff[19][20]    ; yes                                                              ; yes                                        ;
; risc_v_mike_reg_file:i_risc_v_mike_reg_file|reg_file_ff[19][21]    ; yes                                                              ; yes                                        ;
; risc_v_mike_reg_file:i_risc_v_mike_reg_file|reg_file_ff[19][22]    ; yes                                                              ; yes                                        ;
; risc_v_mike_reg_file:i_risc_v_mike_reg_file|reg_file_ff[19][23]    ; yes                                                              ; yes                                        ;
; risc_v_mike_reg_file:i_risc_v_mike_reg_file|reg_file_ff[19][24]    ; yes                                                              ; yes                                        ;
; risc_v_mike_reg_file:i_risc_v_mike_reg_file|reg_file_ff[19][25]    ; yes                                                              ; yes                                        ;
; risc_v_mike_reg_file:i_risc_v_mike_reg_file|reg_file_ff[19][26]    ; yes                                                              ; yes                                        ;
; risc_v_mike_reg_file:i_risc_v_mike_reg_file|reg_file_ff[19][27]    ; yes                                                              ; yes                                        ;
; risc_v_mike_reg_file:i_risc_v_mike_reg_file|reg_file_ff[19][28]    ; yes                                                              ; yes                                        ;
; risc_v_mike_reg_file:i_risc_v_mike_reg_file|reg_file_ff[19][29]    ; yes                                                              ; yes                                        ;
; risc_v_mike_reg_file:i_risc_v_mike_reg_file|reg_file_ff[19][30]    ; yes                                                              ; yes                                        ;
; risc_v_mike_reg_file:i_risc_v_mike_reg_file|reg_file_ff[19][31]    ; yes                                                              ; yes                                        ;
; risc_v_mike_reg_file:i_risc_v_mike_reg_file|reg_file_ff[18][1]     ; yes                                                              ; yes                                        ;
; risc_v_mike_reg_file:i_risc_v_mike_reg_file|reg_file_ff[18][2]     ; yes                                                              ; yes                                        ;
; risc_v_mike_reg_file:i_risc_v_mike_reg_file|reg_file_ff[18][3]     ; yes                                                              ; yes                                        ;
; risc_v_mike_reg_file:i_risc_v_mike_reg_file|reg_file_ff[18][4]     ; yes                                                              ; yes                                        ;
; risc_v_mike_reg_file:i_risc_v_mike_reg_file|reg_file_ff[18][5]     ; yes                                                              ; yes                                        ;
; risc_v_mike_reg_file:i_risc_v_mike_reg_file|reg_file_ff[18][6]     ; yes                                                              ; yes                                        ;
; risc_v_mike_reg_file:i_risc_v_mike_reg_file|reg_file_ff[18][7]     ; yes                                                              ; yes                                        ;
; risc_v_mike_reg_file:i_risc_v_mike_reg_file|reg_file_ff[18][8]     ; yes                                                              ; yes                                        ;
; risc_v_mike_reg_file:i_risc_v_mike_reg_file|reg_file_ff[18][9]     ; yes                                                              ; yes                                        ;
; risc_v_mike_reg_file:i_risc_v_mike_reg_file|reg_file_ff[18][10]    ; yes                                                              ; yes                                        ;
; risc_v_mike_reg_file:i_risc_v_mike_reg_file|reg_file_ff[18][11]    ; yes                                                              ; yes                                        ;
; risc_v_mike_reg_file:i_risc_v_mike_reg_file|reg_file_ff[18][12]    ; yes                                                              ; yes                                        ;
; risc_v_mike_reg_file:i_risc_v_mike_reg_file|reg_file_ff[18][13]    ; yes                                                              ; yes                                        ;
; risc_v_mike_reg_file:i_risc_v_mike_reg_file|reg_file_ff[18][14]    ; yes                                                              ; yes                                        ;
; risc_v_mike_reg_file:i_risc_v_mike_reg_file|reg_file_ff[18][15]    ; yes                                                              ; yes                                        ;
; risc_v_mike_reg_file:i_risc_v_mike_reg_file|reg_file_ff[18][16]    ; yes                                                              ; yes                                        ;
; risc_v_mike_reg_file:i_risc_v_mike_reg_file|reg_file_ff[18][17]    ; yes                                                              ; yes                                        ;
; risc_v_mike_reg_file:i_risc_v_mike_reg_file|reg_file_ff[18][18]    ; yes                                                              ; yes                                        ;
; risc_v_mike_reg_file:i_risc_v_mike_reg_file|reg_file_ff[18][19]    ; yes                                                              ; yes                                        ;
; risc_v_mike_reg_file:i_risc_v_mike_reg_file|reg_file_ff[18][20]    ; yes                                                              ; yes                                        ;
; risc_v_mike_reg_file:i_risc_v_mike_reg_file|reg_file_ff[18][21]    ; yes                                                              ; yes                                        ;
; risc_v_mike_reg_file:i_risc_v_mike_reg_file|reg_file_ff[18][22]    ; yes                                                              ; yes                                        ;
; risc_v_mike_reg_file:i_risc_v_mike_reg_file|reg_file_ff[18][23]    ; yes                                                              ; yes                                        ;
; risc_v_mike_reg_file:i_risc_v_mike_reg_file|reg_file_ff[18][24]    ; yes                                                              ; yes                                        ;
; risc_v_mike_reg_file:i_risc_v_mike_reg_file|reg_file_ff[18][25]    ; yes                                                              ; yes                                        ;
; risc_v_mike_reg_file:i_risc_v_mike_reg_file|reg_file_ff[18][26]    ; yes                                                              ; yes                                        ;
; risc_v_mike_reg_file:i_risc_v_mike_reg_file|reg_file_ff[18][27]    ; yes                                                              ; yes                                        ;
; risc_v_mike_reg_file:i_risc_v_mike_reg_file|reg_file_ff[18][28]    ; yes                                                              ; yes                                        ;
; risc_v_mike_reg_file:i_risc_v_mike_reg_file|reg_file_ff[18][29]    ; yes                                                              ; yes                                        ;
; risc_v_mike_reg_file:i_risc_v_mike_reg_file|reg_file_ff[18][30]    ; yes                                                              ; yes                                        ;
; risc_v_mike_reg_file:i_risc_v_mike_reg_file|reg_file_ff[18][31]    ; yes                                                              ; yes                                        ;
; risc_v_mike_reg_file:i_risc_v_mike_reg_file|reg_file_ff[17][1]     ; yes                                                              ; yes                                        ;
; risc_v_mike_reg_file:i_risc_v_mike_reg_file|reg_file_ff[17][2]     ; yes                                                              ; yes                                        ;
; risc_v_mike_reg_file:i_risc_v_mike_reg_file|reg_file_ff[17][3]     ; yes                                                              ; yes                                        ;
; risc_v_mike_reg_file:i_risc_v_mike_reg_file|reg_file_ff[17][4]     ; yes                                                              ; yes                                        ;
; risc_v_mike_reg_file:i_risc_v_mike_reg_file|reg_file_ff[17][5]     ; yes                                                              ; yes                                        ;
; risc_v_mike_reg_file:i_risc_v_mike_reg_file|reg_file_ff[17][6]     ; yes                                                              ; yes                                        ;
; risc_v_mike_reg_file:i_risc_v_mike_reg_file|reg_file_ff[17][7]     ; yes                                                              ; yes                                        ;
; risc_v_mike_reg_file:i_risc_v_mike_reg_file|reg_file_ff[17][8]     ; yes                                                              ; yes                                        ;
; risc_v_mike_reg_file:i_risc_v_mike_reg_file|reg_file_ff[17][9]     ; yes                                                              ; yes                                        ;
; risc_v_mike_reg_file:i_risc_v_mike_reg_file|reg_file_ff[17][10]    ; yes                                                              ; yes                                        ;
; risc_v_mike_reg_file:i_risc_v_mike_reg_file|reg_file_ff[17][11]    ; yes                                                              ; yes                                        ;
; risc_v_mike_reg_file:i_risc_v_mike_reg_file|reg_file_ff[17][12]    ; yes                                                              ; yes                                        ;
; risc_v_mike_reg_file:i_risc_v_mike_reg_file|reg_file_ff[17][13]    ; yes                                                              ; yes                                        ;
; risc_v_mike_reg_file:i_risc_v_mike_reg_file|reg_file_ff[17][14]    ; yes                                                              ; yes                                        ;
; risc_v_mike_reg_file:i_risc_v_mike_reg_file|reg_file_ff[17][15]    ; yes                                                              ; yes                                        ;
; risc_v_mike_reg_file:i_risc_v_mike_reg_file|reg_file_ff[17][16]    ; yes                                                              ; yes                                        ;
; risc_v_mike_reg_file:i_risc_v_mike_reg_file|reg_file_ff[17][17]    ; yes                                                              ; yes                                        ;
; risc_v_mike_reg_file:i_risc_v_mike_reg_file|reg_file_ff[17][18]    ; yes                                                              ; yes                                        ;
; risc_v_mike_reg_file:i_risc_v_mike_reg_file|reg_file_ff[17][19]    ; yes                                                              ; yes                                        ;
; risc_v_mike_reg_file:i_risc_v_mike_reg_file|reg_file_ff[17][20]    ; yes                                                              ; yes                                        ;
; risc_v_mike_reg_file:i_risc_v_mike_reg_file|reg_file_ff[17][21]    ; yes                                                              ; yes                                        ;
; risc_v_mike_reg_file:i_risc_v_mike_reg_file|reg_file_ff[17][22]    ; yes                                                              ; yes                                        ;
; risc_v_mike_reg_file:i_risc_v_mike_reg_file|reg_file_ff[17][23]    ; yes                                                              ; yes                                        ;
; risc_v_mike_reg_file:i_risc_v_mike_reg_file|reg_file_ff[17][24]    ; yes                                                              ; yes                                        ;
; risc_v_mike_reg_file:i_risc_v_mike_reg_file|reg_file_ff[17][25]    ; yes                                                              ; yes                                        ;
; risc_v_mike_reg_file:i_risc_v_mike_reg_file|reg_file_ff[17][26]    ; yes                                                              ; yes                                        ;
; risc_v_mike_reg_file:i_risc_v_mike_reg_file|reg_file_ff[17][27]    ; yes                                                              ; yes                                        ;
; risc_v_mike_reg_file:i_risc_v_mike_reg_file|reg_file_ff[17][28]    ; yes                                                              ; yes                                        ;
; risc_v_mike_reg_file:i_risc_v_mike_reg_file|reg_file_ff[17][29]    ; yes                                                              ; yes                                        ;
; risc_v_mike_reg_file:i_risc_v_mike_reg_file|reg_file_ff[17][30]    ; yes                                                              ; yes                                        ;
; risc_v_mike_reg_file:i_risc_v_mike_reg_file|reg_file_ff[17][31]    ; yes                                                              ; yes                                        ;
; risc_v_mike_reg_file:i_risc_v_mike_reg_file|reg_file_ff[16][1]     ; yes                                                              ; yes                                        ;
; risc_v_mike_reg_file:i_risc_v_mike_reg_file|reg_file_ff[16][2]     ; yes                                                              ; yes                                        ;
; risc_v_mike_reg_file:i_risc_v_mike_reg_file|reg_file_ff[16][3]     ; yes                                                              ; yes                                        ;
; risc_v_mike_reg_file:i_risc_v_mike_reg_file|reg_file_ff[16][4]     ; yes                                                              ; yes                                        ;
; risc_v_mike_reg_file:i_risc_v_mike_reg_file|reg_file_ff[16][5]     ; yes                                                              ; yes                                        ;
; risc_v_mike_reg_file:i_risc_v_mike_reg_file|reg_file_ff[16][6]     ; yes                                                              ; yes                                        ;
; risc_v_mike_reg_file:i_risc_v_mike_reg_file|reg_file_ff[16][7]     ; yes                                                              ; yes                                        ;
; risc_v_mike_reg_file:i_risc_v_mike_reg_file|reg_file_ff[16][8]     ; yes                                                              ; yes                                        ;
; risc_v_mike_reg_file:i_risc_v_mike_reg_file|reg_file_ff[16][9]     ; yes                                                              ; yes                                        ;
; risc_v_mike_reg_file:i_risc_v_mike_reg_file|reg_file_ff[16][10]    ; yes                                                              ; yes                                        ;
; risc_v_mike_reg_file:i_risc_v_mike_reg_file|reg_file_ff[16][11]    ; yes                                                              ; yes                                        ;
; risc_v_mike_reg_file:i_risc_v_mike_reg_file|reg_file_ff[16][12]    ; yes                                                              ; yes                                        ;
; risc_v_mike_reg_file:i_risc_v_mike_reg_file|reg_file_ff[16][13]    ; yes                                                              ; yes                                        ;
; risc_v_mike_reg_file:i_risc_v_mike_reg_file|reg_file_ff[16][14]    ; yes                                                              ; yes                                        ;
; risc_v_mike_reg_file:i_risc_v_mike_reg_file|reg_file_ff[16][15]    ; yes                                                              ; yes                                        ;
; risc_v_mike_reg_file:i_risc_v_mike_reg_file|reg_file_ff[16][16]    ; yes                                                              ; yes                                        ;
; risc_v_mike_reg_file:i_risc_v_mike_reg_file|reg_file_ff[16][17]    ; yes                                                              ; yes                                        ;
; risc_v_mike_reg_file:i_risc_v_mike_reg_file|reg_file_ff[16][18]    ; yes                                                              ; yes                                        ;
; risc_v_mike_reg_file:i_risc_v_mike_reg_file|reg_file_ff[16][19]    ; yes                                                              ; yes                                        ;
; risc_v_mike_reg_file:i_risc_v_mike_reg_file|reg_file_ff[16][20]    ; yes                                                              ; yes                                        ;
; risc_v_mike_reg_file:i_risc_v_mike_reg_file|reg_file_ff[16][21]    ; yes                                                              ; yes                                        ;
; risc_v_mike_reg_file:i_risc_v_mike_reg_file|reg_file_ff[16][22]    ; yes                                                              ; yes                                        ;
; risc_v_mike_reg_file:i_risc_v_mike_reg_file|reg_file_ff[16][23]    ; yes                                                              ; yes                                        ;
; risc_v_mike_reg_file:i_risc_v_mike_reg_file|reg_file_ff[16][24]    ; yes                                                              ; yes                                        ;
; risc_v_mike_reg_file:i_risc_v_mike_reg_file|reg_file_ff[16][25]    ; yes                                                              ; yes                                        ;
; risc_v_mike_reg_file:i_risc_v_mike_reg_file|reg_file_ff[16][26]    ; yes                                                              ; yes                                        ;
; risc_v_mike_reg_file:i_risc_v_mike_reg_file|reg_file_ff[16][27]    ; yes                                                              ; yes                                        ;
; risc_v_mike_reg_file:i_risc_v_mike_reg_file|reg_file_ff[16][28]    ; yes                                                              ; yes                                        ;
; risc_v_mike_reg_file:i_risc_v_mike_reg_file|reg_file_ff[16][29]    ; yes                                                              ; yes                                        ;
; risc_v_mike_reg_file:i_risc_v_mike_reg_file|reg_file_ff[16][30]    ; yes                                                              ; yes                                        ;
; risc_v_mike_reg_file:i_risc_v_mike_reg_file|reg_file_ff[16][31]    ; yes                                                              ; yes                                        ;
; risc_v_mike_reg_file:i_risc_v_mike_reg_file|reg_file_ff[15][1]     ; yes                                                              ; yes                                        ;
; risc_v_mike_reg_file:i_risc_v_mike_reg_file|reg_file_ff[15][2]     ; yes                                                              ; yes                                        ;
; risc_v_mike_reg_file:i_risc_v_mike_reg_file|reg_file_ff[15][3]     ; yes                                                              ; yes                                        ;
; risc_v_mike_reg_file:i_risc_v_mike_reg_file|reg_file_ff[15][4]     ; yes                                                              ; yes                                        ;
; risc_v_mike_reg_file:i_risc_v_mike_reg_file|reg_file_ff[15][5]     ; yes                                                              ; yes                                        ;
; risc_v_mike_reg_file:i_risc_v_mike_reg_file|reg_file_ff[15][6]     ; yes                                                              ; yes                                        ;
; risc_v_mike_reg_file:i_risc_v_mike_reg_file|reg_file_ff[15][7]     ; yes                                                              ; yes                                        ;
; risc_v_mike_reg_file:i_risc_v_mike_reg_file|reg_file_ff[15][8]     ; yes                                                              ; yes                                        ;
; risc_v_mike_reg_file:i_risc_v_mike_reg_file|reg_file_ff[15][9]     ; yes                                                              ; yes                                        ;
; risc_v_mike_reg_file:i_risc_v_mike_reg_file|reg_file_ff[15][10]    ; yes                                                              ; yes                                        ;
; risc_v_mike_reg_file:i_risc_v_mike_reg_file|reg_file_ff[15][11]    ; yes                                                              ; yes                                        ;
; risc_v_mike_reg_file:i_risc_v_mike_reg_file|reg_file_ff[15][12]    ; yes                                                              ; yes                                        ;
; risc_v_mike_reg_file:i_risc_v_mike_reg_file|reg_file_ff[15][13]    ; yes                                                              ; yes                                        ;
; risc_v_mike_reg_file:i_risc_v_mike_reg_file|reg_file_ff[15][14]    ; yes                                                              ; yes                                        ;
; risc_v_mike_reg_file:i_risc_v_mike_reg_file|reg_file_ff[15][15]    ; yes                                                              ; yes                                        ;
; risc_v_mike_reg_file:i_risc_v_mike_reg_file|reg_file_ff[15][16]    ; yes                                                              ; yes                                        ;
; risc_v_mike_reg_file:i_risc_v_mike_reg_file|reg_file_ff[15][17]    ; yes                                                              ; yes                                        ;
; risc_v_mike_reg_file:i_risc_v_mike_reg_file|reg_file_ff[15][18]    ; yes                                                              ; yes                                        ;
; risc_v_mike_reg_file:i_risc_v_mike_reg_file|reg_file_ff[15][19]    ; yes                                                              ; yes                                        ;
; risc_v_mike_reg_file:i_risc_v_mike_reg_file|reg_file_ff[15][20]    ; yes                                                              ; yes                                        ;
; risc_v_mike_reg_file:i_risc_v_mike_reg_file|reg_file_ff[15][21]    ; yes                                                              ; yes                                        ;
; risc_v_mike_reg_file:i_risc_v_mike_reg_file|reg_file_ff[15][22]    ; yes                                                              ; yes                                        ;
; risc_v_mike_reg_file:i_risc_v_mike_reg_file|reg_file_ff[15][23]    ; yes                                                              ; yes                                        ;
; risc_v_mike_reg_file:i_risc_v_mike_reg_file|reg_file_ff[15][24]    ; yes                                                              ; yes                                        ;
; risc_v_mike_reg_file:i_risc_v_mike_reg_file|reg_file_ff[15][25]    ; yes                                                              ; yes                                        ;
; risc_v_mike_reg_file:i_risc_v_mike_reg_file|reg_file_ff[15][26]    ; yes                                                              ; yes                                        ;
; risc_v_mike_reg_file:i_risc_v_mike_reg_file|reg_file_ff[15][27]    ; yes                                                              ; yes                                        ;
; risc_v_mike_reg_file:i_risc_v_mike_reg_file|reg_file_ff[15][28]    ; yes                                                              ; yes                                        ;
; risc_v_mike_reg_file:i_risc_v_mike_reg_file|reg_file_ff[15][29]    ; yes                                                              ; yes                                        ;
; risc_v_mike_reg_file:i_risc_v_mike_reg_file|reg_file_ff[15][30]    ; yes                                                              ; yes                                        ;
; risc_v_mike_reg_file:i_risc_v_mike_reg_file|reg_file_ff[15][31]    ; yes                                                              ; yes                                        ;
; risc_v_mike_reg_file:i_risc_v_mike_reg_file|reg_file_ff[14][1]     ; yes                                                              ; yes                                        ;
; risc_v_mike_reg_file:i_risc_v_mike_reg_file|reg_file_ff[14][2]     ; yes                                                              ; yes                                        ;
; risc_v_mike_reg_file:i_risc_v_mike_reg_file|reg_file_ff[14][3]     ; yes                                                              ; yes                                        ;
; risc_v_mike_reg_file:i_risc_v_mike_reg_file|reg_file_ff[14][4]     ; yes                                                              ; yes                                        ;
; risc_v_mike_reg_file:i_risc_v_mike_reg_file|reg_file_ff[14][5]     ; yes                                                              ; yes                                        ;
; risc_v_mike_reg_file:i_risc_v_mike_reg_file|reg_file_ff[14][6]     ; yes                                                              ; yes                                        ;
; risc_v_mike_reg_file:i_risc_v_mike_reg_file|reg_file_ff[14][7]     ; yes                                                              ; yes                                        ;
; risc_v_mike_reg_file:i_risc_v_mike_reg_file|reg_file_ff[14][8]     ; yes                                                              ; yes                                        ;
; risc_v_mike_reg_file:i_risc_v_mike_reg_file|reg_file_ff[14][9]     ; yes                                                              ; yes                                        ;
; risc_v_mike_reg_file:i_risc_v_mike_reg_file|reg_file_ff[14][10]    ; yes                                                              ; yes                                        ;
; risc_v_mike_reg_file:i_risc_v_mike_reg_file|reg_file_ff[14][11]    ; yes                                                              ; yes                                        ;
; risc_v_mike_reg_file:i_risc_v_mike_reg_file|reg_file_ff[14][12]    ; yes                                                              ; yes                                        ;
; risc_v_mike_reg_file:i_risc_v_mike_reg_file|reg_file_ff[14][13]    ; yes                                                              ; yes                                        ;
; risc_v_mike_reg_file:i_risc_v_mike_reg_file|reg_file_ff[14][14]    ; yes                                                              ; yes                                        ;
; risc_v_mike_reg_file:i_risc_v_mike_reg_file|reg_file_ff[14][15]    ; yes                                                              ; yes                                        ;
; risc_v_mike_reg_file:i_risc_v_mike_reg_file|reg_file_ff[14][16]    ; yes                                                              ; yes                                        ;
; risc_v_mike_reg_file:i_risc_v_mike_reg_file|reg_file_ff[14][17]    ; yes                                                              ; yes                                        ;
; risc_v_mike_reg_file:i_risc_v_mike_reg_file|reg_file_ff[14][18]    ; yes                                                              ; yes                                        ;
; risc_v_mike_reg_file:i_risc_v_mike_reg_file|reg_file_ff[14][19]    ; yes                                                              ; yes                                        ;
; risc_v_mike_reg_file:i_risc_v_mike_reg_file|reg_file_ff[14][20]    ; yes                                                              ; yes                                        ;
; risc_v_mike_reg_file:i_risc_v_mike_reg_file|reg_file_ff[14][21]    ; yes                                                              ; yes                                        ;
; risc_v_mike_reg_file:i_risc_v_mike_reg_file|reg_file_ff[14][22]    ; yes                                                              ; yes                                        ;
; risc_v_mike_reg_file:i_risc_v_mike_reg_file|reg_file_ff[14][23]    ; yes                                                              ; yes                                        ;
; risc_v_mike_reg_file:i_risc_v_mike_reg_file|reg_file_ff[14][24]    ; yes                                                              ; yes                                        ;
; risc_v_mike_reg_file:i_risc_v_mike_reg_file|reg_file_ff[14][25]    ; yes                                                              ; yes                                        ;
; risc_v_mike_reg_file:i_risc_v_mike_reg_file|reg_file_ff[14][26]    ; yes                                                              ; yes                                        ;
; risc_v_mike_reg_file:i_risc_v_mike_reg_file|reg_file_ff[14][27]    ; yes                                                              ; yes                                        ;
; risc_v_mike_reg_file:i_risc_v_mike_reg_file|reg_file_ff[14][28]    ; yes                                                              ; yes                                        ;
; risc_v_mike_reg_file:i_risc_v_mike_reg_file|reg_file_ff[14][29]    ; yes                                                              ; yes                                        ;
; risc_v_mike_reg_file:i_risc_v_mike_reg_file|reg_file_ff[14][30]    ; yes                                                              ; yes                                        ;
; risc_v_mike_reg_file:i_risc_v_mike_reg_file|reg_file_ff[14][31]    ; yes                                                              ; yes                                        ;
; risc_v_mike_reg_file:i_risc_v_mike_reg_file|reg_file_ff[13][1]     ; yes                                                              ; yes                                        ;
; risc_v_mike_reg_file:i_risc_v_mike_reg_file|reg_file_ff[13][2]     ; yes                                                              ; yes                                        ;
; risc_v_mike_reg_file:i_risc_v_mike_reg_file|reg_file_ff[13][3]     ; yes                                                              ; yes                                        ;
; risc_v_mike_reg_file:i_risc_v_mike_reg_file|reg_file_ff[13][4]     ; yes                                                              ; yes                                        ;
; risc_v_mike_reg_file:i_risc_v_mike_reg_file|reg_file_ff[13][5]     ; yes                                                              ; yes                                        ;
; risc_v_mike_reg_file:i_risc_v_mike_reg_file|reg_file_ff[13][6]     ; yes                                                              ; yes                                        ;
; risc_v_mike_reg_file:i_risc_v_mike_reg_file|reg_file_ff[13][7]     ; yes                                                              ; yes                                        ;
; risc_v_mike_reg_file:i_risc_v_mike_reg_file|reg_file_ff[13][8]     ; yes                                                              ; yes                                        ;
; risc_v_mike_reg_file:i_risc_v_mike_reg_file|reg_file_ff[13][9]     ; yes                                                              ; yes                                        ;
; risc_v_mike_reg_file:i_risc_v_mike_reg_file|reg_file_ff[13][10]    ; yes                                                              ; yes                                        ;
; risc_v_mike_reg_file:i_risc_v_mike_reg_file|reg_file_ff[13][11]    ; yes                                                              ; yes                                        ;
; risc_v_mike_reg_file:i_risc_v_mike_reg_file|reg_file_ff[13][12]    ; yes                                                              ; yes                                        ;
; risc_v_mike_reg_file:i_risc_v_mike_reg_file|reg_file_ff[13][13]    ; yes                                                              ; yes                                        ;
; risc_v_mike_reg_file:i_risc_v_mike_reg_file|reg_file_ff[13][14]    ; yes                                                              ; yes                                        ;
; risc_v_mike_reg_file:i_risc_v_mike_reg_file|reg_file_ff[13][15]    ; yes                                                              ; yes                                        ;
; risc_v_mike_reg_file:i_risc_v_mike_reg_file|reg_file_ff[13][16]    ; yes                                                              ; yes                                        ;
; risc_v_mike_reg_file:i_risc_v_mike_reg_file|reg_file_ff[13][17]    ; yes                                                              ; yes                                        ;
; risc_v_mike_reg_file:i_risc_v_mike_reg_file|reg_file_ff[13][18]    ; yes                                                              ; yes                                        ;
; risc_v_mike_reg_file:i_risc_v_mike_reg_file|reg_file_ff[13][19]    ; yes                                                              ; yes                                        ;
; risc_v_mike_reg_file:i_risc_v_mike_reg_file|reg_file_ff[13][20]    ; yes                                                              ; yes                                        ;
; risc_v_mike_reg_file:i_risc_v_mike_reg_file|reg_file_ff[13][21]    ; yes                                                              ; yes                                        ;
; risc_v_mike_reg_file:i_risc_v_mike_reg_file|reg_file_ff[13][22]    ; yes                                                              ; yes                                        ;
; risc_v_mike_reg_file:i_risc_v_mike_reg_file|reg_file_ff[13][23]    ; yes                                                              ; yes                                        ;
; risc_v_mike_reg_file:i_risc_v_mike_reg_file|reg_file_ff[13][24]    ; yes                                                              ; yes                                        ;
; risc_v_mike_reg_file:i_risc_v_mike_reg_file|reg_file_ff[13][25]    ; yes                                                              ; yes                                        ;
; risc_v_mike_reg_file:i_risc_v_mike_reg_file|reg_file_ff[13][26]    ; yes                                                              ; yes                                        ;
; risc_v_mike_reg_file:i_risc_v_mike_reg_file|reg_file_ff[13][27]    ; yes                                                              ; yes                                        ;
; risc_v_mike_reg_file:i_risc_v_mike_reg_file|reg_file_ff[13][28]    ; yes                                                              ; yes                                        ;
; risc_v_mike_reg_file:i_risc_v_mike_reg_file|reg_file_ff[13][29]    ; yes                                                              ; yes                                        ;
; risc_v_mike_reg_file:i_risc_v_mike_reg_file|reg_file_ff[13][30]    ; yes                                                              ; yes                                        ;
; risc_v_mike_reg_file:i_risc_v_mike_reg_file|reg_file_ff[13][31]    ; yes                                                              ; yes                                        ;
; risc_v_mike_reg_file:i_risc_v_mike_reg_file|reg_file_ff[12][1]     ; yes                                                              ; yes                                        ;
; risc_v_mike_reg_file:i_risc_v_mike_reg_file|reg_file_ff[12][2]     ; yes                                                              ; yes                                        ;
; risc_v_mike_reg_file:i_risc_v_mike_reg_file|reg_file_ff[12][3]     ; yes                                                              ; yes                                        ;
; risc_v_mike_reg_file:i_risc_v_mike_reg_file|reg_file_ff[12][4]     ; yes                                                              ; yes                                        ;
; risc_v_mike_reg_file:i_risc_v_mike_reg_file|reg_file_ff[12][5]     ; yes                                                              ; yes                                        ;
; risc_v_mike_reg_file:i_risc_v_mike_reg_file|reg_file_ff[12][6]     ; yes                                                              ; yes                                        ;
; risc_v_mike_reg_file:i_risc_v_mike_reg_file|reg_file_ff[12][7]     ; yes                                                              ; yes                                        ;
; risc_v_mike_reg_file:i_risc_v_mike_reg_file|reg_file_ff[12][8]     ; yes                                                              ; yes                                        ;
; risc_v_mike_reg_file:i_risc_v_mike_reg_file|reg_file_ff[12][9]     ; yes                                                              ; yes                                        ;
; risc_v_mike_reg_file:i_risc_v_mike_reg_file|reg_file_ff[12][10]    ; yes                                                              ; yes                                        ;
; risc_v_mike_reg_file:i_risc_v_mike_reg_file|reg_file_ff[12][11]    ; yes                                                              ; yes                                        ;
; risc_v_mike_reg_file:i_risc_v_mike_reg_file|reg_file_ff[12][12]    ; yes                                                              ; yes                                        ;
; risc_v_mike_reg_file:i_risc_v_mike_reg_file|reg_file_ff[12][13]    ; yes                                                              ; yes                                        ;
; risc_v_mike_reg_file:i_risc_v_mike_reg_file|reg_file_ff[12][14]    ; yes                                                              ; yes                                        ;
; risc_v_mike_reg_file:i_risc_v_mike_reg_file|reg_file_ff[12][15]    ; yes                                                              ; yes                                        ;
; risc_v_mike_reg_file:i_risc_v_mike_reg_file|reg_file_ff[12][16]    ; yes                                                              ; yes                                        ;
; risc_v_mike_reg_file:i_risc_v_mike_reg_file|reg_file_ff[12][17]    ; yes                                                              ; yes                                        ;
; risc_v_mike_reg_file:i_risc_v_mike_reg_file|reg_file_ff[12][18]    ; yes                                                              ; yes                                        ;
; risc_v_mike_reg_file:i_risc_v_mike_reg_file|reg_file_ff[12][19]    ; yes                                                              ; yes                                        ;
; risc_v_mike_reg_file:i_risc_v_mike_reg_file|reg_file_ff[12][20]    ; yes                                                              ; yes                                        ;
; risc_v_mike_reg_file:i_risc_v_mike_reg_file|reg_file_ff[12][21]    ; yes                                                              ; yes                                        ;
; risc_v_mike_reg_file:i_risc_v_mike_reg_file|reg_file_ff[12][22]    ; yes                                                              ; yes                                        ;
; risc_v_mike_reg_file:i_risc_v_mike_reg_file|reg_file_ff[12][23]    ; yes                                                              ; yes                                        ;
; risc_v_mike_reg_file:i_risc_v_mike_reg_file|reg_file_ff[12][24]    ; yes                                                              ; yes                                        ;
; risc_v_mike_reg_file:i_risc_v_mike_reg_file|reg_file_ff[12][25]    ; yes                                                              ; yes                                        ;
; risc_v_mike_reg_file:i_risc_v_mike_reg_file|reg_file_ff[12][26]    ; yes                                                              ; yes                                        ;
; risc_v_mike_reg_file:i_risc_v_mike_reg_file|reg_file_ff[12][27]    ; yes                                                              ; yes                                        ;
; risc_v_mike_reg_file:i_risc_v_mike_reg_file|reg_file_ff[12][28]    ; yes                                                              ; yes                                        ;
; risc_v_mike_reg_file:i_risc_v_mike_reg_file|reg_file_ff[12][29]    ; yes                                                              ; yes                                        ;
; risc_v_mike_reg_file:i_risc_v_mike_reg_file|reg_file_ff[12][30]    ; yes                                                              ; yes                                        ;
; risc_v_mike_reg_file:i_risc_v_mike_reg_file|reg_file_ff[12][31]    ; yes                                                              ; yes                                        ;
; risc_v_mike_reg_file:i_risc_v_mike_reg_file|reg_file_ff[11][1]     ; yes                                                              ; yes                                        ;
; risc_v_mike_reg_file:i_risc_v_mike_reg_file|reg_file_ff[11][2]     ; yes                                                              ; yes                                        ;
; risc_v_mike_reg_file:i_risc_v_mike_reg_file|reg_file_ff[11][3]     ; yes                                                              ; yes                                        ;
; risc_v_mike_reg_file:i_risc_v_mike_reg_file|reg_file_ff[11][4]     ; yes                                                              ; yes                                        ;
; risc_v_mike_reg_file:i_risc_v_mike_reg_file|reg_file_ff[11][5]     ; yes                                                              ; yes                                        ;
; risc_v_mike_reg_file:i_risc_v_mike_reg_file|reg_file_ff[11][6]     ; yes                                                              ; yes                                        ;
; risc_v_mike_reg_file:i_risc_v_mike_reg_file|reg_file_ff[11][7]     ; yes                                                              ; yes                                        ;
; risc_v_mike_reg_file:i_risc_v_mike_reg_file|reg_file_ff[11][8]     ; yes                                                              ; yes                                        ;
; risc_v_mike_reg_file:i_risc_v_mike_reg_file|reg_file_ff[11][9]     ; yes                                                              ; yes                                        ;
; risc_v_mike_reg_file:i_risc_v_mike_reg_file|reg_file_ff[11][10]    ; yes                                                              ; yes                                        ;
; risc_v_mike_reg_file:i_risc_v_mike_reg_file|reg_file_ff[11][11]    ; yes                                                              ; yes                                        ;
; risc_v_mike_reg_file:i_risc_v_mike_reg_file|reg_file_ff[11][12]    ; yes                                                              ; yes                                        ;
; risc_v_mike_reg_file:i_risc_v_mike_reg_file|reg_file_ff[11][13]    ; yes                                                              ; yes                                        ;
; risc_v_mike_reg_file:i_risc_v_mike_reg_file|reg_file_ff[11][14]    ; yes                                                              ; yes                                        ;
; risc_v_mike_reg_file:i_risc_v_mike_reg_file|reg_file_ff[11][15]    ; yes                                                              ; yes                                        ;
; risc_v_mike_reg_file:i_risc_v_mike_reg_file|reg_file_ff[11][16]    ; yes                                                              ; yes                                        ;
; risc_v_mike_reg_file:i_risc_v_mike_reg_file|reg_file_ff[11][17]    ; yes                                                              ; yes                                        ;
; risc_v_mike_reg_file:i_risc_v_mike_reg_file|reg_file_ff[11][18]    ; yes                                                              ; yes                                        ;
; risc_v_mike_reg_file:i_risc_v_mike_reg_file|reg_file_ff[11][19]    ; yes                                                              ; yes                                        ;
; risc_v_mike_reg_file:i_risc_v_mike_reg_file|reg_file_ff[11][20]    ; yes                                                              ; yes                                        ;
; risc_v_mike_reg_file:i_risc_v_mike_reg_file|reg_file_ff[11][21]    ; yes                                                              ; yes                                        ;
; risc_v_mike_reg_file:i_risc_v_mike_reg_file|reg_file_ff[11][22]    ; yes                                                              ; yes                                        ;
; risc_v_mike_reg_file:i_risc_v_mike_reg_file|reg_file_ff[11][23]    ; yes                                                              ; yes                                        ;
; risc_v_mike_reg_file:i_risc_v_mike_reg_file|reg_file_ff[11][24]    ; yes                                                              ; yes                                        ;
; risc_v_mike_reg_file:i_risc_v_mike_reg_file|reg_file_ff[11][25]    ; yes                                                              ; yes                                        ;
; risc_v_mike_reg_file:i_risc_v_mike_reg_file|reg_file_ff[11][26]    ; yes                                                              ; yes                                        ;
; risc_v_mike_reg_file:i_risc_v_mike_reg_file|reg_file_ff[11][27]    ; yes                                                              ; yes                                        ;
; risc_v_mike_reg_file:i_risc_v_mike_reg_file|reg_file_ff[11][28]    ; yes                                                              ; yes                                        ;
; risc_v_mike_reg_file:i_risc_v_mike_reg_file|reg_file_ff[11][29]    ; yes                                                              ; yes                                        ;
; risc_v_mike_reg_file:i_risc_v_mike_reg_file|reg_file_ff[11][30]    ; yes                                                              ; yes                                        ;
; risc_v_mike_reg_file:i_risc_v_mike_reg_file|reg_file_ff[11][31]    ; yes                                                              ; yes                                        ;
; risc_v_mike_reg_file:i_risc_v_mike_reg_file|reg_file_ff[10][1]     ; yes                                                              ; yes                                        ;
; risc_v_mike_reg_file:i_risc_v_mike_reg_file|reg_file_ff[10][2]     ; yes                                                              ; yes                                        ;
; risc_v_mike_reg_file:i_risc_v_mike_reg_file|reg_file_ff[10][3]     ; yes                                                              ; yes                                        ;
; risc_v_mike_reg_file:i_risc_v_mike_reg_file|reg_file_ff[10][4]     ; yes                                                              ; yes                                        ;
; risc_v_mike_reg_file:i_risc_v_mike_reg_file|reg_file_ff[10][5]     ; yes                                                              ; yes                                        ;
; risc_v_mike_reg_file:i_risc_v_mike_reg_file|reg_file_ff[10][6]     ; yes                                                              ; yes                                        ;
; risc_v_mike_reg_file:i_risc_v_mike_reg_file|reg_file_ff[10][7]     ; yes                                                              ; yes                                        ;
; risc_v_mike_reg_file:i_risc_v_mike_reg_file|reg_file_ff[10][8]     ; yes                                                              ; yes                                        ;
; risc_v_mike_reg_file:i_risc_v_mike_reg_file|reg_file_ff[10][9]     ; yes                                                              ; yes                                        ;
; risc_v_mike_reg_file:i_risc_v_mike_reg_file|reg_file_ff[10][10]    ; yes                                                              ; yes                                        ;
; risc_v_mike_reg_file:i_risc_v_mike_reg_file|reg_file_ff[10][11]    ; yes                                                              ; yes                                        ;
; risc_v_mike_reg_file:i_risc_v_mike_reg_file|reg_file_ff[10][12]    ; yes                                                              ; yes                                        ;
; risc_v_mike_reg_file:i_risc_v_mike_reg_file|reg_file_ff[10][13]    ; yes                                                              ; yes                                        ;
; risc_v_mike_reg_file:i_risc_v_mike_reg_file|reg_file_ff[10][14]    ; yes                                                              ; yes                                        ;
; risc_v_mike_reg_file:i_risc_v_mike_reg_file|reg_file_ff[10][15]    ; yes                                                              ; yes                                        ;
; risc_v_mike_reg_file:i_risc_v_mike_reg_file|reg_file_ff[10][16]    ; yes                                                              ; yes                                        ;
; risc_v_mike_reg_file:i_risc_v_mike_reg_file|reg_file_ff[10][17]    ; yes                                                              ; yes                                        ;
; risc_v_mike_reg_file:i_risc_v_mike_reg_file|reg_file_ff[10][18]    ; yes                                                              ; yes                                        ;
; risc_v_mike_reg_file:i_risc_v_mike_reg_file|reg_file_ff[10][19]    ; yes                                                              ; yes                                        ;
; risc_v_mike_reg_file:i_risc_v_mike_reg_file|reg_file_ff[10][20]    ; yes                                                              ; yes                                        ;
; risc_v_mike_reg_file:i_risc_v_mike_reg_file|reg_file_ff[10][21]    ; yes                                                              ; yes                                        ;
; risc_v_mike_reg_file:i_risc_v_mike_reg_file|reg_file_ff[10][22]    ; yes                                                              ; yes                                        ;
; risc_v_mike_reg_file:i_risc_v_mike_reg_file|reg_file_ff[10][23]    ; yes                                                              ; yes                                        ;
; risc_v_mike_reg_file:i_risc_v_mike_reg_file|reg_file_ff[10][24]    ; yes                                                              ; yes                                        ;
; risc_v_mike_reg_file:i_risc_v_mike_reg_file|reg_file_ff[10][25]    ; yes                                                              ; yes                                        ;
; risc_v_mike_reg_file:i_risc_v_mike_reg_file|reg_file_ff[10][26]    ; yes                                                              ; yes                                        ;
; risc_v_mike_reg_file:i_risc_v_mike_reg_file|reg_file_ff[10][27]    ; yes                                                              ; yes                                        ;
; risc_v_mike_reg_file:i_risc_v_mike_reg_file|reg_file_ff[10][28]    ; yes                                                              ; yes                                        ;
; risc_v_mike_reg_file:i_risc_v_mike_reg_file|reg_file_ff[10][29]    ; yes                                                              ; yes                                        ;
; risc_v_mike_reg_file:i_risc_v_mike_reg_file|reg_file_ff[10][30]    ; yes                                                              ; yes                                        ;
; risc_v_mike_reg_file:i_risc_v_mike_reg_file|reg_file_ff[10][31]    ; yes                                                              ; yes                                        ;
; risc_v_mike_reg_file:i_risc_v_mike_reg_file|reg_file_ff[9][1]      ; yes                                                              ; yes                                        ;
; risc_v_mike_reg_file:i_risc_v_mike_reg_file|reg_file_ff[9][2]      ; yes                                                              ; yes                                        ;
; risc_v_mike_reg_file:i_risc_v_mike_reg_file|reg_file_ff[9][3]      ; yes                                                              ; yes                                        ;
; risc_v_mike_reg_file:i_risc_v_mike_reg_file|reg_file_ff[9][4]      ; yes                                                              ; yes                                        ;
; risc_v_mike_reg_file:i_risc_v_mike_reg_file|reg_file_ff[9][5]      ; yes                                                              ; yes                                        ;
; risc_v_mike_reg_file:i_risc_v_mike_reg_file|reg_file_ff[9][6]      ; yes                                                              ; yes                                        ;
; risc_v_mike_reg_file:i_risc_v_mike_reg_file|reg_file_ff[9][7]      ; yes                                                              ; yes                                        ;
; risc_v_mike_reg_file:i_risc_v_mike_reg_file|reg_file_ff[9][8]      ; yes                                                              ; yes                                        ;
; risc_v_mike_reg_file:i_risc_v_mike_reg_file|reg_file_ff[9][9]      ; yes                                                              ; yes                                        ;
; risc_v_mike_reg_file:i_risc_v_mike_reg_file|reg_file_ff[9][10]     ; yes                                                              ; yes                                        ;
; risc_v_mike_reg_file:i_risc_v_mike_reg_file|reg_file_ff[9][11]     ; yes                                                              ; yes                                        ;
; risc_v_mike_reg_file:i_risc_v_mike_reg_file|reg_file_ff[9][12]     ; yes                                                              ; yes                                        ;
; risc_v_mike_reg_file:i_risc_v_mike_reg_file|reg_file_ff[9][13]     ; yes                                                              ; yes                                        ;
; risc_v_mike_reg_file:i_risc_v_mike_reg_file|reg_file_ff[9][14]     ; yes                                                              ; yes                                        ;
; risc_v_mike_reg_file:i_risc_v_mike_reg_file|reg_file_ff[9][15]     ; yes                                                              ; yes                                        ;
; risc_v_mike_reg_file:i_risc_v_mike_reg_file|reg_file_ff[9][16]     ; yes                                                              ; yes                                        ;
; risc_v_mike_reg_file:i_risc_v_mike_reg_file|reg_file_ff[9][17]     ; yes                                                              ; yes                                        ;
; risc_v_mike_reg_file:i_risc_v_mike_reg_file|reg_file_ff[9][18]     ; yes                                                              ; yes                                        ;
; risc_v_mike_reg_file:i_risc_v_mike_reg_file|reg_file_ff[9][19]     ; yes                                                              ; yes                                        ;
; risc_v_mike_reg_file:i_risc_v_mike_reg_file|reg_file_ff[9][20]     ; yes                                                              ; yes                                        ;
; risc_v_mike_reg_file:i_risc_v_mike_reg_file|reg_file_ff[9][21]     ; yes                                                              ; yes                                        ;
; risc_v_mike_reg_file:i_risc_v_mike_reg_file|reg_file_ff[9][22]     ; yes                                                              ; yes                                        ;
; risc_v_mike_reg_file:i_risc_v_mike_reg_file|reg_file_ff[9][23]     ; yes                                                              ; yes                                        ;
; risc_v_mike_reg_file:i_risc_v_mike_reg_file|reg_file_ff[9][24]     ; yes                                                              ; yes                                        ;
; risc_v_mike_reg_file:i_risc_v_mike_reg_file|reg_file_ff[9][25]     ; yes                                                              ; yes                                        ;
; risc_v_mike_reg_file:i_risc_v_mike_reg_file|reg_file_ff[9][26]     ; yes                                                              ; yes                                        ;
; risc_v_mike_reg_file:i_risc_v_mike_reg_file|reg_file_ff[9][27]     ; yes                                                              ; yes                                        ;
; risc_v_mike_reg_file:i_risc_v_mike_reg_file|reg_file_ff[9][28]     ; yes                                                              ; yes                                        ;
; risc_v_mike_reg_file:i_risc_v_mike_reg_file|reg_file_ff[9][29]     ; yes                                                              ; yes                                        ;
; risc_v_mike_reg_file:i_risc_v_mike_reg_file|reg_file_ff[9][30]     ; yes                                                              ; yes                                        ;
; risc_v_mike_reg_file:i_risc_v_mike_reg_file|reg_file_ff[9][31]     ; yes                                                              ; yes                                        ;
; risc_v_mike_reg_file:i_risc_v_mike_reg_file|reg_file_ff[8][1]      ; yes                                                              ; yes                                        ;
; risc_v_mike_reg_file:i_risc_v_mike_reg_file|reg_file_ff[8][2]      ; yes                                                              ; yes                                        ;
; risc_v_mike_reg_file:i_risc_v_mike_reg_file|reg_file_ff[8][3]      ; yes                                                              ; yes                                        ;
; risc_v_mike_reg_file:i_risc_v_mike_reg_file|reg_file_ff[8][4]      ; yes                                                              ; yes                                        ;
; risc_v_mike_reg_file:i_risc_v_mike_reg_file|reg_file_ff[8][5]      ; yes                                                              ; yes                                        ;
; risc_v_mike_reg_file:i_risc_v_mike_reg_file|reg_file_ff[8][6]      ; yes                                                              ; yes                                        ;
; risc_v_mike_reg_file:i_risc_v_mike_reg_file|reg_file_ff[8][7]      ; yes                                                              ; yes                                        ;
; risc_v_mike_reg_file:i_risc_v_mike_reg_file|reg_file_ff[8][8]      ; yes                                                              ; yes                                        ;
; risc_v_mike_reg_file:i_risc_v_mike_reg_file|reg_file_ff[8][9]      ; yes                                                              ; yes                                        ;
; risc_v_mike_reg_file:i_risc_v_mike_reg_file|reg_file_ff[8][10]     ; yes                                                              ; yes                                        ;
; risc_v_mike_reg_file:i_risc_v_mike_reg_file|reg_file_ff[8][11]     ; yes                                                              ; yes                                        ;
; risc_v_mike_reg_file:i_risc_v_mike_reg_file|reg_file_ff[8][12]     ; yes                                                              ; yes                                        ;
; risc_v_mike_reg_file:i_risc_v_mike_reg_file|reg_file_ff[8][13]     ; yes                                                              ; yes                                        ;
; risc_v_mike_reg_file:i_risc_v_mike_reg_file|reg_file_ff[8][14]     ; yes                                                              ; yes                                        ;
; risc_v_mike_reg_file:i_risc_v_mike_reg_file|reg_file_ff[8][15]     ; yes                                                              ; yes                                        ;
; risc_v_mike_reg_file:i_risc_v_mike_reg_file|reg_file_ff[8][16]     ; yes                                                              ; yes                                        ;
; risc_v_mike_reg_file:i_risc_v_mike_reg_file|reg_file_ff[8][17]     ; yes                                                              ; yes                                        ;
; risc_v_mike_reg_file:i_risc_v_mike_reg_file|reg_file_ff[8][18]     ; yes                                                              ; yes                                        ;
; risc_v_mike_reg_file:i_risc_v_mike_reg_file|reg_file_ff[8][19]     ; yes                                                              ; yes                                        ;
; risc_v_mike_reg_file:i_risc_v_mike_reg_file|reg_file_ff[8][20]     ; yes                                                              ; yes                                        ;
; risc_v_mike_reg_file:i_risc_v_mike_reg_file|reg_file_ff[8][21]     ; yes                                                              ; yes                                        ;
; risc_v_mike_reg_file:i_risc_v_mike_reg_file|reg_file_ff[8][22]     ; yes                                                              ; yes                                        ;
; risc_v_mike_reg_file:i_risc_v_mike_reg_file|reg_file_ff[8][23]     ; yes                                                              ; yes                                        ;
; risc_v_mike_reg_file:i_risc_v_mike_reg_file|reg_file_ff[8][24]     ; yes                                                              ; yes                                        ;
; risc_v_mike_reg_file:i_risc_v_mike_reg_file|reg_file_ff[8][25]     ; yes                                                              ; yes                                        ;
; risc_v_mike_reg_file:i_risc_v_mike_reg_file|reg_file_ff[8][26]     ; yes                                                              ; yes                                        ;
; risc_v_mike_reg_file:i_risc_v_mike_reg_file|reg_file_ff[8][27]     ; yes                                                              ; yes                                        ;
; risc_v_mike_reg_file:i_risc_v_mike_reg_file|reg_file_ff[8][28]     ; yes                                                              ; yes                                        ;
; risc_v_mike_reg_file:i_risc_v_mike_reg_file|reg_file_ff[8][29]     ; yes                                                              ; yes                                        ;
; risc_v_mike_reg_file:i_risc_v_mike_reg_file|reg_file_ff[8][30]     ; yes                                                              ; yes                                        ;
; risc_v_mike_reg_file:i_risc_v_mike_reg_file|reg_file_ff[8][31]     ; yes                                                              ; yes                                        ;
; risc_v_mike_reg_file:i_risc_v_mike_reg_file|reg_file_ff[7][1]      ; yes                                                              ; yes                                        ;
; risc_v_mike_reg_file:i_risc_v_mike_reg_file|reg_file_ff[7][2]      ; yes                                                              ; yes                                        ;
; risc_v_mike_reg_file:i_risc_v_mike_reg_file|reg_file_ff[7][3]      ; yes                                                              ; yes                                        ;
; risc_v_mike_reg_file:i_risc_v_mike_reg_file|reg_file_ff[7][4]      ; yes                                                              ; yes                                        ;
; risc_v_mike_reg_file:i_risc_v_mike_reg_file|reg_file_ff[7][5]      ; yes                                                              ; yes                                        ;
; risc_v_mike_reg_file:i_risc_v_mike_reg_file|reg_file_ff[7][6]      ; yes                                                              ; yes                                        ;
; risc_v_mike_reg_file:i_risc_v_mike_reg_file|reg_file_ff[7][7]      ; yes                                                              ; yes                                        ;
; risc_v_mike_reg_file:i_risc_v_mike_reg_file|reg_file_ff[7][8]      ; yes                                                              ; yes                                        ;
; risc_v_mike_reg_file:i_risc_v_mike_reg_file|reg_file_ff[7][9]      ; yes                                                              ; yes                                        ;
; risc_v_mike_reg_file:i_risc_v_mike_reg_file|reg_file_ff[7][10]     ; yes                                                              ; yes                                        ;
; risc_v_mike_reg_file:i_risc_v_mike_reg_file|reg_file_ff[7][11]     ; yes                                                              ; yes                                        ;
; risc_v_mike_reg_file:i_risc_v_mike_reg_file|reg_file_ff[7][12]     ; yes                                                              ; yes                                        ;
; risc_v_mike_reg_file:i_risc_v_mike_reg_file|reg_file_ff[7][13]     ; yes                                                              ; yes                                        ;
; risc_v_mike_reg_file:i_risc_v_mike_reg_file|reg_file_ff[7][14]     ; yes                                                              ; yes                                        ;
; risc_v_mike_reg_file:i_risc_v_mike_reg_file|reg_file_ff[7][15]     ; yes                                                              ; yes                                        ;
; risc_v_mike_reg_file:i_risc_v_mike_reg_file|reg_file_ff[7][16]     ; yes                                                              ; yes                                        ;
; risc_v_mike_reg_file:i_risc_v_mike_reg_file|reg_file_ff[7][17]     ; yes                                                              ; yes                                        ;
; risc_v_mike_reg_file:i_risc_v_mike_reg_file|reg_file_ff[7][18]     ; yes                                                              ; yes                                        ;
; risc_v_mike_reg_file:i_risc_v_mike_reg_file|reg_file_ff[7][19]     ; yes                                                              ; yes                                        ;
; risc_v_mike_reg_file:i_risc_v_mike_reg_file|reg_file_ff[7][20]     ; yes                                                              ; yes                                        ;
; risc_v_mike_reg_file:i_risc_v_mike_reg_file|reg_file_ff[7][21]     ; yes                                                              ; yes                                        ;
; risc_v_mike_reg_file:i_risc_v_mike_reg_file|reg_file_ff[7][22]     ; yes                                                              ; yes                                        ;
; risc_v_mike_reg_file:i_risc_v_mike_reg_file|reg_file_ff[7][23]     ; yes                                                              ; yes                                        ;
; risc_v_mike_reg_file:i_risc_v_mike_reg_file|reg_file_ff[7][24]     ; yes                                                              ; yes                                        ;
; risc_v_mike_reg_file:i_risc_v_mike_reg_file|reg_file_ff[7][25]     ; yes                                                              ; yes                                        ;
; risc_v_mike_reg_file:i_risc_v_mike_reg_file|reg_file_ff[7][26]     ; yes                                                              ; yes                                        ;
; risc_v_mike_reg_file:i_risc_v_mike_reg_file|reg_file_ff[7][27]     ; yes                                                              ; yes                                        ;
; risc_v_mike_reg_file:i_risc_v_mike_reg_file|reg_file_ff[7][28]     ; yes                                                              ; yes                                        ;
; risc_v_mike_reg_file:i_risc_v_mike_reg_file|reg_file_ff[7][29]     ; yes                                                              ; yes                                        ;
; risc_v_mike_reg_file:i_risc_v_mike_reg_file|reg_file_ff[7][30]     ; yes                                                              ; yes                                        ;
; risc_v_mike_reg_file:i_risc_v_mike_reg_file|reg_file_ff[7][31]     ; yes                                                              ; yes                                        ;
; risc_v_mike_reg_file:i_risc_v_mike_reg_file|reg_file_ff[6][1]      ; yes                                                              ; yes                                        ;
; risc_v_mike_reg_file:i_risc_v_mike_reg_file|reg_file_ff[6][2]      ; yes                                                              ; yes                                        ;
; risc_v_mike_reg_file:i_risc_v_mike_reg_file|reg_file_ff[6][3]      ; yes                                                              ; yes                                        ;
; risc_v_mike_reg_file:i_risc_v_mike_reg_file|reg_file_ff[6][4]      ; yes                                                              ; yes                                        ;
; risc_v_mike_reg_file:i_risc_v_mike_reg_file|reg_file_ff[6][5]      ; yes                                                              ; yes                                        ;
; risc_v_mike_reg_file:i_risc_v_mike_reg_file|reg_file_ff[6][6]      ; yes                                                              ; yes                                        ;
; risc_v_mike_reg_file:i_risc_v_mike_reg_file|reg_file_ff[6][7]      ; yes                                                              ; yes                                        ;
; risc_v_mike_reg_file:i_risc_v_mike_reg_file|reg_file_ff[6][8]      ; yes                                                              ; yes                                        ;
; risc_v_mike_reg_file:i_risc_v_mike_reg_file|reg_file_ff[6][9]      ; yes                                                              ; yes                                        ;
; risc_v_mike_reg_file:i_risc_v_mike_reg_file|reg_file_ff[6][10]     ; yes                                                              ; yes                                        ;
; risc_v_mike_reg_file:i_risc_v_mike_reg_file|reg_file_ff[6][11]     ; yes                                                              ; yes                                        ;
; risc_v_mike_reg_file:i_risc_v_mike_reg_file|reg_file_ff[6][12]     ; yes                                                              ; yes                                        ;
; risc_v_mike_reg_file:i_risc_v_mike_reg_file|reg_file_ff[6][13]     ; yes                                                              ; yes                                        ;
; risc_v_mike_reg_file:i_risc_v_mike_reg_file|reg_file_ff[6][14]     ; yes                                                              ; yes                                        ;
; risc_v_mike_reg_file:i_risc_v_mike_reg_file|reg_file_ff[6][15]     ; yes                                                              ; yes                                        ;
; risc_v_mike_reg_file:i_risc_v_mike_reg_file|reg_file_ff[6][16]     ; yes                                                              ; yes                                        ;
; risc_v_mike_reg_file:i_risc_v_mike_reg_file|reg_file_ff[6][17]     ; yes                                                              ; yes                                        ;
; risc_v_mike_reg_file:i_risc_v_mike_reg_file|reg_file_ff[6][18]     ; yes                                                              ; yes                                        ;
; risc_v_mike_reg_file:i_risc_v_mike_reg_file|reg_file_ff[6][19]     ; yes                                                              ; yes                                        ;
; risc_v_mike_reg_file:i_risc_v_mike_reg_file|reg_file_ff[6][20]     ; yes                                                              ; yes                                        ;
; risc_v_mike_reg_file:i_risc_v_mike_reg_file|reg_file_ff[6][21]     ; yes                                                              ; yes                                        ;
; risc_v_mike_reg_file:i_risc_v_mike_reg_file|reg_file_ff[6][22]     ; yes                                                              ; yes                                        ;
; risc_v_mike_reg_file:i_risc_v_mike_reg_file|reg_file_ff[6][23]     ; yes                                                              ; yes                                        ;
; risc_v_mike_reg_file:i_risc_v_mike_reg_file|reg_file_ff[6][24]     ; yes                                                              ; yes                                        ;
; risc_v_mike_reg_file:i_risc_v_mike_reg_file|reg_file_ff[6][25]     ; yes                                                              ; yes                                        ;
; risc_v_mike_reg_file:i_risc_v_mike_reg_file|reg_file_ff[6][26]     ; yes                                                              ; yes                                        ;
; risc_v_mike_reg_file:i_risc_v_mike_reg_file|reg_file_ff[6][27]     ; yes                                                              ; yes                                        ;
; risc_v_mike_reg_file:i_risc_v_mike_reg_file|reg_file_ff[6][28]     ; yes                                                              ; yes                                        ;
; risc_v_mike_reg_file:i_risc_v_mike_reg_file|reg_file_ff[6][29]     ; yes                                                              ; yes                                        ;
; risc_v_mike_reg_file:i_risc_v_mike_reg_file|reg_file_ff[6][30]     ; yes                                                              ; yes                                        ;
; risc_v_mike_reg_file:i_risc_v_mike_reg_file|reg_file_ff[6][31]     ; yes                                                              ; yes                                        ;
; risc_v_mike_reg_file:i_risc_v_mike_reg_file|reg_file_ff[5][1]      ; yes                                                              ; yes                                        ;
; risc_v_mike_reg_file:i_risc_v_mike_reg_file|reg_file_ff[5][2]      ; yes                                                              ; yes                                        ;
; risc_v_mike_reg_file:i_risc_v_mike_reg_file|reg_file_ff[5][3]      ; yes                                                              ; yes                                        ;
; risc_v_mike_reg_file:i_risc_v_mike_reg_file|reg_file_ff[5][4]      ; yes                                                              ; yes                                        ;
; risc_v_mike_reg_file:i_risc_v_mike_reg_file|reg_file_ff[5][5]      ; yes                                                              ; yes                                        ;
; risc_v_mike_reg_file:i_risc_v_mike_reg_file|reg_file_ff[5][6]      ; yes                                                              ; yes                                        ;
; risc_v_mike_reg_file:i_risc_v_mike_reg_file|reg_file_ff[5][7]      ; yes                                                              ; yes                                        ;
; risc_v_mike_reg_file:i_risc_v_mike_reg_file|reg_file_ff[5][8]      ; yes                                                              ; yes                                        ;
; risc_v_mike_reg_file:i_risc_v_mike_reg_file|reg_file_ff[5][9]      ; yes                                                              ; yes                                        ;
; risc_v_mike_reg_file:i_risc_v_mike_reg_file|reg_file_ff[5][10]     ; yes                                                              ; yes                                        ;
; risc_v_mike_reg_file:i_risc_v_mike_reg_file|reg_file_ff[5][11]     ; yes                                                              ; yes                                        ;
; risc_v_mike_reg_file:i_risc_v_mike_reg_file|reg_file_ff[5][12]     ; yes                                                              ; yes                                        ;
; risc_v_mike_reg_file:i_risc_v_mike_reg_file|reg_file_ff[5][13]     ; yes                                                              ; yes                                        ;
; risc_v_mike_reg_file:i_risc_v_mike_reg_file|reg_file_ff[5][14]     ; yes                                                              ; yes                                        ;
; risc_v_mike_reg_file:i_risc_v_mike_reg_file|reg_file_ff[5][15]     ; yes                                                              ; yes                                        ;
; risc_v_mike_reg_file:i_risc_v_mike_reg_file|reg_file_ff[5][16]     ; yes                                                              ; yes                                        ;
; risc_v_mike_reg_file:i_risc_v_mike_reg_file|reg_file_ff[5][17]     ; yes                                                              ; yes                                        ;
; risc_v_mike_reg_file:i_risc_v_mike_reg_file|reg_file_ff[5][18]     ; yes                                                              ; yes                                        ;
; risc_v_mike_reg_file:i_risc_v_mike_reg_file|reg_file_ff[5][19]     ; yes                                                              ; yes                                        ;
; risc_v_mike_reg_file:i_risc_v_mike_reg_file|reg_file_ff[5][20]     ; yes                                                              ; yes                                        ;
; risc_v_mike_reg_file:i_risc_v_mike_reg_file|reg_file_ff[5][21]     ; yes                                                              ; yes                                        ;
; risc_v_mike_reg_file:i_risc_v_mike_reg_file|reg_file_ff[5][22]     ; yes                                                              ; yes                                        ;
; risc_v_mike_reg_file:i_risc_v_mike_reg_file|reg_file_ff[5][23]     ; yes                                                              ; yes                                        ;
; risc_v_mike_reg_file:i_risc_v_mike_reg_file|reg_file_ff[5][24]     ; yes                                                              ; yes                                        ;
; risc_v_mike_reg_file:i_risc_v_mike_reg_file|reg_file_ff[5][25]     ; yes                                                              ; yes                                        ;
; risc_v_mike_reg_file:i_risc_v_mike_reg_file|reg_file_ff[5][26]     ; yes                                                              ; yes                                        ;
; risc_v_mike_reg_file:i_risc_v_mike_reg_file|reg_file_ff[5][27]     ; yes                                                              ; yes                                        ;
; risc_v_mike_reg_file:i_risc_v_mike_reg_file|reg_file_ff[5][28]     ; yes                                                              ; yes                                        ;
; risc_v_mike_reg_file:i_risc_v_mike_reg_file|reg_file_ff[5][29]     ; yes                                                              ; yes                                        ;
; risc_v_mike_reg_file:i_risc_v_mike_reg_file|reg_file_ff[5][30]     ; yes                                                              ; yes                                        ;
; risc_v_mike_reg_file:i_risc_v_mike_reg_file|reg_file_ff[5][31]     ; yes                                                              ; yes                                        ;
; risc_v_mike_reg_file:i_risc_v_mike_reg_file|reg_file_ff[4][1]      ; yes                                                              ; yes                                        ;
; risc_v_mike_reg_file:i_risc_v_mike_reg_file|reg_file_ff[4][2]      ; yes                                                              ; yes                                        ;
; risc_v_mike_reg_file:i_risc_v_mike_reg_file|reg_file_ff[4][3]      ; yes                                                              ; yes                                        ;
; risc_v_mike_reg_file:i_risc_v_mike_reg_file|reg_file_ff[4][4]      ; yes                                                              ; yes                                        ;
; risc_v_mike_reg_file:i_risc_v_mike_reg_file|reg_file_ff[4][5]      ; yes                                                              ; yes                                        ;
; risc_v_mike_reg_file:i_risc_v_mike_reg_file|reg_file_ff[4][6]      ; yes                                                              ; yes                                        ;
; risc_v_mike_reg_file:i_risc_v_mike_reg_file|reg_file_ff[4][7]      ; yes                                                              ; yes                                        ;
; risc_v_mike_reg_file:i_risc_v_mike_reg_file|reg_file_ff[4][8]      ; yes                                                              ; yes                                        ;
; risc_v_mike_reg_file:i_risc_v_mike_reg_file|reg_file_ff[4][9]      ; yes                                                              ; yes                                        ;
; risc_v_mike_reg_file:i_risc_v_mike_reg_file|reg_file_ff[4][10]     ; yes                                                              ; yes                                        ;
; risc_v_mike_reg_file:i_risc_v_mike_reg_file|reg_file_ff[4][11]     ; yes                                                              ; yes                                        ;
; risc_v_mike_reg_file:i_risc_v_mike_reg_file|reg_file_ff[4][12]     ; yes                                                              ; yes                                        ;
; risc_v_mike_reg_file:i_risc_v_mike_reg_file|reg_file_ff[4][13]     ; yes                                                              ; yes                                        ;
; risc_v_mike_reg_file:i_risc_v_mike_reg_file|reg_file_ff[4][14]     ; yes                                                              ; yes                                        ;
; risc_v_mike_reg_file:i_risc_v_mike_reg_file|reg_file_ff[4][15]     ; yes                                                              ; yes                                        ;
; risc_v_mike_reg_file:i_risc_v_mike_reg_file|reg_file_ff[4][16]     ; yes                                                              ; yes                                        ;
; risc_v_mike_reg_file:i_risc_v_mike_reg_file|reg_file_ff[4][17]     ; yes                                                              ; yes                                        ;
; risc_v_mike_reg_file:i_risc_v_mike_reg_file|reg_file_ff[4][18]     ; yes                                                              ; yes                                        ;
; risc_v_mike_reg_file:i_risc_v_mike_reg_file|reg_file_ff[4][19]     ; yes                                                              ; yes                                        ;
; risc_v_mike_reg_file:i_risc_v_mike_reg_file|reg_file_ff[4][20]     ; yes                                                              ; yes                                        ;
; risc_v_mike_reg_file:i_risc_v_mike_reg_file|reg_file_ff[4][21]     ; yes                                                              ; yes                                        ;
; risc_v_mike_reg_file:i_risc_v_mike_reg_file|reg_file_ff[4][22]     ; yes                                                              ; yes                                        ;
; risc_v_mike_reg_file:i_risc_v_mike_reg_file|reg_file_ff[4][23]     ; yes                                                              ; yes                                        ;
; risc_v_mike_reg_file:i_risc_v_mike_reg_file|reg_file_ff[4][24]     ; yes                                                              ; yes                                        ;
; risc_v_mike_reg_file:i_risc_v_mike_reg_file|reg_file_ff[4][25]     ; yes                                                              ; yes                                        ;
; risc_v_mike_reg_file:i_risc_v_mike_reg_file|reg_file_ff[4][26]     ; yes                                                              ; yes                                        ;
; risc_v_mike_reg_file:i_risc_v_mike_reg_file|reg_file_ff[4][27]     ; yes                                                              ; yes                                        ;
; risc_v_mike_reg_file:i_risc_v_mike_reg_file|reg_file_ff[4][28]     ; yes                                                              ; yes                                        ;
; risc_v_mike_reg_file:i_risc_v_mike_reg_file|reg_file_ff[4][29]     ; yes                                                              ; yes                                        ;
; risc_v_mike_reg_file:i_risc_v_mike_reg_file|reg_file_ff[4][30]     ; yes                                                              ; yes                                        ;
; risc_v_mike_reg_file:i_risc_v_mike_reg_file|reg_file_ff[4][31]     ; yes                                                              ; yes                                        ;
; risc_v_mike_reg_file:i_risc_v_mike_reg_file|reg_file_ff[3][1]      ; yes                                                              ; yes                                        ;
; risc_v_mike_reg_file:i_risc_v_mike_reg_file|reg_file_ff[3][2]      ; yes                                                              ; yes                                        ;
; risc_v_mike_reg_file:i_risc_v_mike_reg_file|reg_file_ff[3][3]      ; yes                                                              ; yes                                        ;
; risc_v_mike_reg_file:i_risc_v_mike_reg_file|reg_file_ff[3][4]      ; yes                                                              ; yes                                        ;
; risc_v_mike_reg_file:i_risc_v_mike_reg_file|reg_file_ff[3][5]      ; yes                                                              ; yes                                        ;
; risc_v_mike_reg_file:i_risc_v_mike_reg_file|reg_file_ff[3][6]      ; yes                                                              ; yes                                        ;
; risc_v_mike_reg_file:i_risc_v_mike_reg_file|reg_file_ff[3][7]      ; yes                                                              ; yes                                        ;
; risc_v_mike_reg_file:i_risc_v_mike_reg_file|reg_file_ff[3][8]      ; yes                                                              ; yes                                        ;
; risc_v_mike_reg_file:i_risc_v_mike_reg_file|reg_file_ff[3][9]      ; yes                                                              ; yes                                        ;
; risc_v_mike_reg_file:i_risc_v_mike_reg_file|reg_file_ff[3][10]     ; yes                                                              ; yes                                        ;
; risc_v_mike_reg_file:i_risc_v_mike_reg_file|reg_file_ff[3][11]     ; yes                                                              ; yes                                        ;
; risc_v_mike_reg_file:i_risc_v_mike_reg_file|reg_file_ff[3][12]     ; yes                                                              ; yes                                        ;
; risc_v_mike_reg_file:i_risc_v_mike_reg_file|reg_file_ff[3][13]     ; yes                                                              ; yes                                        ;
; risc_v_mike_reg_file:i_risc_v_mike_reg_file|reg_file_ff[3][14]     ; yes                                                              ; yes                                        ;
; risc_v_mike_reg_file:i_risc_v_mike_reg_file|reg_file_ff[3][15]     ; yes                                                              ; yes                                        ;
; risc_v_mike_reg_file:i_risc_v_mike_reg_file|reg_file_ff[3][16]     ; yes                                                              ; yes                                        ;
; risc_v_mike_reg_file:i_risc_v_mike_reg_file|reg_file_ff[3][17]     ; yes                                                              ; yes                                        ;
; risc_v_mike_reg_file:i_risc_v_mike_reg_file|reg_file_ff[3][18]     ; yes                                                              ; yes                                        ;
; risc_v_mike_reg_file:i_risc_v_mike_reg_file|reg_file_ff[3][19]     ; yes                                                              ; yes                                        ;
; risc_v_mike_reg_file:i_risc_v_mike_reg_file|reg_file_ff[3][20]     ; yes                                                              ; yes                                        ;
; risc_v_mike_reg_file:i_risc_v_mike_reg_file|reg_file_ff[3][21]     ; yes                                                              ; yes                                        ;
; risc_v_mike_reg_file:i_risc_v_mike_reg_file|reg_file_ff[3][22]     ; yes                                                              ; yes                                        ;
; risc_v_mike_reg_file:i_risc_v_mike_reg_file|reg_file_ff[3][23]     ; yes                                                              ; yes                                        ;
; risc_v_mike_reg_file:i_risc_v_mike_reg_file|reg_file_ff[3][24]     ; yes                                                              ; yes                                        ;
; risc_v_mike_reg_file:i_risc_v_mike_reg_file|reg_file_ff[3][25]     ; yes                                                              ; yes                                        ;
; risc_v_mike_reg_file:i_risc_v_mike_reg_file|reg_file_ff[3][26]     ; yes                                                              ; yes                                        ;
; risc_v_mike_reg_file:i_risc_v_mike_reg_file|reg_file_ff[3][27]     ; yes                                                              ; yes                                        ;
; risc_v_mike_reg_file:i_risc_v_mike_reg_file|reg_file_ff[3][28]     ; yes                                                              ; yes                                        ;
; risc_v_mike_reg_file:i_risc_v_mike_reg_file|reg_file_ff[3][29]     ; yes                                                              ; yes                                        ;
; risc_v_mike_reg_file:i_risc_v_mike_reg_file|reg_file_ff[3][30]     ; yes                                                              ; yes                                        ;
; risc_v_mike_reg_file:i_risc_v_mike_reg_file|reg_file_ff[3][31]     ; yes                                                              ; yes                                        ;
; risc_v_mike_reg_file:i_risc_v_mike_reg_file|reg_file_ff[2][1]      ; yes                                                              ; yes                                        ;
; risc_v_mike_reg_file:i_risc_v_mike_reg_file|reg_file_ff[2][2]      ; yes                                                              ; yes                                        ;
; risc_v_mike_reg_file:i_risc_v_mike_reg_file|reg_file_ff[2][3]      ; yes                                                              ; yes                                        ;
; risc_v_mike_reg_file:i_risc_v_mike_reg_file|reg_file_ff[2][4]      ; yes                                                              ; yes                                        ;
; risc_v_mike_reg_file:i_risc_v_mike_reg_file|reg_file_ff[2][5]      ; yes                                                              ; yes                                        ;
; risc_v_mike_reg_file:i_risc_v_mike_reg_file|reg_file_ff[2][6]      ; yes                                                              ; yes                                        ;
; risc_v_mike_reg_file:i_risc_v_mike_reg_file|reg_file_ff[2][7]      ; yes                                                              ; yes                                        ;
; risc_v_mike_reg_file:i_risc_v_mike_reg_file|reg_file_ff[2][8]      ; yes                                                              ; yes                                        ;
; risc_v_mike_reg_file:i_risc_v_mike_reg_file|reg_file_ff[2][9]      ; yes                                                              ; yes                                        ;
; risc_v_mike_reg_file:i_risc_v_mike_reg_file|reg_file_ff[2][10]     ; yes                                                              ; yes                                        ;
; risc_v_mike_reg_file:i_risc_v_mike_reg_file|reg_file_ff[2][11]     ; yes                                                              ; yes                                        ;
; risc_v_mike_reg_file:i_risc_v_mike_reg_file|reg_file_ff[2][12]     ; yes                                                              ; yes                                        ;
; risc_v_mike_reg_file:i_risc_v_mike_reg_file|reg_file_ff[2][13]     ; yes                                                              ; yes                                        ;
; risc_v_mike_reg_file:i_risc_v_mike_reg_file|reg_file_ff[2][14]     ; yes                                                              ; yes                                        ;
; risc_v_mike_reg_file:i_risc_v_mike_reg_file|reg_file_ff[2][15]     ; yes                                                              ; yes                                        ;
; risc_v_mike_reg_file:i_risc_v_mike_reg_file|reg_file_ff[2][16]     ; yes                                                              ; yes                                        ;
; risc_v_mike_reg_file:i_risc_v_mike_reg_file|reg_file_ff[2][17]     ; yes                                                              ; yes                                        ;
; risc_v_mike_reg_file:i_risc_v_mike_reg_file|reg_file_ff[2][18]     ; yes                                                              ; yes                                        ;
; risc_v_mike_reg_file:i_risc_v_mike_reg_file|reg_file_ff[2][19]     ; yes                                                              ; yes                                        ;
; risc_v_mike_reg_file:i_risc_v_mike_reg_file|reg_file_ff[2][20]     ; yes                                                              ; yes                                        ;
; risc_v_mike_reg_file:i_risc_v_mike_reg_file|reg_file_ff[2][21]     ; yes                                                              ; yes                                        ;
; risc_v_mike_reg_file:i_risc_v_mike_reg_file|reg_file_ff[2][22]     ; yes                                                              ; yes                                        ;
; risc_v_mike_reg_file:i_risc_v_mike_reg_file|reg_file_ff[2][23]     ; yes                                                              ; yes                                        ;
; risc_v_mike_reg_file:i_risc_v_mike_reg_file|reg_file_ff[2][24]     ; yes                                                              ; yes                                        ;
; risc_v_mike_reg_file:i_risc_v_mike_reg_file|reg_file_ff[2][25]     ; yes                                                              ; yes                                        ;
; risc_v_mike_reg_file:i_risc_v_mike_reg_file|reg_file_ff[2][26]     ; yes                                                              ; yes                                        ;
; risc_v_mike_reg_file:i_risc_v_mike_reg_file|reg_file_ff[2][27]     ; yes                                                              ; yes                                        ;
; risc_v_mike_reg_file:i_risc_v_mike_reg_file|reg_file_ff[2][28]     ; yes                                                              ; yes                                        ;
; risc_v_mike_reg_file:i_risc_v_mike_reg_file|reg_file_ff[2][29]     ; yes                                                              ; yes                                        ;
; risc_v_mike_reg_file:i_risc_v_mike_reg_file|reg_file_ff[2][30]     ; yes                                                              ; yes                                        ;
; risc_v_mike_reg_file:i_risc_v_mike_reg_file|reg_file_ff[2][31]     ; yes                                                              ; yes                                        ;
; risc_v_mike_reg_file:i_risc_v_mike_reg_file|reg_file_ff[1][1]      ; yes                                                              ; yes                                        ;
; risc_v_mike_reg_file:i_risc_v_mike_reg_file|reg_file_ff[1][2]      ; yes                                                              ; yes                                        ;
; risc_v_mike_reg_file:i_risc_v_mike_reg_file|reg_file_ff[1][3]      ; yes                                                              ; yes                                        ;
; risc_v_mike_reg_file:i_risc_v_mike_reg_file|reg_file_ff[1][4]      ; yes                                                              ; yes                                        ;
; risc_v_mike_reg_file:i_risc_v_mike_reg_file|reg_file_ff[1][5]      ; yes                                                              ; yes                                        ;
; risc_v_mike_reg_file:i_risc_v_mike_reg_file|reg_file_ff[1][6]      ; yes                                                              ; yes                                        ;
; risc_v_mike_reg_file:i_risc_v_mike_reg_file|reg_file_ff[1][7]      ; yes                                                              ; yes                                        ;
; risc_v_mike_reg_file:i_risc_v_mike_reg_file|reg_file_ff[1][8]      ; yes                                                              ; yes                                        ;
; risc_v_mike_reg_file:i_risc_v_mike_reg_file|reg_file_ff[1][9]      ; yes                                                              ; yes                                        ;
; risc_v_mike_reg_file:i_risc_v_mike_reg_file|reg_file_ff[1][10]     ; yes                                                              ; yes                                        ;
; risc_v_mike_reg_file:i_risc_v_mike_reg_file|reg_file_ff[1][11]     ; yes                                                              ; yes                                        ;
; risc_v_mike_reg_file:i_risc_v_mike_reg_file|reg_file_ff[1][12]     ; yes                                                              ; yes                                        ;
; risc_v_mike_reg_file:i_risc_v_mike_reg_file|reg_file_ff[1][13]     ; yes                                                              ; yes                                        ;
; risc_v_mike_reg_file:i_risc_v_mike_reg_file|reg_file_ff[1][14]     ; yes                                                              ; yes                                        ;
; risc_v_mike_reg_file:i_risc_v_mike_reg_file|reg_file_ff[1][15]     ; yes                                                              ; yes                                        ;
; risc_v_mike_reg_file:i_risc_v_mike_reg_file|reg_file_ff[1][16]     ; yes                                                              ; yes                                        ;
; risc_v_mike_reg_file:i_risc_v_mike_reg_file|reg_file_ff[1][17]     ; yes                                                              ; yes                                        ;
; risc_v_mike_reg_file:i_risc_v_mike_reg_file|reg_file_ff[1][18]     ; yes                                                              ; yes                                        ;
; risc_v_mike_reg_file:i_risc_v_mike_reg_file|reg_file_ff[1][19]     ; yes                                                              ; yes                                        ;
; risc_v_mike_reg_file:i_risc_v_mike_reg_file|reg_file_ff[1][20]     ; yes                                                              ; yes                                        ;
; risc_v_mike_reg_file:i_risc_v_mike_reg_file|reg_file_ff[1][21]     ; yes                                                              ; yes                                        ;
; risc_v_mike_reg_file:i_risc_v_mike_reg_file|reg_file_ff[1][22]     ; yes                                                              ; yes                                        ;
; risc_v_mike_reg_file:i_risc_v_mike_reg_file|reg_file_ff[1][23]     ; yes                                                              ; yes                                        ;
; risc_v_mike_reg_file:i_risc_v_mike_reg_file|reg_file_ff[1][24]     ; yes                                                              ; yes                                        ;
; risc_v_mike_reg_file:i_risc_v_mike_reg_file|reg_file_ff[1][25]     ; yes                                                              ; yes                                        ;
; risc_v_mike_reg_file:i_risc_v_mike_reg_file|reg_file_ff[1][26]     ; yes                                                              ; yes                                        ;
; risc_v_mike_reg_file:i_risc_v_mike_reg_file|reg_file_ff[1][27]     ; yes                                                              ; yes                                        ;
; risc_v_mike_reg_file:i_risc_v_mike_reg_file|reg_file_ff[1][28]     ; yes                                                              ; yes                                        ;
; risc_v_mike_reg_file:i_risc_v_mike_reg_file|reg_file_ff[1][29]     ; yes                                                              ; yes                                        ;
; risc_v_mike_reg_file:i_risc_v_mike_reg_file|reg_file_ff[1][30]     ; yes                                                              ; yes                                        ;
; risc_v_mike_reg_file:i_risc_v_mike_reg_file|reg_file_ff[1][31]     ; yes                                                              ; yes                                        ;
; alu_src_sel_b_e[0]                                                 ; yes                                                              ; yes                                        ;
; alu_src_sel_a_e[0]                                                 ; yes                                                              ; yes                                        ;
; alu_src_sel_b_e[1]                                                 ; yes                                                              ; yes                                        ;
; alu_src_sel_a_e[1]                                                 ; yes                                                              ; yes                                        ;
; Total number of protected registers is 1000                        ;                                                                  ;                                            ;
+--------------------------------------------------------------------+------------------------------------------------------------------+--------------------------------------------+


+-------------------------------------------------------------------------------------------------------------------------------------------------------------------------------------------+
; Registers Removed During Synthesis                                                                                                                                                        ;
+------------------------------------------------------------------------------------------+------------------------------------------------------------------------------------------------+
; Register name                                                                            ; Reason for Removal                                                                             ;
+------------------------------------------------------------------------------------------+------------------------------------------------------------------------------------------------+
; risc_v_mike_ctrl:i_risc_v_mike_ctrl|intr_nmen_e[6..31]                                   ; Stuck at GND due to stuck port data_in                                                         ;
; pc_addr_d[0]                                                                             ; Merged with pc_plus4_d[0]                                                                      ;
; pc_addr_d[1]                                                                             ; Merged with pc_plus4_d[1]                                                                      ;
; instruction_d[1]                                                                         ; Merged with instruction_d[0]                                                                   ;
; UART_UNCORE:i_UART_UNCORE|UART_MIKE:i_top_UART_MIKE|tx_shifter:tx_shifter|tx_index_ff[3] ; Merged with UART_UNCORE:i_UART_UNCORE|UART_MIKE:i_top_UART_MIKE|counter:tx_counter|count_ff[3] ;
; UART_UNCORE:i_UART_UNCORE|UART_MIKE:i_top_UART_MIKE|tx_shifter:tx_shifter|tx_index_ff[2] ; Merged with UART_UNCORE:i_UART_UNCORE|UART_MIKE:i_top_UART_MIKE|counter:tx_counter|count_ff[2] ;
; UART_UNCORE:i_UART_UNCORE|UART_MIKE:i_top_UART_MIKE|tx_shifter:tx_shifter|tx_index_ff[1] ; Merged with UART_UNCORE:i_UART_UNCORE|UART_MIKE:i_top_UART_MIKE|counter:tx_counter|count_ff[1] ;
; UART_UNCORE:i_UART_UNCORE|UART_MIKE:i_top_UART_MIKE|tx_shifter:tx_shifter|tx_index_ff[0] ; Merged with UART_UNCORE:i_UART_UNCORE|UART_MIKE:i_top_UART_MIKE|counter:tx_counter|count_ff[0] ;
; UART_UNCORE:i_UART_UNCORE|UART_MIKE:i_top_UART_MIKE|rx_shifter:rx_shifter|rx_done_ff     ; Merged with UART_UNCORE:i_UART_UNCORE|UART_MIKE:i_top_UART_MIKE|rx_done_ff                     ;
; pc_plus4_e[1]                                                                            ; Merged with pc_addr_e[1]                                                                       ;
; pc_plus4_e[0]                                                                            ; Merged with pc_addr_e[0]                                                                       ;
; risc_v_mike_ctrl:i_risc_v_mike_ctrl|intr_opcode_e[1]                                     ; Merged with risc_v_mike_ctrl:i_risc_v_mike_ctrl|intr_opcode_e[0]                               ;
; risc_v_mike_ctrl:i_risc_v_mike_ctrl|intr_opcode_w[1]                                     ; Merged with risc_v_mike_ctrl:i_risc_v_mike_ctrl|intr_opcode_w[0]                               ;
; risc_v_mike_ctrl:i_risc_v_mike_ctrl|intr_opcode_m[1]                                     ; Merged with risc_v_mike_ctrl:i_risc_v_mike_ctrl|intr_opcode_m[0]                               ;
; instruction_d[0,2..31]                                                                   ; Lost fanout                                                                                    ;
; instruction_d[30]~3                                                                      ; Merged with instruction_d[31]~1                                                                ;
; instruction_d[29]~5                                                                      ; Merged with instruction_d[31]~1                                                                ;
; instruction_d[28]~7                                                                      ; Merged with instruction_d[31]~1                                                                ;
; instruction_d[27]~9                                                                      ; Merged with instruction_d[31]~1                                                                ;
; instruction_d[26]~11                                                                     ; Merged with instruction_d[31]~1                                                                ;
; instruction_d[25]~13                                                                     ; Merged with instruction_d[31]~1                                                                ;
; instruction_d[24]~15                                                                     ; Merged with instruction_d[31]~1                                                                ;
; instruction_d[23]~17                                                                     ; Merged with instruction_d[31]~1                                                                ;
; instruction_d[22]~19                                                                     ; Merged with instruction_d[31]~1                                                                ;
; instruction_d[21]~21                                                                     ; Merged with instruction_d[31]~1                                                                ;
; instruction_d[20]~23                                                                     ; Merged with instruction_d[31]~1                                                                ;
; instruction_d[19]~25                                                                     ; Merged with instruction_d[31]~1                                                                ;
; instruction_d[18]~27                                                                     ; Merged with instruction_d[31]~1                                                                ;
; instruction_d[17]~29                                                                     ; Merged with instruction_d[31]~1                                                                ;
; instruction_d[16]~31                                                                     ; Merged with instruction_d[31]~1                                                                ;
; instruction_d[15]~33                                                                     ; Merged with instruction_d[31]~1                                                                ;
; instruction_d[14]~35                                                                     ; Merged with instruction_d[31]~1                                                                ;
; instruction_d[13]~37                                                                     ; Merged with instruction_d[31]~1                                                                ;
; instruction_d[12]~39                                                                     ; Merged with instruction_d[31]~1                                                                ;
; instruction_d[11]~41                                                                     ; Merged with instruction_d[31]~1                                                                ;
; instruction_d[10]~43                                                                     ; Merged with instruction_d[31]~1                                                                ;
; instruction_d[9]~45                                                                      ; Merged with instruction_d[31]~1                                                                ;
; instruction_d[8]~47                                                                      ; Merged with instruction_d[31]~1                                                                ;
; instruction_d[7]~49                                                                      ; Merged with instruction_d[31]~1                                                                ;
; instruction_d[6]~51                                                                      ; Merged with instruction_d[31]~1                                                                ;
; instruction_d[5]~53                                                                      ; Merged with instruction_d[31]~1                                                                ;
; instruction_d[4]~55                                                                      ; Merged with instruction_d[31]~1                                                                ;
; instruction_d[3]~57                                                                      ; Merged with instruction_d[31]~1                                                                ;
; instruction_d[2]~59                                                                      ; Merged with instruction_d[31]~1                                                                ;
; instruction_d[0]~61                                                                      ; Merged with instruction_d[31]~1                                                                ;
; Total Number of Removed Registers = 100                                                  ;                                                                                                ;
+------------------------------------------------------------------------------------------+------------------------------------------------------------------------------------------------+


+------------------------------------------------------+
; General Register Statistics                          ;
+----------------------------------------------+-------+
; Statistic                                    ; Value ;
+----------------------------------------------+-------+
; Total registers                              ; 18067 ;
; Number of registers using Synchronous Clear  ; 17937 ;
; Number of registers using Synchronous Load   ; 1     ;
; Number of registers using Asynchronous Clear ; 3     ;
; Number of registers using Asynchronous Load  ; 0     ;
; Number of registers using Clock Enable       ; 17424 ;
; Number of registers using Preset             ; 0     ;
+----------------------------------------------+-------+


+----------------------------------------------------------------------------------------------------------+
; Registers Packed Into Inferred Megafunctions                                                             ;
+----------------------+----------------------------------------------------------------------------+------+
; Register Name        ; Megafunction                                                               ; Type ;
+----------------------+----------------------------------------------------------------------------+------+
; instruction_d[31]~0  ; risc_v_mike_instruction_memory:i_risc_v_mike_instruction_memory|Mux0_rtl_0 ; ROM  ;
; instruction_d[30]~2  ; risc_v_mike_instruction_memory:i_risc_v_mike_instruction_memory|Mux0_rtl_0 ; ROM  ;
; instruction_d[29]~4  ; risc_v_mike_instruction_memory:i_risc_v_mike_instruction_memory|Mux0_rtl_0 ; ROM  ;
; instruction_d[28]~6  ; risc_v_mike_instruction_memory:i_risc_v_mike_instruction_memory|Mux0_rtl_0 ; ROM  ;
; instruction_d[27]~8  ; risc_v_mike_instruction_memory:i_risc_v_mike_instruction_memory|Mux0_rtl_0 ; ROM  ;
; instruction_d[26]~10 ; risc_v_mike_instruction_memory:i_risc_v_mike_instruction_memory|Mux0_rtl_0 ; ROM  ;
; instruction_d[25]~12 ; risc_v_mike_instruction_memory:i_risc_v_mike_instruction_memory|Mux0_rtl_0 ; ROM  ;
; instruction_d[24]~14 ; risc_v_mike_instruction_memory:i_risc_v_mike_instruction_memory|Mux0_rtl_0 ; ROM  ;
; instruction_d[23]~16 ; risc_v_mike_instruction_memory:i_risc_v_mike_instruction_memory|Mux0_rtl_0 ; ROM  ;
; instruction_d[22]~18 ; risc_v_mike_instruction_memory:i_risc_v_mike_instruction_memory|Mux0_rtl_0 ; ROM  ;
; instruction_d[21]~20 ; risc_v_mike_instruction_memory:i_risc_v_mike_instruction_memory|Mux0_rtl_0 ; ROM  ;
; instruction_d[20]~22 ; risc_v_mike_instruction_memory:i_risc_v_mike_instruction_memory|Mux0_rtl_0 ; ROM  ;
; instruction_d[19]~24 ; risc_v_mike_instruction_memory:i_risc_v_mike_instruction_memory|Mux0_rtl_0 ; ROM  ;
; instruction_d[18]~26 ; risc_v_mike_instruction_memory:i_risc_v_mike_instruction_memory|Mux0_rtl_0 ; ROM  ;
; instruction_d[17]~28 ; risc_v_mike_instruction_memory:i_risc_v_mike_instruction_memory|Mux0_rtl_0 ; ROM  ;
; instruction_d[16]~30 ; risc_v_mike_instruction_memory:i_risc_v_mike_instruction_memory|Mux0_rtl_0 ; ROM  ;
; instruction_d[15]~32 ; risc_v_mike_instruction_memory:i_risc_v_mike_instruction_memory|Mux0_rtl_0 ; ROM  ;
; instruction_d[14]~34 ; risc_v_mike_instruction_memory:i_risc_v_mike_instruction_memory|Mux0_rtl_0 ; ROM  ;
; instruction_d[13]~36 ; risc_v_mike_instruction_memory:i_risc_v_mike_instruction_memory|Mux0_rtl_0 ; ROM  ;
; instruction_d[12]~38 ; risc_v_mike_instruction_memory:i_risc_v_mike_instruction_memory|Mux0_rtl_0 ; ROM  ;
; instruction_d[11]~40 ; risc_v_mike_instruction_memory:i_risc_v_mike_instruction_memory|Mux0_rtl_0 ; ROM  ;
; instruction_d[10]~42 ; risc_v_mike_instruction_memory:i_risc_v_mike_instruction_memory|Mux0_rtl_0 ; ROM  ;
; instruction_d[9]~44  ; risc_v_mike_instruction_memory:i_risc_v_mike_instruction_memory|Mux0_rtl_0 ; ROM  ;
; instruction_d[8]~46  ; risc_v_mike_instruction_memory:i_risc_v_mike_instruction_memory|Mux0_rtl_0 ; ROM  ;
; instruction_d[7]~48  ; risc_v_mike_instruction_memory:i_risc_v_mike_instruction_memory|Mux0_rtl_0 ; ROM  ;
; instruction_d[6]~50  ; risc_v_mike_instruction_memory:i_risc_v_mike_instruction_memory|Mux0_rtl_0 ; ROM  ;
; instruction_d[5]~52  ; risc_v_mike_instruction_memory:i_risc_v_mike_instruction_memory|Mux0_rtl_0 ; ROM  ;
; instruction_d[4]~54  ; risc_v_mike_instruction_memory:i_risc_v_mike_instruction_memory|Mux0_rtl_0 ; ROM  ;
; instruction_d[3]~56  ; risc_v_mike_instruction_memory:i_risc_v_mike_instruction_memory|Mux0_rtl_0 ; ROM  ;
; instruction_d[2]~58  ; risc_v_mike_instruction_memory:i_risc_v_mike_instruction_memory|Mux0_rtl_0 ; ROM  ;
; instruction_d[0]~60  ; risc_v_mike_instruction_memory:i_risc_v_mike_instruction_memory|Mux0_rtl_0 ; ROM  ;
+----------------------+----------------------------------------------------------------------------+------+


+-----------------------------------------------------------------------------------------------------------------------------------------------------------------------------------------------------------------------------+
; Multiplexer Restructuring Statistics (Restructuring Performed)                                                                                                                                                              ;
+--------------------+-----------+---------------+----------------------+------------------------+------------+---------------------------------------------------------------------------------------------------------------+
; Multiplexer Inputs ; Bus Width ; Baseline Area ; Area if Restructured ; Saving if Restructured ; Registered ; Example Multiplexer Output                                                                                    ;
+--------------------+-----------+---------------+----------------------+------------------------+------------+---------------------------------------------------------------------------------------------------------------+
; 3:1                ; 32 bits   ; 64 LEs        ; 0 LEs                ; 64 LEs                 ; Yes        ; |risc_v_mike_top|risc_v_mike_data_memory:i_risc_v_mike_data_memory|data_mem_ff[437][9]                        ;
; 3:1                ; 32 bits   ; 64 LEs        ; 0 LEs                ; 64 LEs                 ; Yes        ; |risc_v_mike_top|risc_v_mike_data_memory:i_risc_v_mike_data_memory|data_mem_ff[0][25]                         ;
; 3:1                ; 32 bits   ; 64 LEs        ; 0 LEs                ; 64 LEs                 ; Yes        ; |risc_v_mike_top|risc_v_mike_data_memory:i_risc_v_mike_data_memory|data_mem_ff[1][0]                          ;
; 3:1                ; 32 bits   ; 64 LEs        ; 0 LEs                ; 64 LEs                 ; Yes        ; |risc_v_mike_top|risc_v_mike_data_memory:i_risc_v_mike_data_memory|data_mem_ff[2][0]                          ;
; 3:1                ; 32 bits   ; 64 LEs        ; 0 LEs                ; 64 LEs                 ; Yes        ; |risc_v_mike_top|risc_v_mike_data_memory:i_risc_v_mike_data_memory|data_mem_ff[3][0]                          ;
; 3:1                ; 32 bits   ; 64 LEs        ; 0 LEs                ; 64 LEs                 ; Yes        ; |risc_v_mike_top|risc_v_mike_data_memory:i_risc_v_mike_data_memory|data_mem_ff[4][0]                          ;
; 3:1                ; 32 bits   ; 64 LEs        ; 0 LEs                ; 64 LEs                 ; Yes        ; |risc_v_mike_top|risc_v_mike_data_memory:i_risc_v_mike_data_memory|data_mem_ff[438][31]                       ;
; 3:1                ; 32 bits   ; 64 LEs        ; 0 LEs                ; 64 LEs                 ; Yes        ; |risc_v_mike_top|risc_v_mike_data_memory:i_risc_v_mike_data_memory|data_mem_ff[5][0]                          ;
; 3:1                ; 32 bits   ; 64 LEs        ; 0 LEs                ; 64 LEs                 ; Yes        ; |risc_v_mike_top|risc_v_mike_data_memory:i_risc_v_mike_data_memory|data_mem_ff[6][0]                          ;
; 3:1                ; 32 bits   ; 64 LEs        ; 0 LEs                ; 64 LEs                 ; Yes        ; |risc_v_mike_top|risc_v_mike_data_memory:i_risc_v_mike_data_memory|data_mem_ff[7][0]                          ;
; 3:1                ; 32 bits   ; 64 LEs        ; 0 LEs                ; 64 LEs                 ; Yes        ; |risc_v_mike_top|risc_v_mike_data_memory:i_risc_v_mike_data_memory|data_mem_ff[8][12]                         ;
; 3:1                ; 32 bits   ; 64 LEs        ; 0 LEs                ; 64 LEs                 ; Yes        ; |risc_v_mike_top|risc_v_mike_data_memory:i_risc_v_mike_data_memory|data_mem_ff[9][5]                          ;
; 3:1                ; 32 bits   ; 64 LEs        ; 0 LEs                ; 64 LEs                 ; Yes        ; |risc_v_mike_top|risc_v_mike_data_memory:i_risc_v_mike_data_memory|data_mem_ff[10][28]                        ;
; 3:1                ; 32 bits   ; 64 LEs        ; 0 LEs                ; 64 LEs                 ; Yes        ; |risc_v_mike_top|risc_v_mike_data_memory:i_risc_v_mike_data_memory|data_mem_ff[11][21]                        ;
; 3:1                ; 32 bits   ; 64 LEs        ; 0 LEs                ; 64 LEs                 ; Yes        ; |risc_v_mike_top|risc_v_mike_data_memory:i_risc_v_mike_data_memory|data_mem_ff[12][11]                        ;
; 3:1                ; 32 bits   ; 64 LEs        ; 0 LEs                ; 64 LEs                 ; Yes        ; |risc_v_mike_top|risc_v_mike_data_memory:i_risc_v_mike_data_memory|data_mem_ff[13][31]                        ;
; 3:1                ; 32 bits   ; 64 LEs        ; 0 LEs                ; 64 LEs                 ; Yes        ; |risc_v_mike_top|risc_v_mike_data_memory:i_risc_v_mike_data_memory|data_mem_ff[14][3]                         ;
; 3:1                ; 32 bits   ; 64 LEs        ; 0 LEs                ; 64 LEs                 ; Yes        ; |risc_v_mike_top|risc_v_mike_data_memory:i_risc_v_mike_data_memory|data_mem_ff[15][16]                        ;
; 3:1                ; 32 bits   ; 64 LEs        ; 0 LEs                ; 64 LEs                 ; Yes        ; |risc_v_mike_top|risc_v_mike_data_memory:i_risc_v_mike_data_memory|data_mem_ff[16][22]                        ;
; 3:1                ; 32 bits   ; 64 LEs        ; 0 LEs                ; 64 LEs                 ; Yes        ; |risc_v_mike_top|risc_v_mike_data_memory:i_risc_v_mike_data_memory|data_mem_ff[17][30]                        ;
; 3:1                ; 32 bits   ; 64 LEs        ; 0 LEs                ; 64 LEs                 ; Yes        ; |risc_v_mike_top|risc_v_mike_data_memory:i_risc_v_mike_data_memory|data_mem_ff[439][1]                        ;
; 3:1                ; 32 bits   ; 64 LEs        ; 0 LEs                ; 64 LEs                 ; Yes        ; |risc_v_mike_top|risc_v_mike_data_memory:i_risc_v_mike_data_memory|data_mem_ff[18][19]                        ;
; 3:1                ; 32 bits   ; 64 LEs        ; 0 LEs                ; 64 LEs                 ; Yes        ; |risc_v_mike_top|risc_v_mike_data_memory:i_risc_v_mike_data_memory|data_mem_ff[19][7]                         ;
; 3:1                ; 32 bits   ; 64 LEs        ; 0 LEs                ; 64 LEs                 ; Yes        ; |risc_v_mike_top|risc_v_mike_data_memory:i_risc_v_mike_data_memory|data_mem_ff[20][20]                        ;
; 3:1                ; 32 bits   ; 64 LEs        ; 0 LEs                ; 64 LEs                 ; Yes        ; |risc_v_mike_top|risc_v_mike_data_memory:i_risc_v_mike_data_memory|data_mem_ff[21][17]                        ;
; 3:1                ; 32 bits   ; 64 LEs        ; 0 LEs                ; 64 LEs                 ; Yes        ; |risc_v_mike_top|risc_v_mike_data_memory:i_risc_v_mike_data_memory|data_mem_ff[22][7]                         ;
; 3:1                ; 32 bits   ; 64 LEs        ; 0 LEs                ; 64 LEs                 ; Yes        ; |risc_v_mike_top|risc_v_mike_data_memory:i_risc_v_mike_data_memory|data_mem_ff[23][28]                        ;
; 3:1                ; 32 bits   ; 64 LEs        ; 0 LEs                ; 64 LEs                 ; Yes        ; |risc_v_mike_top|risc_v_mike_data_memory:i_risc_v_mike_data_memory|data_mem_ff[24][26]                        ;
; 3:1                ; 32 bits   ; 64 LEs        ; 0 LEs                ; 64 LEs                 ; Yes        ; |risc_v_mike_top|risc_v_mike_data_memory:i_risc_v_mike_data_memory|data_mem_ff[25][0]                         ;
; 3:1                ; 32 bits   ; 64 LEs        ; 0 LEs                ; 64 LEs                 ; Yes        ; |risc_v_mike_top|risc_v_mike_data_memory:i_risc_v_mike_data_memory|data_mem_ff[26][4]                         ;
; 3:1                ; 32 bits   ; 64 LEs        ; 0 LEs                ; 64 LEs                 ; Yes        ; |risc_v_mike_top|risc_v_mike_data_memory:i_risc_v_mike_data_memory|data_mem_ff[27][15]                        ;
; 3:1                ; 32 bits   ; 64 LEs        ; 0 LEs                ; 64 LEs                 ; Yes        ; |risc_v_mike_top|risc_v_mike_data_memory:i_risc_v_mike_data_memory|data_mem_ff[440][10]                       ;
; 3:1                ; 32 bits   ; 64 LEs        ; 0 LEs                ; 64 LEs                 ; Yes        ; |risc_v_mike_top|risc_v_mike_data_memory:i_risc_v_mike_data_memory|data_mem_ff[28][18]                        ;
; 3:1                ; 32 bits   ; 64 LEs        ; 0 LEs                ; 64 LEs                 ; Yes        ; |risc_v_mike_top|risc_v_mike_data_memory:i_risc_v_mike_data_memory|data_mem_ff[29][31]                        ;
; 3:1                ; 32 bits   ; 64 LEs        ; 0 LEs                ; 64 LEs                 ; Yes        ; |risc_v_mike_top|risc_v_mike_data_memory:i_risc_v_mike_data_memory|data_mem_ff[30][30]                        ;
; 3:1                ; 32 bits   ; 64 LEs        ; 0 LEs                ; 64 LEs                 ; Yes        ; |risc_v_mike_top|risc_v_mike_data_memory:i_risc_v_mike_data_memory|data_mem_ff[31][31]                        ;
; 3:1                ; 32 bits   ; 64 LEs        ; 0 LEs                ; 64 LEs                 ; Yes        ; |risc_v_mike_top|risc_v_mike_data_memory:i_risc_v_mike_data_memory|data_mem_ff[32][3]                         ;
; 3:1                ; 32 bits   ; 64 LEs        ; 0 LEs                ; 64 LEs                 ; Yes        ; |risc_v_mike_top|risc_v_mike_data_memory:i_risc_v_mike_data_memory|data_mem_ff[33][10]                        ;
; 3:1                ; 32 bits   ; 64 LEs        ; 0 LEs                ; 64 LEs                 ; Yes        ; |risc_v_mike_top|risc_v_mike_data_memory:i_risc_v_mike_data_memory|data_mem_ff[34][26]                        ;
; 3:1                ; 32 bits   ; 64 LEs        ; 0 LEs                ; 64 LEs                 ; Yes        ; |risc_v_mike_top|risc_v_mike_data_memory:i_risc_v_mike_data_memory|data_mem_ff[35][10]                        ;
; 3:1                ; 32 bits   ; 64 LEs        ; 0 LEs                ; 64 LEs                 ; Yes        ; |risc_v_mike_top|risc_v_mike_data_memory:i_risc_v_mike_data_memory|data_mem_ff[36][13]                        ;
; 3:1                ; 32 bits   ; 64 LEs        ; 0 LEs                ; 64 LEs                 ; Yes        ; |risc_v_mike_top|risc_v_mike_data_memory:i_risc_v_mike_data_memory|data_mem_ff[37][23]                        ;
; 3:1                ; 32 bits   ; 64 LEs        ; 0 LEs                ; 64 LEs                 ; Yes        ; |risc_v_mike_top|risc_v_mike_data_memory:i_risc_v_mike_data_memory|data_mem_ff[38][3]                         ;
; 3:1                ; 32 bits   ; 64 LEs        ; 0 LEs                ; 64 LEs                 ; Yes        ; |risc_v_mike_top|risc_v_mike_data_memory:i_risc_v_mike_data_memory|data_mem_ff[441][15]                       ;
; 3:1                ; 32 bits   ; 64 LEs        ; 0 LEs                ; 64 LEs                 ; Yes        ; |risc_v_mike_top|risc_v_mike_data_memory:i_risc_v_mike_data_memory|data_mem_ff[39][31]                        ;
; 3:1                ; 32 bits   ; 64 LEs        ; 0 LEs                ; 64 LEs                 ; Yes        ; |risc_v_mike_top|risc_v_mike_data_memory:i_risc_v_mike_data_memory|data_mem_ff[40][30]                        ;
; 3:1                ; 32 bits   ; 64 LEs        ; 0 LEs                ; 64 LEs                 ; Yes        ; |risc_v_mike_top|risc_v_mike_data_memory:i_risc_v_mike_data_memory|data_mem_ff[41][2]                         ;
; 3:1                ; 32 bits   ; 64 LEs        ; 0 LEs                ; 64 LEs                 ; Yes        ; |risc_v_mike_top|risc_v_mike_data_memory:i_risc_v_mike_data_memory|data_mem_ff[42][15]                        ;
; 3:1                ; 32 bits   ; 64 LEs        ; 0 LEs                ; 64 LEs                 ; Yes        ; |risc_v_mike_top|risc_v_mike_data_memory:i_risc_v_mike_data_memory|data_mem_ff[43][0]                         ;
; 3:1                ; 32 bits   ; 64 LEs        ; 0 LEs                ; 64 LEs                 ; Yes        ; |risc_v_mike_top|risc_v_mike_data_memory:i_risc_v_mike_data_memory|data_mem_ff[44][0]                         ;
; 3:1                ; 32 bits   ; 64 LEs        ; 0 LEs                ; 64 LEs                 ; Yes        ; |risc_v_mike_top|risc_v_mike_data_memory:i_risc_v_mike_data_memory|data_mem_ff[45][0]                         ;
; 3:1                ; 32 bits   ; 64 LEs        ; 0 LEs                ; 64 LEs                 ; Yes        ; |risc_v_mike_top|risc_v_mike_data_memory:i_risc_v_mike_data_memory|data_mem_ff[46][5]                         ;
; 3:1                ; 32 bits   ; 64 LEs        ; 0 LEs                ; 64 LEs                 ; Yes        ; |risc_v_mike_top|risc_v_mike_data_memory:i_risc_v_mike_data_memory|data_mem_ff[47][31]                        ;
; 3:1                ; 32 bits   ; 64 LEs        ; 0 LEs                ; 64 LEs                 ; Yes        ; |risc_v_mike_top|risc_v_mike_data_memory:i_risc_v_mike_data_memory|data_mem_ff[442][31]                       ;
; 3:1                ; 32 bits   ; 64 LEs        ; 0 LEs                ; 64 LEs                 ; Yes        ; |risc_v_mike_top|risc_v_mike_data_memory:i_risc_v_mike_data_memory|data_mem_ff[48][0]                         ;
; 3:1                ; 32 bits   ; 64 LEs        ; 0 LEs                ; 64 LEs                 ; Yes        ; |risc_v_mike_top|risc_v_mike_data_memory:i_risc_v_mike_data_memory|data_mem_ff[49][0]                         ;
; 3:1                ; 32 bits   ; 64 LEs        ; 0 LEs                ; 64 LEs                 ; Yes        ; |risc_v_mike_top|risc_v_mike_data_memory:i_risc_v_mike_data_memory|data_mem_ff[50][9]                         ;
; 3:1                ; 32 bits   ; 64 LEs        ; 0 LEs                ; 64 LEs                 ; Yes        ; |risc_v_mike_top|risc_v_mike_data_memory:i_risc_v_mike_data_memory|data_mem_ff[51][6]                         ;
; 3:1                ; 32 bits   ; 64 LEs        ; 0 LEs                ; 64 LEs                 ; Yes        ; |risc_v_mike_top|risc_v_mike_data_memory:i_risc_v_mike_data_memory|data_mem_ff[52][1]                         ;
; 3:1                ; 32 bits   ; 64 LEs        ; 0 LEs                ; 64 LEs                 ; Yes        ; |risc_v_mike_top|risc_v_mike_data_memory:i_risc_v_mike_data_memory|data_mem_ff[53][20]                        ;
; 3:1                ; 32 bits   ; 64 LEs        ; 0 LEs                ; 64 LEs                 ; Yes        ; |risc_v_mike_top|risc_v_mike_data_memory:i_risc_v_mike_data_memory|data_mem_ff[54][11]                        ;
; 3:1                ; 32 bits   ; 64 LEs        ; 0 LEs                ; 64 LEs                 ; Yes        ; |risc_v_mike_top|risc_v_mike_data_memory:i_risc_v_mike_data_memory|data_mem_ff[55][31]                        ;
; 3:1                ; 32 bits   ; 64 LEs        ; 0 LEs                ; 64 LEs                 ; Yes        ; |risc_v_mike_top|risc_v_mike_data_memory:i_risc_v_mike_data_memory|data_mem_ff[443][9]                        ;
; 3:1                ; 32 bits   ; 64 LEs        ; 0 LEs                ; 64 LEs                 ; Yes        ; |risc_v_mike_top|risc_v_mike_data_memory:i_risc_v_mike_data_memory|data_mem_ff[56][1]                         ;
; 3:1                ; 32 bits   ; 64 LEs        ; 0 LEs                ; 64 LEs                 ; Yes        ; |risc_v_mike_top|risc_v_mike_data_memory:i_risc_v_mike_data_memory|data_mem_ff[57][30]                        ;
; 3:1                ; 32 bits   ; 64 LEs        ; 0 LEs                ; 64 LEs                 ; Yes        ; |risc_v_mike_top|risc_v_mike_data_memory:i_risc_v_mike_data_memory|data_mem_ff[58][9]                         ;
; 3:1                ; 32 bits   ; 64 LEs        ; 0 LEs                ; 64 LEs                 ; Yes        ; |risc_v_mike_top|risc_v_mike_data_memory:i_risc_v_mike_data_memory|data_mem_ff[59][9]                         ;
; 3:1                ; 32 bits   ; 64 LEs        ; 0 LEs                ; 64 LEs                 ; Yes        ; |risc_v_mike_top|risc_v_mike_data_memory:i_risc_v_mike_data_memory|data_mem_ff[60][16]                        ;
; 3:1                ; 32 bits   ; 64 LEs        ; 0 LEs                ; 64 LEs                 ; Yes        ; |risc_v_mike_top|risc_v_mike_data_memory:i_risc_v_mike_data_memory|data_mem_ff[61][5]                         ;
; 3:1                ; 32 bits   ; 64 LEs        ; 0 LEs                ; 64 LEs                 ; Yes        ; |risc_v_mike_top|risc_v_mike_data_memory:i_risc_v_mike_data_memory|data_mem_ff[62][18]                        ;
; 3:1                ; 32 bits   ; 64 LEs        ; 0 LEs                ; 64 LEs                 ; Yes        ; |risc_v_mike_top|risc_v_mike_data_memory:i_risc_v_mike_data_memory|data_mem_ff[63][12]                        ;
; 3:1                ; 32 bits   ; 64 LEs        ; 0 LEs                ; 64 LEs                 ; Yes        ; |risc_v_mike_top|risc_v_mike_data_memory:i_risc_v_mike_data_memory|data_mem_ff[444][30]                       ;
; 3:1                ; 32 bits   ; 64 LEs        ; 0 LEs                ; 64 LEs                 ; Yes        ; |risc_v_mike_top|risc_v_mike_data_memory:i_risc_v_mike_data_memory|data_mem_ff[64][24]                        ;
; 3:1                ; 32 bits   ; 64 LEs        ; 0 LEs                ; 64 LEs                 ; Yes        ; |risc_v_mike_top|risc_v_mike_data_memory:i_risc_v_mike_data_memory|data_mem_ff[65][17]                        ;
; 3:1                ; 32 bits   ; 64 LEs        ; 0 LEs                ; 64 LEs                 ; Yes        ; |risc_v_mike_top|risc_v_mike_data_memory:i_risc_v_mike_data_memory|data_mem_ff[66][19]                        ;
; 3:1                ; 32 bits   ; 64 LEs        ; 0 LEs                ; 64 LEs                 ; Yes        ; |risc_v_mike_top|risc_v_mike_data_memory:i_risc_v_mike_data_memory|data_mem_ff[67][20]                        ;
; 3:1                ; 32 bits   ; 64 LEs        ; 0 LEs                ; 64 LEs                 ; Yes        ; |risc_v_mike_top|risc_v_mike_data_memory:i_risc_v_mike_data_memory|data_mem_ff[68][28]                        ;
; 3:1                ; 32 bits   ; 64 LEs        ; 0 LEs                ; 64 LEs                 ; Yes        ; |risc_v_mike_top|risc_v_mike_data_memory:i_risc_v_mike_data_memory|data_mem_ff[69][11]                        ;
; 3:1                ; 32 bits   ; 64 LEs        ; 0 LEs                ; 64 LEs                 ; Yes        ; |risc_v_mike_top|risc_v_mike_data_memory:i_risc_v_mike_data_memory|data_mem_ff[70][20]                        ;
; 3:1                ; 32 bits   ; 64 LEs        ; 0 LEs                ; 64 LEs                 ; Yes        ; |risc_v_mike_top|risc_v_mike_data_memory:i_risc_v_mike_data_memory|data_mem_ff[71][28]                        ;
; 3:1                ; 32 bits   ; 64 LEs        ; 0 LEs                ; 64 LEs                 ; Yes        ; |risc_v_mike_top|risc_v_mike_data_memory:i_risc_v_mike_data_memory|data_mem_ff[72][31]                        ;
; 3:1                ; 32 bits   ; 64 LEs        ; 0 LEs                ; 64 LEs                 ; Yes        ; |risc_v_mike_top|risc_v_mike_data_memory:i_risc_v_mike_data_memory|data_mem_ff[73][13]                        ;
; 3:1                ; 32 bits   ; 64 LEs        ; 0 LEs                ; 64 LEs                 ; Yes        ; |risc_v_mike_top|risc_v_mike_data_memory:i_risc_v_mike_data_memory|data_mem_ff[74][28]                        ;
; 3:1                ; 32 bits   ; 64 LEs        ; 0 LEs                ; 64 LEs                 ; Yes        ; |risc_v_mike_top|risc_v_mike_data_memory:i_risc_v_mike_data_memory|data_mem_ff[445][22]                       ;
; 3:1                ; 32 bits   ; 64 LEs        ; 0 LEs                ; 64 LEs                 ; Yes        ; |risc_v_mike_top|risc_v_mike_data_memory:i_risc_v_mike_data_memory|data_mem_ff[75][25]                        ;
; 3:1                ; 32 bits   ; 64 LEs        ; 0 LEs                ; 64 LEs                 ; Yes        ; |risc_v_mike_top|risc_v_mike_data_memory:i_risc_v_mike_data_memory|data_mem_ff[76][19]                        ;
; 3:1                ; 32 bits   ; 64 LEs        ; 0 LEs                ; 64 LEs                 ; Yes        ; |risc_v_mike_top|risc_v_mike_data_memory:i_risc_v_mike_data_memory|data_mem_ff[77][17]                        ;
; 3:1                ; 32 bits   ; 64 LEs        ; 0 LEs                ; 64 LEs                 ; Yes        ; |risc_v_mike_top|risc_v_mike_data_memory:i_risc_v_mike_data_memory|data_mem_ff[78][21]                        ;
; 3:1                ; 32 bits   ; 64 LEs        ; 0 LEs                ; 64 LEs                 ; Yes        ; |risc_v_mike_top|risc_v_mike_data_memory:i_risc_v_mike_data_memory|data_mem_ff[79][2]                         ;
; 3:1                ; 32 bits   ; 64 LEs        ; 0 LEs                ; 64 LEs                 ; Yes        ; |risc_v_mike_top|risc_v_mike_data_memory:i_risc_v_mike_data_memory|data_mem_ff[80][10]                        ;
; 3:1                ; 32 bits   ; 64 LEs        ; 0 LEs                ; 64 LEs                 ; Yes        ; |risc_v_mike_top|risc_v_mike_data_memory:i_risc_v_mike_data_memory|data_mem_ff[81][25]                        ;
; 3:1                ; 32 bits   ; 64 LEs        ; 0 LEs                ; 64 LEs                 ; Yes        ; |risc_v_mike_top|risc_v_mike_data_memory:i_risc_v_mike_data_memory|data_mem_ff[82][0]                         ;
; 3:1                ; 32 bits   ; 64 LEs        ; 0 LEs                ; 64 LEs                 ; Yes        ; |risc_v_mike_top|risc_v_mike_data_memory:i_risc_v_mike_data_memory|data_mem_ff[83][0]                         ;
; 3:1                ; 32 bits   ; 64 LEs        ; 0 LEs                ; 64 LEs                 ; Yes        ; |risc_v_mike_top|risc_v_mike_data_memory:i_risc_v_mike_data_memory|data_mem_ff[446][31]                       ;
; 3:1                ; 32 bits   ; 64 LEs        ; 0 LEs                ; 64 LEs                 ; Yes        ; |risc_v_mike_top|risc_v_mike_data_memory:i_risc_v_mike_data_memory|data_mem_ff[84][9]                         ;
; 3:1                ; 32 bits   ; 64 LEs        ; 0 LEs                ; 64 LEs                 ; Yes        ; |risc_v_mike_top|risc_v_mike_data_memory:i_risc_v_mike_data_memory|data_mem_ff[85][6]                         ;
; 3:1                ; 32 bits   ; 64 LEs        ; 0 LEs                ; 64 LEs                 ; Yes        ; |risc_v_mike_top|risc_v_mike_data_memory:i_risc_v_mike_data_memory|data_mem_ff[86][16]                        ;
; 3:1                ; 32 bits   ; 64 LEs        ; 0 LEs                ; 64 LEs                 ; Yes        ; |risc_v_mike_top|risc_v_mike_data_memory:i_risc_v_mike_data_memory|data_mem_ff[87][7]                         ;
; 3:1                ; 32 bits   ; 64 LEs        ; 0 LEs                ; 64 LEs                 ; Yes        ; |risc_v_mike_top|risc_v_mike_data_memory:i_risc_v_mike_data_memory|data_mem_ff[88][5]                         ;
; 3:1                ; 32 bits   ; 64 LEs        ; 0 LEs                ; 64 LEs                 ; Yes        ; |risc_v_mike_top|risc_v_mike_data_memory:i_risc_v_mike_data_memory|data_mem_ff[89][1]                         ;
; 3:1                ; 32 bits   ; 64 LEs        ; 0 LEs                ; 64 LEs                 ; Yes        ; |risc_v_mike_top|risc_v_mike_data_memory:i_risc_v_mike_data_memory|data_mem_ff[90][4]                         ;
; 3:1                ; 32 bits   ; 64 LEs        ; 0 LEs                ; 64 LEs                 ; Yes        ; |risc_v_mike_top|risc_v_mike_data_memory:i_risc_v_mike_data_memory|data_mem_ff[447][17]                       ;
; 3:1                ; 32 bits   ; 64 LEs        ; 0 LEs                ; 64 LEs                 ; Yes        ; |risc_v_mike_top|risc_v_mike_data_memory:i_risc_v_mike_data_memory|data_mem_ff[91][19]                        ;
; 3:1                ; 32 bits   ; 64 LEs        ; 0 LEs                ; 64 LEs                 ; Yes        ; |risc_v_mike_top|risc_v_mike_data_memory:i_risc_v_mike_data_memory|data_mem_ff[92][30]                        ;
; 3:1                ; 32 bits   ; 64 LEs        ; 0 LEs                ; 64 LEs                 ; Yes        ; |risc_v_mike_top|risc_v_mike_data_memory:i_risc_v_mike_data_memory|data_mem_ff[93][0]                         ;
; 3:1                ; 32 bits   ; 64 LEs        ; 0 LEs                ; 64 LEs                 ; Yes        ; |risc_v_mike_top|risc_v_mike_data_memory:i_risc_v_mike_data_memory|data_mem_ff[94][10]                        ;
; 3:1                ; 32 bits   ; 64 LEs        ; 0 LEs                ; 64 LEs                 ; Yes        ; |risc_v_mike_top|risc_v_mike_data_memory:i_risc_v_mike_data_memory|data_mem_ff[95][1]                         ;
; 3:1                ; 32 bits   ; 64 LEs        ; 0 LEs                ; 64 LEs                 ; Yes        ; |risc_v_mike_top|risc_v_mike_data_memory:i_risc_v_mike_data_memory|data_mem_ff[96][8]                         ;
; 3:1                ; 32 bits   ; 64 LEs        ; 0 LEs                ; 64 LEs                 ; Yes        ; |risc_v_mike_top|risc_v_mike_data_memory:i_risc_v_mike_data_memory|data_mem_ff[97][15]                        ;
; 3:1                ; 32 bits   ; 64 LEs        ; 0 LEs                ; 64 LEs                 ; Yes        ; |risc_v_mike_top|risc_v_mike_data_memory:i_risc_v_mike_data_memory|data_mem_ff[98][28]                        ;
; 3:1                ; 32 bits   ; 64 LEs        ; 0 LEs                ; 64 LEs                 ; Yes        ; |risc_v_mike_top|risc_v_mike_data_memory:i_risc_v_mike_data_memory|data_mem_ff[448][9]                        ;
; 3:1                ; 32 bits   ; 64 LEs        ; 0 LEs                ; 64 LEs                 ; Yes        ; |risc_v_mike_top|risc_v_mike_data_memory:i_risc_v_mike_data_memory|data_mem_ff[99][19]                        ;
; 3:1                ; 32 bits   ; 64 LEs        ; 0 LEs                ; 64 LEs                 ; Yes        ; |risc_v_mike_top|risc_v_mike_data_memory:i_risc_v_mike_data_memory|data_mem_ff[100][14]                       ;
; 3:1                ; 32 bits   ; 64 LEs        ; 0 LEs                ; 64 LEs                 ; Yes        ; |risc_v_mike_top|risc_v_mike_data_memory:i_risc_v_mike_data_memory|data_mem_ff[101][0]                        ;
; 3:1                ; 32 bits   ; 64 LEs        ; 0 LEs                ; 64 LEs                 ; Yes        ; |risc_v_mike_top|risc_v_mike_data_memory:i_risc_v_mike_data_memory|data_mem_ff[102][10]                       ;
; 3:1                ; 32 bits   ; 64 LEs        ; 0 LEs                ; 64 LEs                 ; Yes        ; |risc_v_mike_top|risc_v_mike_data_memory:i_risc_v_mike_data_memory|data_mem_ff[103][9]                        ;
; 3:1                ; 32 bits   ; 64 LEs        ; 0 LEs                ; 64 LEs                 ; Yes        ; |risc_v_mike_top|risc_v_mike_data_memory:i_risc_v_mike_data_memory|data_mem_ff[104][24]                       ;
; 3:1                ; 32 bits   ; 64 LEs        ; 0 LEs                ; 64 LEs                 ; Yes        ; |risc_v_mike_top|risc_v_mike_data_memory:i_risc_v_mike_data_memory|data_mem_ff[105][30]                       ;
; 3:1                ; 32 bits   ; 64 LEs        ; 0 LEs                ; 64 LEs                 ; Yes        ; |risc_v_mike_top|risc_v_mike_data_memory:i_risc_v_mike_data_memory|data_mem_ff[106][28]                       ;
; 3:1                ; 32 bits   ; 64 LEs        ; 0 LEs                ; 64 LEs                 ; Yes        ; |risc_v_mike_top|risc_v_mike_data_memory:i_risc_v_mike_data_memory|data_mem_ff[449][31]                       ;
; 3:1                ; 32 bits   ; 64 LEs        ; 0 LEs                ; 64 LEs                 ; Yes        ; |risc_v_mike_top|risc_v_mike_data_memory:i_risc_v_mike_data_memory|data_mem_ff[107][0]                        ;
; 3:1                ; 32 bits   ; 64 LEs        ; 0 LEs                ; 64 LEs                 ; Yes        ; |risc_v_mike_top|risc_v_mike_data_memory:i_risc_v_mike_data_memory|data_mem_ff[108][0]                        ;
; 3:1                ; 32 bits   ; 64 LEs        ; 0 LEs                ; 64 LEs                 ; Yes        ; |risc_v_mike_top|risc_v_mike_data_memory:i_risc_v_mike_data_memory|data_mem_ff[109][21]                       ;
; 3:1                ; 32 bits   ; 64 LEs        ; 0 LEs                ; 64 LEs                 ; Yes        ; |risc_v_mike_top|risc_v_mike_data_memory:i_risc_v_mike_data_memory|data_mem_ff[110][19]                       ;
; 3:1                ; 32 bits   ; 64 LEs        ; 0 LEs                ; 64 LEs                 ; Yes        ; |risc_v_mike_top|risc_v_mike_data_memory:i_risc_v_mike_data_memory|data_mem_ff[111][12]                       ;
; 3:1                ; 32 bits   ; 64 LEs        ; 0 LEs                ; 64 LEs                 ; Yes        ; |risc_v_mike_top|risc_v_mike_data_memory:i_risc_v_mike_data_memory|data_mem_ff[112][11]                       ;
; 3:1                ; 32 bits   ; 64 LEs        ; 0 LEs                ; 64 LEs                 ; Yes        ; |risc_v_mike_top|risc_v_mike_data_memory:i_risc_v_mike_data_memory|data_mem_ff[113][0]                        ;
; 3:1                ; 32 bits   ; 64 LEs        ; 0 LEs                ; 64 LEs                 ; Yes        ; |risc_v_mike_top|risc_v_mike_data_memory:i_risc_v_mike_data_memory|data_mem_ff[450][2]                        ;
; 3:1                ; 32 bits   ; 64 LEs        ; 0 LEs                ; 64 LEs                 ; Yes        ; |risc_v_mike_top|risc_v_mike_data_memory:i_risc_v_mike_data_memory|data_mem_ff[114][16]                       ;
; 3:1                ; 32 bits   ; 64 LEs        ; 0 LEs                ; 64 LEs                 ; Yes        ; |risc_v_mike_top|risc_v_mike_data_memory:i_risc_v_mike_data_memory|data_mem_ff[115][25]                       ;
; 3:1                ; 32 bits   ; 64 LEs        ; 0 LEs                ; 64 LEs                 ; Yes        ; |risc_v_mike_top|risc_v_mike_data_memory:i_risc_v_mike_data_memory|data_mem_ff[116][10]                       ;
; 3:1                ; 32 bits   ; 64 LEs        ; 0 LEs                ; 64 LEs                 ; Yes        ; |risc_v_mike_top|risc_v_mike_data_memory:i_risc_v_mike_data_memory|data_mem_ff[117][0]                        ;
; 3:1                ; 32 bits   ; 64 LEs        ; 0 LEs                ; 64 LEs                 ; Yes        ; |risc_v_mike_top|risc_v_mike_data_memory:i_risc_v_mike_data_memory|data_mem_ff[118][0]                        ;
; 3:1                ; 32 bits   ; 64 LEs        ; 0 LEs                ; 64 LEs                 ; Yes        ; |risc_v_mike_top|risc_v_mike_data_memory:i_risc_v_mike_data_memory|data_mem_ff[119][16]                       ;
; 3:1                ; 32 bits   ; 64 LEs        ; 0 LEs                ; 64 LEs                 ; Yes        ; |risc_v_mike_top|risc_v_mike_data_memory:i_risc_v_mike_data_memory|data_mem_ff[451][4]                        ;
; 3:1                ; 32 bits   ; 64 LEs        ; 0 LEs                ; 64 LEs                 ; Yes        ; |risc_v_mike_top|risc_v_mike_data_memory:i_risc_v_mike_data_memory|data_mem_ff[120][8]                        ;
; 3:1                ; 32 bits   ; 64 LEs        ; 0 LEs                ; 64 LEs                 ; Yes        ; |risc_v_mike_top|risc_v_mike_data_memory:i_risc_v_mike_data_memory|data_mem_ff[121][31]                       ;
; 3:1                ; 32 bits   ; 64 LEs        ; 0 LEs                ; 64 LEs                 ; Yes        ; |risc_v_mike_top|risc_v_mike_data_memory:i_risc_v_mike_data_memory|data_mem_ff[122][31]                       ;
; 3:1                ; 32 bits   ; 64 LEs        ; 0 LEs                ; 64 LEs                 ; Yes        ; |risc_v_mike_top|risc_v_mike_data_memory:i_risc_v_mike_data_memory|data_mem_ff[123][11]                       ;
; 3:1                ; 32 bits   ; 64 LEs        ; 0 LEs                ; 64 LEs                 ; Yes        ; |risc_v_mike_top|risc_v_mike_data_memory:i_risc_v_mike_data_memory|data_mem_ff[124][0]                        ;
; 3:1                ; 32 bits   ; 64 LEs        ; 0 LEs                ; 64 LEs                 ; Yes        ; |risc_v_mike_top|risc_v_mike_data_memory:i_risc_v_mike_data_memory|data_mem_ff[125][0]                        ;
; 3:1                ; 32 bits   ; 64 LEs        ; 0 LEs                ; 64 LEs                 ; Yes        ; |risc_v_mike_top|risc_v_mike_data_memory:i_risc_v_mike_data_memory|data_mem_ff[452][31]                       ;
; 3:1                ; 32 bits   ; 64 LEs        ; 0 LEs                ; 64 LEs                 ; Yes        ; |risc_v_mike_top|risc_v_mike_data_memory:i_risc_v_mike_data_memory|data_mem_ff[126][15]                       ;
; 3:1                ; 32 bits   ; 64 LEs        ; 0 LEs                ; 64 LEs                 ; Yes        ; |risc_v_mike_top|risc_v_mike_data_memory:i_risc_v_mike_data_memory|data_mem_ff[127][16]                       ;
; 3:1                ; 32 bits   ; 64 LEs        ; 0 LEs                ; 64 LEs                 ; Yes        ; |risc_v_mike_top|risc_v_mike_data_memory:i_risc_v_mike_data_memory|data_mem_ff[128][31]                       ;
; 3:1                ; 32 bits   ; 64 LEs        ; 0 LEs                ; 64 LEs                 ; Yes        ; |risc_v_mike_top|risc_v_mike_data_memory:i_risc_v_mike_data_memory|data_mem_ff[129][19]                       ;
; 3:1                ; 32 bits   ; 64 LEs        ; 0 LEs                ; 64 LEs                 ; Yes        ; |risc_v_mike_top|risc_v_mike_data_memory:i_risc_v_mike_data_memory|data_mem_ff[130][19]                       ;
; 3:1                ; 32 bits   ; 64 LEs        ; 0 LEs                ; 64 LEs                 ; Yes        ; |risc_v_mike_top|risc_v_mike_data_memory:i_risc_v_mike_data_memory|data_mem_ff[131][18]                       ;
; 3:1                ; 32 bits   ; 64 LEs        ; 0 LEs                ; 64 LEs                 ; Yes        ; |risc_v_mike_top|risc_v_mike_data_memory:i_risc_v_mike_data_memory|data_mem_ff[132][0]                        ;
; 3:1                ; 32 bits   ; 64 LEs        ; 0 LEs                ; 64 LEs                 ; Yes        ; |risc_v_mike_top|risc_v_mike_data_memory:i_risc_v_mike_data_memory|data_mem_ff[133][0]                        ;
; 3:1                ; 32 bits   ; 64 LEs        ; 0 LEs                ; 64 LEs                 ; Yes        ; |risc_v_mike_top|risc_v_mike_data_memory:i_risc_v_mike_data_memory|data_mem_ff[134][0]                        ;
; 3:1                ; 32 bits   ; 64 LEs        ; 0 LEs                ; 64 LEs                 ; Yes        ; |risc_v_mike_top|risc_v_mike_data_memory:i_risc_v_mike_data_memory|data_mem_ff[135][0]                        ;
; 3:1                ; 32 bits   ; 64 LEs        ; 0 LEs                ; 64 LEs                 ; Yes        ; |risc_v_mike_top|risc_v_mike_data_memory:i_risc_v_mike_data_memory|data_mem_ff[453][31]                       ;
; 3:1                ; 32 bits   ; 64 LEs        ; 0 LEs                ; 64 LEs                 ; Yes        ; |risc_v_mike_top|risc_v_mike_data_memory:i_risc_v_mike_data_memory|data_mem_ff[136][0]                        ;
; 3:1                ; 32 bits   ; 64 LEs        ; 0 LEs                ; 64 LEs                 ; Yes        ; |risc_v_mike_top|risc_v_mike_data_memory:i_risc_v_mike_data_memory|data_mem_ff[137][0]                        ;
; 3:1                ; 32 bits   ; 64 LEs        ; 0 LEs                ; 64 LEs                 ; Yes        ; |risc_v_mike_top|risc_v_mike_data_memory:i_risc_v_mike_data_memory|data_mem_ff[138][0]                        ;
; 3:1                ; 32 bits   ; 64 LEs        ; 0 LEs                ; 64 LEs                 ; Yes        ; |risc_v_mike_top|risc_v_mike_data_memory:i_risc_v_mike_data_memory|data_mem_ff[139][5]                        ;
; 3:1                ; 32 bits   ; 64 LEs        ; 0 LEs                ; 64 LEs                 ; Yes        ; |risc_v_mike_top|risc_v_mike_data_memory:i_risc_v_mike_data_memory|data_mem_ff[140][25]                       ;
; 3:1                ; 32 bits   ; 64 LEs        ; 0 LEs                ; 64 LEs                 ; Yes        ; |risc_v_mike_top|risc_v_mike_data_memory:i_risc_v_mike_data_memory|data_mem_ff[141][14]                       ;
; 3:1                ; 32 bits   ; 64 LEs        ; 0 LEs                ; 64 LEs                 ; Yes        ; |risc_v_mike_top|risc_v_mike_data_memory:i_risc_v_mike_data_memory|data_mem_ff[142][21]                       ;
; 3:1                ; 32 bits   ; 64 LEs        ; 0 LEs                ; 64 LEs                 ; Yes        ; |risc_v_mike_top|risc_v_mike_data_memory:i_risc_v_mike_data_memory|data_mem_ff[143][3]                        ;
; 3:1                ; 32 bits   ; 64 LEs        ; 0 LEs                ; 64 LEs                 ; Yes        ; |risc_v_mike_top|risc_v_mike_data_memory:i_risc_v_mike_data_memory|data_mem_ff[144][31]                       ;
; 3:1                ; 32 bits   ; 64 LEs        ; 0 LEs                ; 64 LEs                 ; Yes        ; |risc_v_mike_top|risc_v_mike_data_memory:i_risc_v_mike_data_memory|data_mem_ff[454][15]                       ;
; 3:1                ; 32 bits   ; 64 LEs        ; 0 LEs                ; 64 LEs                 ; Yes        ; |risc_v_mike_top|risc_v_mike_data_memory:i_risc_v_mike_data_memory|data_mem_ff[145][6]                        ;
; 3:1                ; 32 bits   ; 64 LEs        ; 0 LEs                ; 64 LEs                 ; Yes        ; |risc_v_mike_top|risc_v_mike_data_memory:i_risc_v_mike_data_memory|data_mem_ff[146][17]                       ;
; 3:1                ; 32 bits   ; 64 LEs        ; 0 LEs                ; 64 LEs                 ; Yes        ; |risc_v_mike_top|risc_v_mike_data_memory:i_risc_v_mike_data_memory|data_mem_ff[147][12]                       ;
; 3:1                ; 32 bits   ; 64 LEs        ; 0 LEs                ; 64 LEs                 ; Yes        ; |risc_v_mike_top|risc_v_mike_data_memory:i_risc_v_mike_data_memory|data_mem_ff[148][16]                       ;
; 3:1                ; 32 bits   ; 64 LEs        ; 0 LEs                ; 64 LEs                 ; Yes        ; |risc_v_mike_top|risc_v_mike_data_memory:i_risc_v_mike_data_memory|data_mem_ff[149][31]                       ;
; 3:1                ; 32 bits   ; 64 LEs        ; 0 LEs                ; 64 LEs                 ; Yes        ; |risc_v_mike_top|risc_v_mike_data_memory:i_risc_v_mike_data_memory|data_mem_ff[150][18]                       ;
; 3:1                ; 32 bits   ; 64 LEs        ; 0 LEs                ; 64 LEs                 ; Yes        ; |risc_v_mike_top|risc_v_mike_data_memory:i_risc_v_mike_data_memory|data_mem_ff[151][26]                       ;
; 3:1                ; 32 bits   ; 64 LEs        ; 0 LEs                ; 64 LEs                 ; Yes        ; |risc_v_mike_top|risc_v_mike_data_memory:i_risc_v_mike_data_memory|data_mem_ff[152][10]                       ;
; 3:1                ; 32 bits   ; 64 LEs        ; 0 LEs                ; 64 LEs                 ; Yes        ; |risc_v_mike_top|risc_v_mike_data_memory:i_risc_v_mike_data_memory|data_mem_ff[455][14]                       ;
; 3:1                ; 32 bits   ; 64 LEs        ; 0 LEs                ; 64 LEs                 ; Yes        ; |risc_v_mike_top|risc_v_mike_data_memory:i_risc_v_mike_data_memory|data_mem_ff[153][16]                       ;
; 3:1                ; 32 bits   ; 64 LEs        ; 0 LEs                ; 64 LEs                 ; Yes        ; |risc_v_mike_top|risc_v_mike_data_memory:i_risc_v_mike_data_memory|data_mem_ff[154][11]                       ;
; 3:1                ; 32 bits   ; 64 LEs        ; 0 LEs                ; 64 LEs                 ; Yes        ; |risc_v_mike_top|risc_v_mike_data_memory:i_risc_v_mike_data_memory|data_mem_ff[155][25]                       ;
; 3:1                ; 32 bits   ; 64 LEs        ; 0 LEs                ; 64 LEs                 ; Yes        ; |risc_v_mike_top|risc_v_mike_data_memory:i_risc_v_mike_data_memory|data_mem_ff[156][28]                       ;
; 3:1                ; 32 bits   ; 64 LEs        ; 0 LEs                ; 64 LEs                 ; Yes        ; |risc_v_mike_top|risc_v_mike_data_memory:i_risc_v_mike_data_memory|data_mem_ff[157][5]                        ;
; 3:1                ; 32 bits   ; 64 LEs        ; 0 LEs                ; 64 LEs                 ; Yes        ; |risc_v_mike_top|risc_v_mike_data_memory:i_risc_v_mike_data_memory|data_mem_ff[158][22]                       ;
; 3:1                ; 32 bits   ; 64 LEs        ; 0 LEs                ; 64 LEs                 ; Yes        ; |risc_v_mike_top|risc_v_mike_data_memory:i_risc_v_mike_data_memory|data_mem_ff[159][5]                        ;
; 3:1                ; 32 bits   ; 64 LEs        ; 0 LEs                ; 64 LEs                 ; Yes        ; |risc_v_mike_top|risc_v_mike_data_memory:i_risc_v_mike_data_memory|data_mem_ff[160][2]                        ;
; 3:1                ; 32 bits   ; 64 LEs        ; 0 LEs                ; 64 LEs                 ; Yes        ; |risc_v_mike_top|risc_v_mike_data_memory:i_risc_v_mike_data_memory|data_mem_ff[456][15]                       ;
; 3:1                ; 32 bits   ; 64 LEs        ; 0 LEs                ; 64 LEs                 ; Yes        ; |risc_v_mike_top|risc_v_mike_data_memory:i_risc_v_mike_data_memory|data_mem_ff[161][20]                       ;
; 3:1                ; 32 bits   ; 64 LEs        ; 0 LEs                ; 64 LEs                 ; Yes        ; |risc_v_mike_top|risc_v_mike_data_memory:i_risc_v_mike_data_memory|data_mem_ff[162][30]                       ;
; 3:1                ; 32 bits   ; 64 LEs        ; 0 LEs                ; 64 LEs                 ; Yes        ; |risc_v_mike_top|risc_v_mike_data_memory:i_risc_v_mike_data_memory|data_mem_ff[163][3]                        ;
; 3:1                ; 32 bits   ; 64 LEs        ; 0 LEs                ; 64 LEs                 ; Yes        ; |risc_v_mike_top|risc_v_mike_data_memory:i_risc_v_mike_data_memory|data_mem_ff[164][19]                       ;
; 3:1                ; 32 bits   ; 64 LEs        ; 0 LEs                ; 64 LEs                 ; Yes        ; |risc_v_mike_top|risc_v_mike_data_memory:i_risc_v_mike_data_memory|data_mem_ff[165][16]                       ;
; 3:1                ; 32 bits   ; 64 LEs        ; 0 LEs                ; 64 LEs                 ; Yes        ; |risc_v_mike_top|risc_v_mike_data_memory:i_risc_v_mike_data_memory|data_mem_ff[166][21]                       ;
; 3:1                ; 32 bits   ; 64 LEs        ; 0 LEs                ; 64 LEs                 ; Yes        ; |risc_v_mike_top|risc_v_mike_data_memory:i_risc_v_mike_data_memory|data_mem_ff[167][1]                        ;
; 3:1                ; 32 bits   ; 64 LEs        ; 0 LEs                ; 64 LEs                 ; Yes        ; |risc_v_mike_top|risc_v_mike_data_memory:i_risc_v_mike_data_memory|data_mem_ff[168][31]                       ;
; 3:1                ; 32 bits   ; 64 LEs        ; 0 LEs                ; 64 LEs                 ; Yes        ; |risc_v_mike_top|risc_v_mike_data_memory:i_risc_v_mike_data_memory|data_mem_ff[457][26]                       ;
; 3:1                ; 32 bits   ; 64 LEs        ; 0 LEs                ; 64 LEs                 ; Yes        ; |risc_v_mike_top|risc_v_mike_data_memory:i_risc_v_mike_data_memory|data_mem_ff[169][31]                       ;
; 3:1                ; 32 bits   ; 64 LEs        ; 0 LEs                ; 64 LEs                 ; Yes        ; |risc_v_mike_top|risc_v_mike_data_memory:i_risc_v_mike_data_memory|data_mem_ff[170][31]                       ;
; 3:1                ; 32 bits   ; 64 LEs        ; 0 LEs                ; 64 LEs                 ; Yes        ; |risc_v_mike_top|risc_v_mike_data_memory:i_risc_v_mike_data_memory|data_mem_ff[171][31]                       ;
; 3:1                ; 32 bits   ; 64 LEs        ; 0 LEs                ; 64 LEs                 ; Yes        ; |risc_v_mike_top|risc_v_mike_data_memory:i_risc_v_mike_data_memory|data_mem_ff[172][26]                       ;
; 3:1                ; 32 bits   ; 64 LEs        ; 0 LEs                ; 64 LEs                 ; Yes        ; |risc_v_mike_top|risc_v_mike_data_memory:i_risc_v_mike_data_memory|data_mem_ff[173][31]                       ;
; 3:1                ; 32 bits   ; 64 LEs        ; 0 LEs                ; 64 LEs                 ; Yes        ; |risc_v_mike_top|risc_v_mike_data_memory:i_risc_v_mike_data_memory|data_mem_ff[174][25]                       ;
; 3:1                ; 32 bits   ; 64 LEs        ; 0 LEs                ; 64 LEs                 ; Yes        ; |risc_v_mike_top|risc_v_mike_data_memory:i_risc_v_mike_data_memory|data_mem_ff[175][19]                       ;
; 3:1                ; 32 bits   ; 64 LEs        ; 0 LEs                ; 64 LEs                 ; Yes        ; |risc_v_mike_top|risc_v_mike_data_memory:i_risc_v_mike_data_memory|data_mem_ff[458][13]                       ;
; 3:1                ; 32 bits   ; 64 LEs        ; 0 LEs                ; 64 LEs                 ; Yes        ; |risc_v_mike_top|risc_v_mike_data_memory:i_risc_v_mike_data_memory|data_mem_ff[176][6]                        ;
; 3:1                ; 32 bits   ; 64 LEs        ; 0 LEs                ; 64 LEs                 ; Yes        ; |risc_v_mike_top|risc_v_mike_data_memory:i_risc_v_mike_data_memory|data_mem_ff[177][23]                       ;
; 3:1                ; 32 bits   ; 64 LEs        ; 0 LEs                ; 64 LEs                 ; Yes        ; |risc_v_mike_top|risc_v_mike_data_memory:i_risc_v_mike_data_memory|data_mem_ff[178][14]                       ;
; 3:1                ; 32 bits   ; 64 LEs        ; 0 LEs                ; 64 LEs                 ; Yes        ; |risc_v_mike_top|risc_v_mike_data_memory:i_risc_v_mike_data_memory|data_mem_ff[179][13]                       ;
; 3:1                ; 32 bits   ; 64 LEs        ; 0 LEs                ; 64 LEs                 ; Yes        ; |risc_v_mike_top|risc_v_mike_data_memory:i_risc_v_mike_data_memory|data_mem_ff[180][19]                       ;
; 3:1                ; 32 bits   ; 64 LEs        ; 0 LEs                ; 64 LEs                 ; Yes        ; |risc_v_mike_top|risc_v_mike_data_memory:i_risc_v_mike_data_memory|data_mem_ff[181][27]                       ;
; 3:1                ; 32 bits   ; 64 LEs        ; 0 LEs                ; 64 LEs                 ; Yes        ; |risc_v_mike_top|risc_v_mike_data_memory:i_risc_v_mike_data_memory|data_mem_ff[459][12]                       ;
; 3:1                ; 32 bits   ; 64 LEs        ; 0 LEs                ; 64 LEs                 ; Yes        ; |risc_v_mike_top|risc_v_mike_data_memory:i_risc_v_mike_data_memory|data_mem_ff[182][2]                        ;
; 3:1                ; 32 bits   ; 64 LEs        ; 0 LEs                ; 64 LEs                 ; Yes        ; |risc_v_mike_top|risc_v_mike_data_memory:i_risc_v_mike_data_memory|data_mem_ff[183][16]                       ;
; 3:1                ; 32 bits   ; 64 LEs        ; 0 LEs                ; 64 LEs                 ; Yes        ; |risc_v_mike_top|risc_v_mike_data_memory:i_risc_v_mike_data_memory|data_mem_ff[184][22]                       ;
; 3:1                ; 32 bits   ; 64 LEs        ; 0 LEs                ; 64 LEs                 ; Yes        ; |risc_v_mike_top|risc_v_mike_data_memory:i_risc_v_mike_data_memory|data_mem_ff[185][17]                       ;
; 3:1                ; 32 bits   ; 64 LEs        ; 0 LEs                ; 64 LEs                 ; Yes        ; |risc_v_mike_top|risc_v_mike_data_memory:i_risc_v_mike_data_memory|data_mem_ff[186][24]                       ;
; 3:1                ; 32 bits   ; 64 LEs        ; 0 LEs                ; 64 LEs                 ; Yes        ; |risc_v_mike_top|risc_v_mike_data_memory:i_risc_v_mike_data_memory|data_mem_ff[187][15]                       ;
; 3:1                ; 32 bits   ; 64 LEs        ; 0 LEs                ; 64 LEs                 ; Yes        ; |risc_v_mike_top|risc_v_mike_data_memory:i_risc_v_mike_data_memory|data_mem_ff[460][31]                       ;
; 3:1                ; 32 bits   ; 64 LEs        ; 0 LEs                ; 64 LEs                 ; Yes        ; |risc_v_mike_top|risc_v_mike_data_memory:i_risc_v_mike_data_memory|data_mem_ff[188][0]                        ;
; 3:1                ; 32 bits   ; 64 LEs        ; 0 LEs                ; 64 LEs                 ; Yes        ; |risc_v_mike_top|risc_v_mike_data_memory:i_risc_v_mike_data_memory|data_mem_ff[189][0]                        ;
; 3:1                ; 32 bits   ; 64 LEs        ; 0 LEs                ; 64 LEs                 ; Yes        ; |risc_v_mike_top|risc_v_mike_data_memory:i_risc_v_mike_data_memory|data_mem_ff[190][17]                       ;
; 3:1                ; 32 bits   ; 64 LEs        ; 0 LEs                ; 64 LEs                 ; Yes        ; |risc_v_mike_top|risc_v_mike_data_memory:i_risc_v_mike_data_memory|data_mem_ff[191][26]                       ;
; 3:1                ; 32 bits   ; 64 LEs        ; 0 LEs                ; 64 LEs                 ; Yes        ; |risc_v_mike_top|risc_v_mike_data_memory:i_risc_v_mike_data_memory|data_mem_ff[192][20]                       ;
; 3:1                ; 32 bits   ; 64 LEs        ; 0 LEs                ; 64 LEs                 ; Yes        ; |risc_v_mike_top|risc_v_mike_data_memory:i_risc_v_mike_data_memory|data_mem_ff[193][30]                       ;
; 3:1                ; 32 bits   ; 64 LEs        ; 0 LEs                ; 64 LEs                 ; Yes        ; |risc_v_mike_top|risc_v_mike_data_memory:i_risc_v_mike_data_memory|data_mem_ff[194][0]                        ;
; 3:1                ; 32 bits   ; 64 LEs        ; 0 LEs                ; 64 LEs                 ; Yes        ; |risc_v_mike_top|risc_v_mike_data_memory:i_risc_v_mike_data_memory|data_mem_ff[195][31]                       ;
; 3:1                ; 32 bits   ; 64 LEs        ; 0 LEs                ; 64 LEs                 ; Yes        ; |risc_v_mike_top|risc_v_mike_data_memory:i_risc_v_mike_data_memory|data_mem_ff[461][6]                        ;
; 3:1                ; 32 bits   ; 64 LEs        ; 0 LEs                ; 64 LEs                 ; Yes        ; |risc_v_mike_top|risc_v_mike_data_memory:i_risc_v_mike_data_memory|data_mem_ff[196][16]                       ;
; 3:1                ; 32 bits   ; 64 LEs        ; 0 LEs                ; 64 LEs                 ; Yes        ; |risc_v_mike_top|risc_v_mike_data_memory:i_risc_v_mike_data_memory|data_mem_ff[197][26]                       ;
; 3:1                ; 32 bits   ; 64 LEs        ; 0 LEs                ; 64 LEs                 ; Yes        ; |risc_v_mike_top|risc_v_mike_data_memory:i_risc_v_mike_data_memory|data_mem_ff[198][30]                       ;
; 3:1                ; 32 bits   ; 64 LEs        ; 0 LEs                ; 64 LEs                 ; Yes        ; |risc_v_mike_top|risc_v_mike_data_memory:i_risc_v_mike_data_memory|data_mem_ff[199][12]                       ;
; 3:1                ; 32 bits   ; 64 LEs        ; 0 LEs                ; 64 LEs                 ; Yes        ; |risc_v_mike_top|risc_v_mike_data_memory:i_risc_v_mike_data_memory|data_mem_ff[200][7]                        ;
; 3:1                ; 32 bits   ; 64 LEs        ; 0 LEs                ; 64 LEs                 ; Yes        ; |risc_v_mike_top|risc_v_mike_data_memory:i_risc_v_mike_data_memory|data_mem_ff[201][29]                       ;
; 3:1                ; 32 bits   ; 64 LEs        ; 0 LEs                ; 64 LEs                 ; Yes        ; |risc_v_mike_top|risc_v_mike_data_memory:i_risc_v_mike_data_memory|data_mem_ff[202][3]                        ;
; 3:1                ; 32 bits   ; 64 LEs        ; 0 LEs                ; 64 LEs                 ; Yes        ; |risc_v_mike_top|risc_v_mike_data_memory:i_risc_v_mike_data_memory|data_mem_ff[462][29]                       ;
; 3:1                ; 32 bits   ; 64 LEs        ; 0 LEs                ; 64 LEs                 ; Yes        ; |risc_v_mike_top|risc_v_mike_data_memory:i_risc_v_mike_data_memory|data_mem_ff[203][18]                       ;
; 3:1                ; 32 bits   ; 64 LEs        ; 0 LEs                ; 64 LEs                 ; Yes        ; |risc_v_mike_top|risc_v_mike_data_memory:i_risc_v_mike_data_memory|data_mem_ff[204][30]                       ;
; 3:1                ; 32 bits   ; 64 LEs        ; 0 LEs                ; 64 LEs                 ; Yes        ; |risc_v_mike_top|risc_v_mike_data_memory:i_risc_v_mike_data_memory|data_mem_ff[205][10]                       ;
; 3:1                ; 32 bits   ; 64 LEs        ; 0 LEs                ; 64 LEs                 ; Yes        ; |risc_v_mike_top|risc_v_mike_data_memory:i_risc_v_mike_data_memory|data_mem_ff[206][8]                        ;
; 3:1                ; 32 bits   ; 64 LEs        ; 0 LEs                ; 64 LEs                 ; Yes        ; |risc_v_mike_top|risc_v_mike_data_memory:i_risc_v_mike_data_memory|data_mem_ff[207][30]                       ;
; 3:1                ; 32 bits   ; 64 LEs        ; 0 LEs                ; 64 LEs                 ; Yes        ; |risc_v_mike_top|risc_v_mike_data_memory:i_risc_v_mike_data_memory|data_mem_ff[208][29]                       ;
; 3:1                ; 32 bits   ; 64 LEs        ; 0 LEs                ; 64 LEs                 ; Yes        ; |risc_v_mike_top|risc_v_mike_data_memory:i_risc_v_mike_data_memory|data_mem_ff[209][6]                        ;
; 3:1                ; 32 bits   ; 64 LEs        ; 0 LEs                ; 64 LEs                 ; Yes        ; |risc_v_mike_top|risc_v_mike_data_memory:i_risc_v_mike_data_memory|data_mem_ff[463][13]                       ;
; 3:1                ; 32 bits   ; 64 LEs        ; 0 LEs                ; 64 LEs                 ; Yes        ; |risc_v_mike_top|risc_v_mike_data_memory:i_risc_v_mike_data_memory|data_mem_ff[210][5]                        ;
; 3:1                ; 32 bits   ; 64 LEs        ; 0 LEs                ; 64 LEs                 ; Yes        ; |risc_v_mike_top|risc_v_mike_data_memory:i_risc_v_mike_data_memory|data_mem_ff[211][9]                        ;
; 3:1                ; 32 bits   ; 64 LEs        ; 0 LEs                ; 64 LEs                 ; Yes        ; |risc_v_mike_top|risc_v_mike_data_memory:i_risc_v_mike_data_memory|data_mem_ff[212][25]                       ;
; 3:1                ; 32 bits   ; 64 LEs        ; 0 LEs                ; 64 LEs                 ; Yes        ; |risc_v_mike_top|risc_v_mike_data_memory:i_risc_v_mike_data_memory|data_mem_ff[213][31]                       ;
; 3:1                ; 32 bits   ; 64 LEs        ; 0 LEs                ; 64 LEs                 ; Yes        ; |risc_v_mike_top|risc_v_mike_data_memory:i_risc_v_mike_data_memory|data_mem_ff[214][7]                        ;
; 3:1                ; 32 bits   ; 64 LEs        ; 0 LEs                ; 64 LEs                 ; Yes        ; |risc_v_mike_top|risc_v_mike_data_memory:i_risc_v_mike_data_memory|data_mem_ff[215][25]                       ;
; 3:1                ; 32 bits   ; 64 LEs        ; 0 LEs                ; 64 LEs                 ; Yes        ; |risc_v_mike_top|risc_v_mike_data_memory:i_risc_v_mike_data_memory|data_mem_ff[216][25]                       ;
; 3:1                ; 32 bits   ; 64 LEs        ; 0 LEs                ; 64 LEs                 ; Yes        ; |risc_v_mike_top|risc_v_mike_data_memory:i_risc_v_mike_data_memory|data_mem_ff[464][29]                       ;
; 3:1                ; 32 bits   ; 64 LEs        ; 0 LEs                ; 64 LEs                 ; Yes        ; |risc_v_mike_top|risc_v_mike_data_memory:i_risc_v_mike_data_memory|data_mem_ff[217][17]                       ;
; 3:1                ; 32 bits   ; 64 LEs        ; 0 LEs                ; 64 LEs                 ; Yes        ; |risc_v_mike_top|risc_v_mike_data_memory:i_risc_v_mike_data_memory|data_mem_ff[218][15]                       ;
; 3:1                ; 32 bits   ; 64 LEs        ; 0 LEs                ; 64 LEs                 ; Yes        ; |risc_v_mike_top|risc_v_mike_data_memory:i_risc_v_mike_data_memory|data_mem_ff[219][21]                       ;
; 3:1                ; 32 bits   ; 64 LEs        ; 0 LEs                ; 64 LEs                 ; Yes        ; |risc_v_mike_top|risc_v_mike_data_memory:i_risc_v_mike_data_memory|data_mem_ff[220][12]                       ;
; 3:1                ; 32 bits   ; 64 LEs        ; 0 LEs                ; 64 LEs                 ; Yes        ; |risc_v_mike_top|risc_v_mike_data_memory:i_risc_v_mike_data_memory|data_mem_ff[221][7]                        ;
; 3:1                ; 32 bits   ; 64 LEs        ; 0 LEs                ; 64 LEs                 ; Yes        ; |risc_v_mike_top|risc_v_mike_data_memory:i_risc_v_mike_data_memory|data_mem_ff[465][29]                       ;
; 3:1                ; 32 bits   ; 64 LEs        ; 0 LEs                ; 64 LEs                 ; Yes        ; |risc_v_mike_top|risc_v_mike_data_memory:i_risc_v_mike_data_memory|data_mem_ff[222][15]                       ;
; 3:1                ; 32 bits   ; 64 LEs        ; 0 LEs                ; 64 LEs                 ; Yes        ; |risc_v_mike_top|risc_v_mike_data_memory:i_risc_v_mike_data_memory|data_mem_ff[223][6]                        ;
; 3:1                ; 32 bits   ; 64 LEs        ; 0 LEs                ; 64 LEs                 ; Yes        ; |risc_v_mike_top|risc_v_mike_data_memory:i_risc_v_mike_data_memory|data_mem_ff[224][0]                        ;
; 3:1                ; 32 bits   ; 64 LEs        ; 0 LEs                ; 64 LEs                 ; Yes        ; |risc_v_mike_top|risc_v_mike_data_memory:i_risc_v_mike_data_memory|data_mem_ff[225][15]                       ;
; 3:1                ; 32 bits   ; 64 LEs        ; 0 LEs                ; 64 LEs                 ; Yes        ; |risc_v_mike_top|risc_v_mike_data_memory:i_risc_v_mike_data_memory|data_mem_ff[226][30]                       ;
; 3:1                ; 32 bits   ; 64 LEs        ; 0 LEs                ; 64 LEs                 ; Yes        ; |risc_v_mike_top|risc_v_mike_data_memory:i_risc_v_mike_data_memory|data_mem_ff[227][15]                       ;
; 3:1                ; 32 bits   ; 64 LEs        ; 0 LEs                ; 64 LEs                 ; Yes        ; |risc_v_mike_top|risc_v_mike_data_memory:i_risc_v_mike_data_memory|data_mem_ff[228][3]                        ;
; 3:1                ; 32 bits   ; 64 LEs        ; 0 LEs                ; 64 LEs                 ; Yes        ; |risc_v_mike_top|risc_v_mike_data_memory:i_risc_v_mike_data_memory|data_mem_ff[466][31]                       ;
; 3:1                ; 32 bits   ; 64 LEs        ; 0 LEs                ; 64 LEs                 ; Yes        ; |risc_v_mike_top|risc_v_mike_data_memory:i_risc_v_mike_data_memory|data_mem_ff[229][16]                       ;
; 3:1                ; 32 bits   ; 64 LEs        ; 0 LEs                ; 64 LEs                 ; Yes        ; |risc_v_mike_top|risc_v_mike_data_memory:i_risc_v_mike_data_memory|data_mem_ff[230][15]                       ;
; 3:1                ; 32 bits   ; 64 LEs        ; 0 LEs                ; 64 LEs                 ; Yes        ; |risc_v_mike_top|risc_v_mike_data_memory:i_risc_v_mike_data_memory|data_mem_ff[231][26]                       ;
; 3:1                ; 32 bits   ; 64 LEs        ; 0 LEs                ; 64 LEs                 ; Yes        ; |risc_v_mike_top|risc_v_mike_data_memory:i_risc_v_mike_data_memory|data_mem_ff[232][16]                       ;
; 3:1                ; 32 bits   ; 64 LEs        ; 0 LEs                ; 64 LEs                 ; Yes        ; |risc_v_mike_top|risc_v_mike_data_memory:i_risc_v_mike_data_memory|data_mem_ff[233][22]                       ;
; 3:1                ; 32 bits   ; 64 LEs        ; 0 LEs                ; 64 LEs                 ; Yes        ; |risc_v_mike_top|risc_v_mike_data_memory:i_risc_v_mike_data_memory|data_mem_ff[234][2]                        ;
; 3:1                ; 32 bits   ; 64 LEs        ; 0 LEs                ; 64 LEs                 ; Yes        ; |risc_v_mike_top|risc_v_mike_data_memory:i_risc_v_mike_data_memory|data_mem_ff[467][0]                        ;
; 3:1                ; 32 bits   ; 64 LEs        ; 0 LEs                ; 64 LEs                 ; Yes        ; |risc_v_mike_top|risc_v_mike_data_memory:i_risc_v_mike_data_memory|data_mem_ff[235][16]                       ;
; 3:1                ; 32 bits   ; 64 LEs        ; 0 LEs                ; 64 LEs                 ; Yes        ; |risc_v_mike_top|risc_v_mike_data_memory:i_risc_v_mike_data_memory|data_mem_ff[236][18]                       ;
; 3:1                ; 32 bits   ; 64 LEs        ; 0 LEs                ; 64 LEs                 ; Yes        ; |risc_v_mike_top|risc_v_mike_data_memory:i_risc_v_mike_data_memory|data_mem_ff[237][30]                       ;
; 3:1                ; 32 bits   ; 64 LEs        ; 0 LEs                ; 64 LEs                 ; Yes        ; |risc_v_mike_top|risc_v_mike_data_memory:i_risc_v_mike_data_memory|data_mem_ff[238][4]                        ;
; 3:1                ; 32 bits   ; 64 LEs        ; 0 LEs                ; 64 LEs                 ; Yes        ; |risc_v_mike_top|risc_v_mike_data_memory:i_risc_v_mike_data_memory|data_mem_ff[239][2]                        ;
; 3:1                ; 32 bits   ; 64 LEs        ; 0 LEs                ; 64 LEs                 ; Yes        ; |risc_v_mike_top|risc_v_mike_data_memory:i_risc_v_mike_data_memory|data_mem_ff[240][29]                       ;
; 3:1                ; 32 bits   ; 64 LEs        ; 0 LEs                ; 64 LEs                 ; Yes        ; |risc_v_mike_top|risc_v_mike_data_memory:i_risc_v_mike_data_memory|data_mem_ff[468][9]                        ;
; 3:1                ; 32 bits   ; 64 LEs        ; 0 LEs                ; 64 LEs                 ; Yes        ; |risc_v_mike_top|risc_v_mike_data_memory:i_risc_v_mike_data_memory|data_mem_ff[241][2]                        ;
; 3:1                ; 32 bits   ; 64 LEs        ; 0 LEs                ; 64 LEs                 ; Yes        ; |risc_v_mike_top|risc_v_mike_data_memory:i_risc_v_mike_data_memory|data_mem_ff[242][14]                       ;
; 3:1                ; 32 bits   ; 64 LEs        ; 0 LEs                ; 64 LEs                 ; Yes        ; |risc_v_mike_top|risc_v_mike_data_memory:i_risc_v_mike_data_memory|data_mem_ff[243][28]                       ;
; 3:1                ; 32 bits   ; 64 LEs        ; 0 LEs                ; 64 LEs                 ; Yes        ; |risc_v_mike_top|risc_v_mike_data_memory:i_risc_v_mike_data_memory|data_mem_ff[244][17]                       ;
; 3:1                ; 32 bits   ; 64 LEs        ; 0 LEs                ; 64 LEs                 ; Yes        ; |risc_v_mike_top|risc_v_mike_data_memory:i_risc_v_mike_data_memory|data_mem_ff[245][26]                       ;
; 3:1                ; 32 bits   ; 64 LEs        ; 0 LEs                ; 64 LEs                 ; Yes        ; |risc_v_mike_top|risc_v_mike_data_memory:i_risc_v_mike_data_memory|data_mem_ff[469][15]                       ;
; 3:1                ; 32 bits   ; 64 LEs        ; 0 LEs                ; 64 LEs                 ; Yes        ; |risc_v_mike_top|risc_v_mike_data_memory:i_risc_v_mike_data_memory|data_mem_ff[246][31]                       ;
; 3:1                ; 32 bits   ; 64 LEs        ; 0 LEs                ; 64 LEs                 ; Yes        ; |risc_v_mike_top|risc_v_mike_data_memory:i_risc_v_mike_data_memory|data_mem_ff[247][30]                       ;
; 3:1                ; 32 bits   ; 64 LEs        ; 0 LEs                ; 64 LEs                 ; Yes        ; |risc_v_mike_top|risc_v_mike_data_memory:i_risc_v_mike_data_memory|data_mem_ff[248][2]                        ;
; 3:1                ; 32 bits   ; 64 LEs        ; 0 LEs                ; 64 LEs                 ; Yes        ; |risc_v_mike_top|risc_v_mike_data_memory:i_risc_v_mike_data_memory|data_mem_ff[249][0]                        ;
; 3:1                ; 32 bits   ; 64 LEs        ; 0 LEs                ; 64 LEs                 ; Yes        ; |risc_v_mike_top|risc_v_mike_data_memory:i_risc_v_mike_data_memory|data_mem_ff[250][0]                        ;
; 3:1                ; 32 bits   ; 64 LEs        ; 0 LEs                ; 64 LEs                 ; Yes        ; |risc_v_mike_top|risc_v_mike_data_memory:i_risc_v_mike_data_memory|data_mem_ff[470][18]                       ;
; 3:1                ; 32 bits   ; 64 LEs        ; 0 LEs                ; 64 LEs                 ; Yes        ; |risc_v_mike_top|risc_v_mike_data_memory:i_risc_v_mike_data_memory|data_mem_ff[251][18]                       ;
; 3:1                ; 32 bits   ; 64 LEs        ; 0 LEs                ; 64 LEs                 ; Yes        ; |risc_v_mike_top|risc_v_mike_data_memory:i_risc_v_mike_data_memory|data_mem_ff[252][30]                       ;
; 3:1                ; 32 bits   ; 64 LEs        ; 0 LEs                ; 64 LEs                 ; Yes        ; |risc_v_mike_top|risc_v_mike_data_memory:i_risc_v_mike_data_memory|data_mem_ff[253][17]                       ;
; 3:1                ; 32 bits   ; 64 LEs        ; 0 LEs                ; 64 LEs                 ; Yes        ; |risc_v_mike_top|risc_v_mike_data_memory:i_risc_v_mike_data_memory|data_mem_ff[254][23]                       ;
; 3:1                ; 32 bits   ; 64 LEs        ; 0 LEs                ; 64 LEs                 ; Yes        ; |risc_v_mike_top|risc_v_mike_data_memory:i_risc_v_mike_data_memory|data_mem_ff[255][25]                       ;
; 3:1                ; 32 bits   ; 64 LEs        ; 0 LEs                ; 64 LEs                 ; Yes        ; |risc_v_mike_top|risc_v_mike_data_memory:i_risc_v_mike_data_memory|data_mem_ff[256][0]                        ;
; 3:1                ; 32 bits   ; 64 LEs        ; 0 LEs                ; 64 LEs                 ; Yes        ; |risc_v_mike_top|risc_v_mike_data_memory:i_risc_v_mike_data_memory|data_mem_ff[257][10]                       ;
; 3:1                ; 32 bits   ; 64 LEs        ; 0 LEs                ; 64 LEs                 ; Yes        ; |risc_v_mike_top|risc_v_mike_data_memory:i_risc_v_mike_data_memory|data_mem_ff[471][24]                       ;
; 3:1                ; 32 bits   ; 64 LEs        ; 0 LEs                ; 64 LEs                 ; Yes        ; |risc_v_mike_top|risc_v_mike_data_memory:i_risc_v_mike_data_memory|data_mem_ff[258][0]                        ;
; 3:1                ; 32 bits   ; 64 LEs        ; 0 LEs                ; 64 LEs                 ; Yes        ; |risc_v_mike_top|risc_v_mike_data_memory:i_risc_v_mike_data_memory|data_mem_ff[259][24]                       ;
; 3:1                ; 32 bits   ; 64 LEs        ; 0 LEs                ; 64 LEs                 ; Yes        ; |risc_v_mike_top|risc_v_mike_data_memory:i_risc_v_mike_data_memory|data_mem_ff[260][24]                       ;
; 3:1                ; 32 bits   ; 64 LEs        ; 0 LEs                ; 64 LEs                 ; Yes        ; |risc_v_mike_top|risc_v_mike_data_memory:i_risc_v_mike_data_memory|data_mem_ff[261][19]                       ;
; 3:1                ; 32 bits   ; 64 LEs        ; 0 LEs                ; 64 LEs                 ; Yes        ; |risc_v_mike_top|risc_v_mike_data_memory:i_risc_v_mike_data_memory|data_mem_ff[262][13]                       ;
; 3:1                ; 32 bits   ; 64 LEs        ; 0 LEs                ; 64 LEs                 ; Yes        ; |risc_v_mike_top|risc_v_mike_data_memory:i_risc_v_mike_data_memory|data_mem_ff[263][2]                        ;
; 3:1                ; 32 bits   ; 64 LEs        ; 0 LEs                ; 64 LEs                 ; Yes        ; |risc_v_mike_top|risc_v_mike_data_memory:i_risc_v_mike_data_memory|data_mem_ff[264][24]                       ;
; 3:1                ; 32 bits   ; 64 LEs        ; 0 LEs                ; 64 LEs                 ; Yes        ; |risc_v_mike_top|risc_v_mike_data_memory:i_risc_v_mike_data_memory|data_mem_ff[265][13]                       ;
; 3:1                ; 32 bits   ; 64 LEs        ; 0 LEs                ; 64 LEs                 ; Yes        ; |risc_v_mike_top|risc_v_mike_data_memory:i_risc_v_mike_data_memory|data_mem_ff[266][16]                       ;
; 3:1                ; 32 bits   ; 64 LEs        ; 0 LEs                ; 64 LEs                 ; Yes        ; |risc_v_mike_top|risc_v_mike_data_memory:i_risc_v_mike_data_memory|data_mem_ff[267][5]                        ;
; 3:1                ; 32 bits   ; 64 LEs        ; 0 LEs                ; 64 LEs                 ; Yes        ; |risc_v_mike_top|risc_v_mike_data_memory:i_risc_v_mike_data_memory|data_mem_ff[472][1]                        ;
; 3:1                ; 32 bits   ; 64 LEs        ; 0 LEs                ; 64 LEs                 ; Yes        ; |risc_v_mike_top|risc_v_mike_data_memory:i_risc_v_mike_data_memory|data_mem_ff[268][14]                       ;
; 3:1                ; 32 bits   ; 64 LEs        ; 0 LEs                ; 64 LEs                 ; Yes        ; |risc_v_mike_top|risc_v_mike_data_memory:i_risc_v_mike_data_memory|data_mem_ff[269][16]                       ;
; 3:1                ; 32 bits   ; 64 LEs        ; 0 LEs                ; 64 LEs                 ; Yes        ; |risc_v_mike_top|risc_v_mike_data_memory:i_risc_v_mike_data_memory|data_mem_ff[270][2]                        ;
; 3:1                ; 32 bits   ; 64 LEs        ; 0 LEs                ; 64 LEs                 ; Yes        ; |risc_v_mike_top|risc_v_mike_data_memory:i_risc_v_mike_data_memory|data_mem_ff[271][19]                       ;
; 3:1                ; 32 bits   ; 64 LEs        ; 0 LEs                ; 64 LEs                 ; Yes        ; |risc_v_mike_top|risc_v_mike_data_memory:i_risc_v_mike_data_memory|data_mem_ff[272][15]                       ;
; 3:1                ; 32 bits   ; 64 LEs        ; 0 LEs                ; 64 LEs                 ; Yes        ; |risc_v_mike_top|risc_v_mike_data_memory:i_risc_v_mike_data_memory|data_mem_ff[273][7]                        ;
; 3:1                ; 32 bits   ; 64 LEs        ; 0 LEs                ; 64 LEs                 ; Yes        ; |risc_v_mike_top|risc_v_mike_data_memory:i_risc_v_mike_data_memory|data_mem_ff[274][3]                        ;
; 3:1                ; 32 bits   ; 64 LEs        ; 0 LEs                ; 64 LEs                 ; Yes        ; |risc_v_mike_top|risc_v_mike_data_memory:i_risc_v_mike_data_memory|data_mem_ff[275][30]                       ;
; 3:1                ; 32 bits   ; 64 LEs        ; 0 LEs                ; 64 LEs                 ; Yes        ; |risc_v_mike_top|risc_v_mike_data_memory:i_risc_v_mike_data_memory|data_mem_ff[276][0]                        ;
; 3:1                ; 32 bits   ; 64 LEs        ; 0 LEs                ; 64 LEs                 ; Yes        ; |risc_v_mike_top|risc_v_mike_data_memory:i_risc_v_mike_data_memory|data_mem_ff[473][5]                        ;
; 3:1                ; 32 bits   ; 64 LEs        ; 0 LEs                ; 64 LEs                 ; Yes        ; |risc_v_mike_top|risc_v_mike_data_memory:i_risc_v_mike_data_memory|data_mem_ff[277][30]                       ;
; 3:1                ; 32 bits   ; 64 LEs        ; 0 LEs                ; 64 LEs                 ; Yes        ; |risc_v_mike_top|risc_v_mike_data_memory:i_risc_v_mike_data_memory|data_mem_ff[278][16]                       ;
; 3:1                ; 32 bits   ; 64 LEs        ; 0 LEs                ; 64 LEs                 ; Yes        ; |risc_v_mike_top|risc_v_mike_data_memory:i_risc_v_mike_data_memory|data_mem_ff[279][25]                       ;
; 3:1                ; 32 bits   ; 64 LEs        ; 0 LEs                ; 64 LEs                 ; Yes        ; |risc_v_mike_top|risc_v_mike_data_memory:i_risc_v_mike_data_memory|data_mem_ff[280][24]                       ;
; 3:1                ; 32 bits   ; 64 LEs        ; 0 LEs                ; 64 LEs                 ; Yes        ; |risc_v_mike_top|risc_v_mike_data_memory:i_risc_v_mike_data_memory|data_mem_ff[281][23]                       ;
; 3:1                ; 32 bits   ; 64 LEs        ; 0 LEs                ; 64 LEs                 ; Yes        ; |risc_v_mike_top|risc_v_mike_data_memory:i_risc_v_mike_data_memory|data_mem_ff[282][5]                        ;
; 3:1                ; 32 bits   ; 64 LEs        ; 0 LEs                ; 64 LEs                 ; Yes        ; |risc_v_mike_top|risc_v_mike_data_memory:i_risc_v_mike_data_memory|data_mem_ff[283][27]                       ;
; 3:1                ; 32 bits   ; 64 LEs        ; 0 LEs                ; 64 LEs                 ; Yes        ; |risc_v_mike_top|risc_v_mike_data_memory:i_risc_v_mike_data_memory|data_mem_ff[474][26]                       ;
; 3:1                ; 32 bits   ; 64 LEs        ; 0 LEs                ; 64 LEs                 ; Yes        ; |risc_v_mike_top|risc_v_mike_data_memory:i_risc_v_mike_data_memory|data_mem_ff[284][19]                       ;
; 3:1                ; 32 bits   ; 64 LEs        ; 0 LEs                ; 64 LEs                 ; Yes        ; |risc_v_mike_top|risc_v_mike_data_memory:i_risc_v_mike_data_memory|data_mem_ff[285][18]                       ;
; 3:1                ; 32 bits   ; 64 LEs        ; 0 LEs                ; 64 LEs                 ; Yes        ; |risc_v_mike_top|risc_v_mike_data_memory:i_risc_v_mike_data_memory|data_mem_ff[286][17]                       ;
; 3:1                ; 32 bits   ; 64 LEs        ; 0 LEs                ; 64 LEs                 ; Yes        ; |risc_v_mike_top|risc_v_mike_data_memory:i_risc_v_mike_data_memory|data_mem_ff[287][16]                       ;
; 3:1                ; 32 bits   ; 64 LEs        ; 0 LEs                ; 64 LEs                 ; Yes        ; |risc_v_mike_top|risc_v_mike_data_memory:i_risc_v_mike_data_memory|data_mem_ff[288][0]                        ;
; 3:1                ; 32 bits   ; 64 LEs        ; 0 LEs                ; 64 LEs                 ; Yes        ; |risc_v_mike_top|risc_v_mike_data_memory:i_risc_v_mike_data_memory|data_mem_ff[289][27]                       ;
; 3:1                ; 32 bits   ; 64 LEs        ; 0 LEs                ; 64 LEs                 ; Yes        ; |risc_v_mike_top|risc_v_mike_data_memory:i_risc_v_mike_data_memory|data_mem_ff[290][18]                       ;
; 3:1                ; 32 bits   ; 64 LEs        ; 0 LEs                ; 64 LEs                 ; Yes        ; |risc_v_mike_top|risc_v_mike_data_memory:i_risc_v_mike_data_memory|data_mem_ff[291][1]                        ;
; 3:1                ; 32 bits   ; 64 LEs        ; 0 LEs                ; 64 LEs                 ; Yes        ; |risc_v_mike_top|risc_v_mike_data_memory:i_risc_v_mike_data_memory|data_mem_ff[475][25]                       ;
; 3:1                ; 32 bits   ; 64 LEs        ; 0 LEs                ; 64 LEs                 ; Yes        ; |risc_v_mike_top|risc_v_mike_data_memory:i_risc_v_mike_data_memory|data_mem_ff[292][16]                       ;
; 3:1                ; 32 bits   ; 64 LEs        ; 0 LEs                ; 64 LEs                 ; Yes        ; |risc_v_mike_top|risc_v_mike_data_memory:i_risc_v_mike_data_memory|data_mem_ff[293][27]                       ;
; 3:1                ; 32 bits   ; 64 LEs        ; 0 LEs                ; 64 LEs                 ; Yes        ; |risc_v_mike_top|risc_v_mike_data_memory:i_risc_v_mike_data_memory|data_mem_ff[294][4]                        ;
; 3:1                ; 32 bits   ; 64 LEs        ; 0 LEs                ; 64 LEs                 ; Yes        ; |risc_v_mike_top|risc_v_mike_data_memory:i_risc_v_mike_data_memory|data_mem_ff[295][8]                        ;
; 3:1                ; 32 bits   ; 64 LEs        ; 0 LEs                ; 64 LEs                 ; Yes        ; |risc_v_mike_top|risc_v_mike_data_memory:i_risc_v_mike_data_memory|data_mem_ff[296][31]                       ;
; 3:1                ; 32 bits   ; 64 LEs        ; 0 LEs                ; 64 LEs                 ; Yes        ; |risc_v_mike_top|risc_v_mike_data_memory:i_risc_v_mike_data_memory|data_mem_ff[297][11]                       ;
; 3:1                ; 32 bits   ; 64 LEs        ; 0 LEs                ; 64 LEs                 ; Yes        ; |risc_v_mike_top|risc_v_mike_data_memory:i_risc_v_mike_data_memory|data_mem_ff[298][31]                       ;
; 3:1                ; 32 bits   ; 64 LEs        ; 0 LEs                ; 64 LEs                 ; Yes        ; |risc_v_mike_top|risc_v_mike_data_memory:i_risc_v_mike_data_memory|data_mem_ff[299][27]                       ;
; 3:1                ; 32 bits   ; 64 LEs        ; 0 LEs                ; 64 LEs                 ; Yes        ; |risc_v_mike_top|risc_v_mike_data_memory:i_risc_v_mike_data_memory|data_mem_ff[476][16]                       ;
; 3:1                ; 32 bits   ; 64 LEs        ; 0 LEs                ; 64 LEs                 ; Yes        ; |risc_v_mike_top|risc_v_mike_data_memory:i_risc_v_mike_data_memory|data_mem_ff[300][6]                        ;
; 3:1                ; 32 bits   ; 64 LEs        ; 0 LEs                ; 64 LEs                 ; Yes        ; |risc_v_mike_top|risc_v_mike_data_memory:i_risc_v_mike_data_memory|data_mem_ff[301][15]                       ;
; 3:1                ; 32 bits   ; 64 LEs        ; 0 LEs                ; 64 LEs                 ; Yes        ; |risc_v_mike_top|risc_v_mike_data_memory:i_risc_v_mike_data_memory|data_mem_ff[302][22]                       ;
; 3:1                ; 32 bits   ; 64 LEs        ; 0 LEs                ; 64 LEs                 ; Yes        ; |risc_v_mike_top|risc_v_mike_data_memory:i_risc_v_mike_data_memory|data_mem_ff[303][17]                       ;
; 3:1                ; 32 bits   ; 64 LEs        ; 0 LEs                ; 64 LEs                 ; Yes        ; |risc_v_mike_top|risc_v_mike_data_memory:i_risc_v_mike_data_memory|data_mem_ff[304][10]                       ;
; 3:1                ; 32 bits   ; 64 LEs        ; 0 LEs                ; 64 LEs                 ; Yes        ; |risc_v_mike_top|risc_v_mike_data_memory:i_risc_v_mike_data_memory|data_mem_ff[305][31]                       ;
; 3:1                ; 32 bits   ; 64 LEs        ; 0 LEs                ; 64 LEs                 ; Yes        ; |risc_v_mike_top|risc_v_mike_data_memory:i_risc_v_mike_data_memory|data_mem_ff[306][21]                       ;
; 3:1                ; 32 bits   ; 64 LEs        ; 0 LEs                ; 64 LEs                 ; Yes        ; |risc_v_mike_top|risc_v_mike_data_memory:i_risc_v_mike_data_memory|data_mem_ff[477][17]                       ;
; 3:1                ; 32 bits   ; 64 LEs        ; 0 LEs                ; 64 LEs                 ; Yes        ; |risc_v_mike_top|risc_v_mike_data_memory:i_risc_v_mike_data_memory|data_mem_ff[307][23]                       ;
; 3:1                ; 32 bits   ; 64 LEs        ; 0 LEs                ; 64 LEs                 ; Yes        ; |risc_v_mike_top|risc_v_mike_data_memory:i_risc_v_mike_data_memory|data_mem_ff[308][17]                       ;
; 3:1                ; 32 bits   ; 64 LEs        ; 0 LEs                ; 64 LEs                 ; Yes        ; |risc_v_mike_top|risc_v_mike_data_memory:i_risc_v_mike_data_memory|data_mem_ff[309][8]                        ;
; 3:1                ; 32 bits   ; 64 LEs        ; 0 LEs                ; 64 LEs                 ; Yes        ; |risc_v_mike_top|risc_v_mike_data_memory:i_risc_v_mike_data_memory|data_mem_ff[310][10]                       ;
; 3:1                ; 32 bits   ; 64 LEs        ; 0 LEs                ; 64 LEs                 ; Yes        ; |risc_v_mike_top|risc_v_mike_data_memory:i_risc_v_mike_data_memory|data_mem_ff[311][24]                       ;
; 3:1                ; 32 bits   ; 64 LEs        ; 0 LEs                ; 64 LEs                 ; Yes        ; |risc_v_mike_top|risc_v_mike_data_memory:i_risc_v_mike_data_memory|data_mem_ff[312][31]                       ;
; 3:1                ; 32 bits   ; 64 LEs        ; 0 LEs                ; 64 LEs                 ; Yes        ; |risc_v_mike_top|risc_v_mike_data_memory:i_risc_v_mike_data_memory|data_mem_ff[478][4]                        ;
; 3:1                ; 32 bits   ; 64 LEs        ; 0 LEs                ; 64 LEs                 ; Yes        ; |risc_v_mike_top|risc_v_mike_data_memory:i_risc_v_mike_data_memory|data_mem_ff[313][16]                       ;
; 3:1                ; 32 bits   ; 64 LEs        ; 0 LEs                ; 64 LEs                 ; Yes        ; |risc_v_mike_top|risc_v_mike_data_memory:i_risc_v_mike_data_memory|data_mem_ff[314][29]                       ;
; 3:1                ; 32 bits   ; 64 LEs        ; 0 LEs                ; 64 LEs                 ; Yes        ; |risc_v_mike_top|risc_v_mike_data_memory:i_risc_v_mike_data_memory|data_mem_ff[315][23]                       ;
; 3:1                ; 32 bits   ; 64 LEs        ; 0 LEs                ; 64 LEs                 ; Yes        ; |risc_v_mike_top|risc_v_mike_data_memory:i_risc_v_mike_data_memory|data_mem_ff[316][3]                        ;
; 3:1                ; 32 bits   ; 64 LEs        ; 0 LEs                ; 64 LEs                 ; Yes        ; |risc_v_mike_top|risc_v_mike_data_memory:i_risc_v_mike_data_memory|data_mem_ff[317][11]                       ;
; 3:1                ; 32 bits   ; 64 LEs        ; 0 LEs                ; 64 LEs                 ; Yes        ; |risc_v_mike_top|risc_v_mike_data_memory:i_risc_v_mike_data_memory|data_mem_ff[479][9]                        ;
; 3:1                ; 32 bits   ; 64 LEs        ; 0 LEs                ; 64 LEs                 ; Yes        ; |risc_v_mike_top|risc_v_mike_data_memory:i_risc_v_mike_data_memory|data_mem_ff[318][29]                       ;
; 3:1                ; 32 bits   ; 64 LEs        ; 0 LEs                ; 64 LEs                 ; Yes        ; |risc_v_mike_top|risc_v_mike_data_memory:i_risc_v_mike_data_memory|data_mem_ff[319][18]                       ;
; 3:1                ; 32 bits   ; 64 LEs        ; 0 LEs                ; 64 LEs                 ; Yes        ; |risc_v_mike_top|risc_v_mike_data_memory:i_risc_v_mike_data_memory|data_mem_ff[320][17]                       ;
; 3:1                ; 32 bits   ; 64 LEs        ; 0 LEs                ; 64 LEs                 ; Yes        ; |risc_v_mike_top|risc_v_mike_data_memory:i_risc_v_mike_data_memory|data_mem_ff[321][26]                       ;
; 3:1                ; 32 bits   ; 64 LEs        ; 0 LEs                ; 64 LEs                 ; Yes        ; |risc_v_mike_top|risc_v_mike_data_memory:i_risc_v_mike_data_memory|data_mem_ff[322][25]                       ;
; 3:1                ; 32 bits   ; 64 LEs        ; 0 LEs                ; 64 LEs                 ; Yes        ; |risc_v_mike_top|risc_v_mike_data_memory:i_risc_v_mike_data_memory|data_mem_ff[323][20]                       ;
; 3:1                ; 32 bits   ; 64 LEs        ; 0 LEs                ; 64 LEs                 ; Yes        ; |risc_v_mike_top|risc_v_mike_data_memory:i_risc_v_mike_data_memory|data_mem_ff[324][8]                        ;
; 3:1                ; 32 bits   ; 64 LEs        ; 0 LEs                ; 64 LEs                 ; Yes        ; |risc_v_mike_top|risc_v_mike_data_memory:i_risc_v_mike_data_memory|data_mem_ff[325][0]                        ;
; 3:1                ; 32 bits   ; 64 LEs        ; 0 LEs                ; 64 LEs                 ; Yes        ; |risc_v_mike_top|risc_v_mike_data_memory:i_risc_v_mike_data_memory|data_mem_ff[326][13]                       ;
; 3:1                ; 32 bits   ; 64 LEs        ; 0 LEs                ; 64 LEs                 ; Yes        ; |risc_v_mike_top|risc_v_mike_data_memory:i_risc_v_mike_data_memory|data_mem_ff[480][31]                       ;
; 3:1                ; 32 bits   ; 64 LEs        ; 0 LEs                ; 64 LEs                 ; Yes        ; |risc_v_mike_top|risc_v_mike_data_memory:i_risc_v_mike_data_memory|data_mem_ff[327][17]                       ;
; 3:1                ; 32 bits   ; 64 LEs        ; 0 LEs                ; 64 LEs                 ; Yes        ; |risc_v_mike_top|risc_v_mike_data_memory:i_risc_v_mike_data_memory|data_mem_ff[328][2]                        ;
; 3:1                ; 32 bits   ; 64 LEs        ; 0 LEs                ; 64 LEs                 ; Yes        ; |risc_v_mike_top|risc_v_mike_data_memory:i_risc_v_mike_data_memory|data_mem_ff[329][7]                        ;
; 3:1                ; 32 bits   ; 64 LEs        ; 0 LEs                ; 64 LEs                 ; Yes        ; |risc_v_mike_top|risc_v_mike_data_memory:i_risc_v_mike_data_memory|data_mem_ff[330][0]                        ;
; 3:1                ; 32 bits   ; 64 LEs        ; 0 LEs                ; 64 LEs                 ; Yes        ; |risc_v_mike_top|risc_v_mike_data_memory:i_risc_v_mike_data_memory|data_mem_ff[331][9]                        ;
; 3:1                ; 32 bits   ; 64 LEs        ; 0 LEs                ; 64 LEs                 ; Yes        ; |risc_v_mike_top|risc_v_mike_data_memory:i_risc_v_mike_data_memory|data_mem_ff[332][0]                        ;
; 3:1                ; 32 bits   ; 64 LEs        ; 0 LEs                ; 64 LEs                 ; Yes        ; |risc_v_mike_top|risc_v_mike_data_memory:i_risc_v_mike_data_memory|data_mem_ff[333][4]                        ;
; 3:1                ; 32 bits   ; 64 LEs        ; 0 LEs                ; 64 LEs                 ; Yes        ; |risc_v_mike_top|risc_v_mike_data_memory:i_risc_v_mike_data_memory|data_mem_ff[481][11]                       ;
; 3:1                ; 32 bits   ; 64 LEs        ; 0 LEs                ; 64 LEs                 ; Yes        ; |risc_v_mike_top|risc_v_mike_data_memory:i_risc_v_mike_data_memory|data_mem_ff[334][25]                       ;
; 3:1                ; 32 bits   ; 64 LEs        ; 0 LEs                ; 64 LEs                 ; Yes        ; |risc_v_mike_top|risc_v_mike_data_memory:i_risc_v_mike_data_memory|data_mem_ff[335][25]                       ;
; 3:1                ; 32 bits   ; 64 LEs        ; 0 LEs                ; 64 LEs                 ; Yes        ; |risc_v_mike_top|risc_v_mike_data_memory:i_risc_v_mike_data_memory|data_mem_ff[336][23]                       ;
; 3:1                ; 32 bits   ; 64 LEs        ; 0 LEs                ; 64 LEs                 ; Yes        ; |risc_v_mike_top|risc_v_mike_data_memory:i_risc_v_mike_data_memory|data_mem_ff[337][31]                       ;
; 3:1                ; 32 bits   ; 64 LEs        ; 0 LEs                ; 64 LEs                 ; Yes        ; |risc_v_mike_top|risc_v_mike_data_memory:i_risc_v_mike_data_memory|data_mem_ff[338][31]                       ;
; 3:1                ; 32 bits   ; 64 LEs        ; 0 LEs                ; 64 LEs                 ; Yes        ; |risc_v_mike_top|risc_v_mike_data_memory:i_risc_v_mike_data_memory|data_mem_ff[339][30]                       ;
; 3:1                ; 32 bits   ; 64 LEs        ; 0 LEs                ; 64 LEs                 ; Yes        ; |risc_v_mike_top|risc_v_mike_data_memory:i_risc_v_mike_data_memory|data_mem_ff[340][29]                       ;
; 3:1                ; 32 bits   ; 64 LEs        ; 0 LEs                ; 64 LEs                 ; Yes        ; |risc_v_mike_top|risc_v_mike_data_memory:i_risc_v_mike_data_memory|data_mem_ff[482][27]                       ;
; 3:1                ; 32 bits   ; 64 LEs        ; 0 LEs                ; 64 LEs                 ; Yes        ; |risc_v_mike_top|risc_v_mike_data_memory:i_risc_v_mike_data_memory|data_mem_ff[341][31]                       ;
; 3:1                ; 32 bits   ; 64 LEs        ; 0 LEs                ; 64 LEs                 ; Yes        ; |risc_v_mike_top|risc_v_mike_data_memory:i_risc_v_mike_data_memory|data_mem_ff[342][30]                       ;
; 3:1                ; 32 bits   ; 64 LEs        ; 0 LEs                ; 64 LEs                 ; Yes        ; |risc_v_mike_top|risc_v_mike_data_memory:i_risc_v_mike_data_memory|data_mem_ff[343][5]                        ;
; 3:1                ; 32 bits   ; 64 LEs        ; 0 LEs                ; 64 LEs                 ; Yes        ; |risc_v_mike_top|risc_v_mike_data_memory:i_risc_v_mike_data_memory|data_mem_ff[344][17]                       ;
; 3:1                ; 32 bits   ; 64 LEs        ; 0 LEs                ; 64 LEs                 ; Yes        ; |risc_v_mike_top|risc_v_mike_data_memory:i_risc_v_mike_data_memory|data_mem_ff[345][22]                       ;
; 3:1                ; 32 bits   ; 64 LEs        ; 0 LEs                ; 64 LEs                 ; Yes        ; |risc_v_mike_top|risc_v_mike_data_memory:i_risc_v_mike_data_memory|data_mem_ff[346][22]                       ;
; 3:1                ; 32 bits   ; 64 LEs        ; 0 LEs                ; 64 LEs                 ; Yes        ; |risc_v_mike_top|risc_v_mike_data_memory:i_risc_v_mike_data_memory|data_mem_ff[483][28]                       ;
; 3:1                ; 32 bits   ; 64 LEs        ; 0 LEs                ; 64 LEs                 ; Yes        ; |risc_v_mike_top|risc_v_mike_data_memory:i_risc_v_mike_data_memory|data_mem_ff[347][31]                       ;
; 3:1                ; 32 bits   ; 64 LEs        ; 0 LEs                ; 64 LEs                 ; Yes        ; |risc_v_mike_top|risc_v_mike_data_memory:i_risc_v_mike_data_memory|data_mem_ff[348][30]                       ;
; 3:1                ; 32 bits   ; 64 LEs        ; 0 LEs                ; 64 LEs                 ; Yes        ; |risc_v_mike_top|risc_v_mike_data_memory:i_risc_v_mike_data_memory|data_mem_ff[349][29]                       ;
; 3:1                ; 32 bits   ; 64 LEs        ; 0 LEs                ; 64 LEs                 ; Yes        ; |risc_v_mike_top|risc_v_mike_data_memory:i_risc_v_mike_data_memory|data_mem_ff[350][28]                       ;
; 3:1                ; 32 bits   ; 64 LEs        ; 0 LEs                ; 64 LEs                 ; Yes        ; |risc_v_mike_top|risc_v_mike_data_memory:i_risc_v_mike_data_memory|data_mem_ff[351][2]                        ;
; 3:1                ; 32 bits   ; 64 LEs        ; 0 LEs                ; 64 LEs                 ; Yes        ; |risc_v_mike_top|risc_v_mike_data_memory:i_risc_v_mike_data_memory|data_mem_ff[352][25]                       ;
; 3:1                ; 32 bits   ; 64 LEs        ; 0 LEs                ; 64 LEs                 ; Yes        ; |risc_v_mike_top|risc_v_mike_data_memory:i_risc_v_mike_data_memory|data_mem_ff[484][15]                       ;
; 3:1                ; 32 bits   ; 64 LEs        ; 0 LEs                ; 64 LEs                 ; Yes        ; |risc_v_mike_top|risc_v_mike_data_memory:i_risc_v_mike_data_memory|data_mem_ff[353][16]                       ;
; 3:1                ; 32 bits   ; 64 LEs        ; 0 LEs                ; 64 LEs                 ; Yes        ; |risc_v_mike_top|risc_v_mike_data_memory:i_risc_v_mike_data_memory|data_mem_ff[354][31]                       ;
; 3:1                ; 32 bits   ; 64 LEs        ; 0 LEs                ; 64 LEs                 ; Yes        ; |risc_v_mike_top|risc_v_mike_data_memory:i_risc_v_mike_data_memory|data_mem_ff[355][31]                       ;
; 3:1                ; 32 bits   ; 64 LEs        ; 0 LEs                ; 64 LEs                 ; Yes        ; |risc_v_mike_top|risc_v_mike_data_memory:i_risc_v_mike_data_memory|data_mem_ff[356][30]                       ;
; 3:1                ; 32 bits   ; 64 LEs        ; 0 LEs                ; 64 LEs                 ; Yes        ; |risc_v_mike_top|risc_v_mike_data_memory:i_risc_v_mike_data_memory|data_mem_ff[357][29]                       ;
; 3:1                ; 32 bits   ; 64 LEs        ; 0 LEs                ; 64 LEs                 ; Yes        ; |risc_v_mike_top|risc_v_mike_data_memory:i_risc_v_mike_data_memory|data_mem_ff[358][29]                       ;
; 3:1                ; 32 bits   ; 64 LEs        ; 0 LEs                ; 64 LEs                 ; Yes        ; |risc_v_mike_top|risc_v_mike_data_memory:i_risc_v_mike_data_memory|data_mem_ff[359][21]                       ;
; 3:1                ; 32 bits   ; 64 LEs        ; 0 LEs                ; 64 LEs                 ; Yes        ; |risc_v_mike_top|risc_v_mike_data_memory:i_risc_v_mike_data_memory|data_mem_ff[485][31]                       ;
; 3:1                ; 32 bits   ; 64 LEs        ; 0 LEs                ; 64 LEs                 ; Yes        ; |risc_v_mike_top|risc_v_mike_data_memory:i_risc_v_mike_data_memory|data_mem_ff[360][13]                       ;
; 3:1                ; 32 bits   ; 64 LEs        ; 0 LEs                ; 64 LEs                 ; Yes        ; |risc_v_mike_top|risc_v_mike_data_memory:i_risc_v_mike_data_memory|data_mem_ff[361][25]                       ;
; 3:1                ; 32 bits   ; 64 LEs        ; 0 LEs                ; 64 LEs                 ; Yes        ; |risc_v_mike_top|risc_v_mike_data_memory:i_risc_v_mike_data_memory|data_mem_ff[362][29]                       ;
; 3:1                ; 32 bits   ; 64 LEs        ; 0 LEs                ; 64 LEs                 ; Yes        ; |risc_v_mike_top|risc_v_mike_data_memory:i_risc_v_mike_data_memory|data_mem_ff[363][8]                        ;
; 3:1                ; 32 bits   ; 64 LEs        ; 0 LEs                ; 64 LEs                 ; Yes        ; |risc_v_mike_top|risc_v_mike_data_memory:i_risc_v_mike_data_memory|data_mem_ff[364][24]                       ;
; 3:1                ; 32 bits   ; 64 LEs        ; 0 LEs                ; 64 LEs                 ; Yes        ; |risc_v_mike_top|risc_v_mike_data_memory:i_risc_v_mike_data_memory|data_mem_ff[486][9]                        ;
; 3:1                ; 32 bits   ; 64 LEs        ; 0 LEs                ; 64 LEs                 ; Yes        ; |risc_v_mike_top|risc_v_mike_data_memory:i_risc_v_mike_data_memory|data_mem_ff[365][4]                        ;
; 3:1                ; 32 bits   ; 64 LEs        ; 0 LEs                ; 64 LEs                 ; Yes        ; |risc_v_mike_top|risc_v_mike_data_memory:i_risc_v_mike_data_memory|data_mem_ff[366][23]                       ;
; 3:1                ; 32 bits   ; 64 LEs        ; 0 LEs                ; 64 LEs                 ; Yes        ; |risc_v_mike_top|risc_v_mike_data_memory:i_risc_v_mike_data_memory|data_mem_ff[367][31]                       ;
; 3:1                ; 32 bits   ; 64 LEs        ; 0 LEs                ; 64 LEs                 ; Yes        ; |risc_v_mike_top|risc_v_mike_data_memory:i_risc_v_mike_data_memory|data_mem_ff[368][14]                       ;
; 3:1                ; 32 bits   ; 64 LEs        ; 0 LEs                ; 64 LEs                 ; Yes        ; |risc_v_mike_top|risc_v_mike_data_memory:i_risc_v_mike_data_memory|data_mem_ff[369][4]                        ;
; 3:1                ; 32 bits   ; 64 LEs        ; 0 LEs                ; 64 LEs                 ; Yes        ; |risc_v_mike_top|risc_v_mike_data_memory:i_risc_v_mike_data_memory|data_mem_ff[370][2]                        ;
; 3:1                ; 32 bits   ; 64 LEs        ; 0 LEs                ; 64 LEs                 ; Yes        ; |risc_v_mike_top|risc_v_mike_data_memory:i_risc_v_mike_data_memory|data_mem_ff[487][7]                        ;
; 3:1                ; 32 bits   ; 64 LEs        ; 0 LEs                ; 64 LEs                 ; Yes        ; |risc_v_mike_top|risc_v_mike_data_memory:i_risc_v_mike_data_memory|data_mem_ff[371][11]                       ;
; 3:1                ; 32 bits   ; 64 LEs        ; 0 LEs                ; 64 LEs                 ; Yes        ; |risc_v_mike_top|risc_v_mike_data_memory:i_risc_v_mike_data_memory|data_mem_ff[372][27]                       ;
; 3:1                ; 32 bits   ; 64 LEs        ; 0 LEs                ; 64 LEs                 ; Yes        ; |risc_v_mike_top|risc_v_mike_data_memory:i_risc_v_mike_data_memory|data_mem_ff[373][18]                       ;
; 3:1                ; 32 bits   ; 64 LEs        ; 0 LEs                ; 64 LEs                 ; Yes        ; |risc_v_mike_top|risc_v_mike_data_memory:i_risc_v_mike_data_memory|data_mem_ff[374][2]                        ;
; 3:1                ; 32 bits   ; 64 LEs        ; 0 LEs                ; 64 LEs                 ; Yes        ; |risc_v_mike_top|risc_v_mike_data_memory:i_risc_v_mike_data_memory|data_mem_ff[375][22]                       ;
; 3:1                ; 32 bits   ; 64 LEs        ; 0 LEs                ; 64 LEs                 ; Yes        ; |risc_v_mike_top|risc_v_mike_data_memory:i_risc_v_mike_data_memory|data_mem_ff[488][17]                       ;
; 3:1                ; 32 bits   ; 64 LEs        ; 0 LEs                ; 64 LEs                 ; Yes        ; |risc_v_mike_top|risc_v_mike_data_memory:i_risc_v_mike_data_memory|data_mem_ff[376][18]                       ;
; 3:1                ; 32 bits   ; 64 LEs        ; 0 LEs                ; 64 LEs                 ; Yes        ; |risc_v_mike_top|risc_v_mike_data_memory:i_risc_v_mike_data_memory|data_mem_ff[377][8]                        ;
; 3:1                ; 32 bits   ; 64 LEs        ; 0 LEs                ; 64 LEs                 ; Yes        ; |risc_v_mike_top|risc_v_mike_data_memory:i_risc_v_mike_data_memory|data_mem_ff[378][15]                       ;
; 3:1                ; 32 bits   ; 64 LEs        ; 0 LEs                ; 64 LEs                 ; Yes        ; |risc_v_mike_top|risc_v_mike_data_memory:i_risc_v_mike_data_memory|data_mem_ff[379][10]                       ;
; 3:1                ; 32 bits   ; 64 LEs        ; 0 LEs                ; 64 LEs                 ; Yes        ; |risc_v_mike_top|risc_v_mike_data_memory:i_risc_v_mike_data_memory|data_mem_ff[380][12]                       ;
; 3:1                ; 32 bits   ; 64 LEs        ; 0 LEs                ; 64 LEs                 ; Yes        ; |risc_v_mike_top|risc_v_mike_data_memory:i_risc_v_mike_data_memory|data_mem_ff[489][10]                       ;
; 3:1                ; 32 bits   ; 64 LEs        ; 0 LEs                ; 64 LEs                 ; Yes        ; |risc_v_mike_top|risc_v_mike_data_memory:i_risc_v_mike_data_memory|data_mem_ff[381][27]                       ;
; 3:1                ; 32 bits   ; 64 LEs        ; 0 LEs                ; 64 LEs                 ; Yes        ; |risc_v_mike_top|risc_v_mike_data_memory:i_risc_v_mike_data_memory|data_mem_ff[382][15]                       ;
; 3:1                ; 32 bits   ; 64 LEs        ; 0 LEs                ; 64 LEs                 ; Yes        ; |risc_v_mike_top|risc_v_mike_data_memory:i_risc_v_mike_data_memory|data_mem_ff[383][25]                       ;
; 3:1                ; 32 bits   ; 64 LEs        ; 0 LEs                ; 64 LEs                 ; Yes        ; |risc_v_mike_top|risc_v_mike_data_memory:i_risc_v_mike_data_memory|data_mem_ff[384][3]                        ;
; 3:1                ; 32 bits   ; 64 LEs        ; 0 LEs                ; 64 LEs                 ; Yes        ; |risc_v_mike_top|risc_v_mike_data_memory:i_risc_v_mike_data_memory|data_mem_ff[385][17]                       ;
; 3:1                ; 32 bits   ; 64 LEs        ; 0 LEs                ; 64 LEs                 ; Yes        ; |risc_v_mike_top|risc_v_mike_data_memory:i_risc_v_mike_data_memory|data_mem_ff[386][12]                       ;
; 3:1                ; 32 bits   ; 64 LEs        ; 0 LEs                ; 64 LEs                 ; Yes        ; |risc_v_mike_top|risc_v_mike_data_memory:i_risc_v_mike_data_memory|data_mem_ff[387][29]                       ;
; 3:1                ; 32 bits   ; 64 LEs        ; 0 LEs                ; 64 LEs                 ; Yes        ; |risc_v_mike_top|risc_v_mike_data_memory:i_risc_v_mike_data_memory|data_mem_ff[388][0]                        ;
; 3:1                ; 32 bits   ; 64 LEs        ; 0 LEs                ; 64 LEs                 ; Yes        ; |risc_v_mike_top|risc_v_mike_data_memory:i_risc_v_mike_data_memory|data_mem_ff[490][22]                       ;
; 3:1                ; 32 bits   ; 64 LEs        ; 0 LEs                ; 64 LEs                 ; Yes        ; |risc_v_mike_top|risc_v_mike_data_memory:i_risc_v_mike_data_memory|data_mem_ff[389][0]                        ;
; 3:1                ; 32 bits   ; 64 LEs        ; 0 LEs                ; 64 LEs                 ; Yes        ; |risc_v_mike_top|risc_v_mike_data_memory:i_risc_v_mike_data_memory|data_mem_ff[390][17]                       ;
; 3:1                ; 32 bits   ; 64 LEs        ; 0 LEs                ; 64 LEs                 ; Yes        ; |risc_v_mike_top|risc_v_mike_data_memory:i_risc_v_mike_data_memory|data_mem_ff[391][3]                        ;
; 3:1                ; 32 bits   ; 64 LEs        ; 0 LEs                ; 64 LEs                 ; Yes        ; |risc_v_mike_top|risc_v_mike_data_memory:i_risc_v_mike_data_memory|data_mem_ff[392][30]                       ;
; 3:1                ; 32 bits   ; 64 LEs        ; 0 LEs                ; 64 LEs                 ; Yes        ; |risc_v_mike_top|risc_v_mike_data_memory:i_risc_v_mike_data_memory|data_mem_ff[393][30]                       ;
; 3:1                ; 32 bits   ; 64 LEs        ; 0 LEs                ; 64 LEs                 ; Yes        ; |risc_v_mike_top|risc_v_mike_data_memory:i_risc_v_mike_data_memory|data_mem_ff[394][28]                       ;
; 3:1                ; 32 bits   ; 64 LEs        ; 0 LEs                ; 64 LEs                 ; Yes        ; |risc_v_mike_top|risc_v_mike_data_memory:i_risc_v_mike_data_memory|data_mem_ff[395][27]                       ;
; 3:1                ; 32 bits   ; 64 LEs        ; 0 LEs                ; 64 LEs                 ; Yes        ; |risc_v_mike_top|risc_v_mike_data_memory:i_risc_v_mike_data_memory|data_mem_ff[491][31]                       ;
; 3:1                ; 32 bits   ; 64 LEs        ; 0 LEs                ; 64 LEs                 ; Yes        ; |risc_v_mike_top|risc_v_mike_data_memory:i_risc_v_mike_data_memory|data_mem_ff[396][18]                       ;
; 3:1                ; 32 bits   ; 64 LEs        ; 0 LEs                ; 64 LEs                 ; Yes        ; |risc_v_mike_top|risc_v_mike_data_memory:i_risc_v_mike_data_memory|data_mem_ff[397][9]                        ;
; 3:1                ; 32 bits   ; 64 LEs        ; 0 LEs                ; 64 LEs                 ; Yes        ; |risc_v_mike_top|risc_v_mike_data_memory:i_risc_v_mike_data_memory|data_mem_ff[398][17]                       ;
; 3:1                ; 32 bits   ; 64 LEs        ; 0 LEs                ; 64 LEs                 ; Yes        ; |risc_v_mike_top|risc_v_mike_data_memory:i_risc_v_mike_data_memory|data_mem_ff[399][1]                        ;
; 3:1                ; 32 bits   ; 64 LEs        ; 0 LEs                ; 64 LEs                 ; Yes        ; |risc_v_mike_top|risc_v_mike_data_memory:i_risc_v_mike_data_memory|data_mem_ff[400][31]                       ;
; 3:1                ; 32 bits   ; 64 LEs        ; 0 LEs                ; 64 LEs                 ; Yes        ; |risc_v_mike_top|risc_v_mike_data_memory:i_risc_v_mike_data_memory|data_mem_ff[401][22]                       ;
; 3:1                ; 32 bits   ; 64 LEs        ; 0 LEs                ; 64 LEs                 ; Yes        ; |risc_v_mike_top|risc_v_mike_data_memory:i_risc_v_mike_data_memory|data_mem_ff[402][0]                        ;
; 3:1                ; 32 bits   ; 64 LEs        ; 0 LEs                ; 64 LEs                 ; Yes        ; |risc_v_mike_top|risc_v_mike_data_memory:i_risc_v_mike_data_memory|data_mem_ff[492][22]                       ;
; 3:1                ; 32 bits   ; 64 LEs        ; 0 LEs                ; 64 LEs                 ; Yes        ; |risc_v_mike_top|risc_v_mike_data_memory:i_risc_v_mike_data_memory|data_mem_ff[403][30]                       ;
; 3:1                ; 32 bits   ; 64 LEs        ; 0 LEs                ; 64 LEs                 ; Yes        ; |risc_v_mike_top|risc_v_mike_data_memory:i_risc_v_mike_data_memory|data_mem_ff[404][1]                        ;
; 3:1                ; 32 bits   ; 64 LEs        ; 0 LEs                ; 64 LEs                 ; Yes        ; |risc_v_mike_top|risc_v_mike_data_memory:i_risc_v_mike_data_memory|data_mem_ff[405][22]                       ;
; 3:1                ; 32 bits   ; 64 LEs        ; 0 LEs                ; 64 LEs                 ; Yes        ; |risc_v_mike_top|risc_v_mike_data_memory:i_risc_v_mike_data_memory|data_mem_ff[406][28]                       ;
; 3:1                ; 32 bits   ; 64 LEs        ; 0 LEs                ; 64 LEs                 ; Yes        ; |risc_v_mike_top|risc_v_mike_data_memory:i_risc_v_mike_data_memory|data_mem_ff[407][20]                       ;
; 3:1                ; 32 bits   ; 64 LEs        ; 0 LEs                ; 64 LEs                 ; Yes        ; |risc_v_mike_top|risc_v_mike_data_memory:i_risc_v_mike_data_memory|data_mem_ff[408][16]                       ;
; 3:1                ; 32 bits   ; 64 LEs        ; 0 LEs                ; 64 LEs                 ; Yes        ; |risc_v_mike_top|risc_v_mike_data_memory:i_risc_v_mike_data_memory|data_mem_ff[493][18]                       ;
; 3:1                ; 32 bits   ; 64 LEs        ; 0 LEs                ; 64 LEs                 ; Yes        ; |risc_v_mike_top|risc_v_mike_data_memory:i_risc_v_mike_data_memory|data_mem_ff[409][3]                        ;
; 3:1                ; 32 bits   ; 64 LEs        ; 0 LEs                ; 64 LEs                 ; Yes        ; |risc_v_mike_top|risc_v_mike_data_memory:i_risc_v_mike_data_memory|data_mem_ff[410][19]                       ;
; 3:1                ; 32 bits   ; 64 LEs        ; 0 LEs                ; 64 LEs                 ; Yes        ; |risc_v_mike_top|risc_v_mike_data_memory:i_risc_v_mike_data_memory|data_mem_ff[411][7]                        ;
; 3:1                ; 32 bits   ; 64 LEs        ; 0 LEs                ; 64 LEs                 ; Yes        ; |risc_v_mike_top|risc_v_mike_data_memory:i_risc_v_mike_data_memory|data_mem_ff[412][0]                        ;
; 3:1                ; 32 bits   ; 64 LEs        ; 0 LEs                ; 64 LEs                 ; Yes        ; |risc_v_mike_top|risc_v_mike_data_memory:i_risc_v_mike_data_memory|data_mem_ff[413][6]                        ;
; 3:1                ; 32 bits   ; 64 LEs        ; 0 LEs                ; 64 LEs                 ; Yes        ; |risc_v_mike_top|risc_v_mike_data_memory:i_risc_v_mike_data_memory|data_mem_ff[494][17]                       ;
; 3:1                ; 32 bits   ; 64 LEs        ; 0 LEs                ; 64 LEs                 ; Yes        ; |risc_v_mike_top|risc_v_mike_data_memory:i_risc_v_mike_data_memory|data_mem_ff[414][11]                       ;
; 3:1                ; 32 bits   ; 64 LEs        ; 0 LEs                ; 64 LEs                 ; Yes        ; |risc_v_mike_top|risc_v_mike_data_memory:i_risc_v_mike_data_memory|data_mem_ff[415][3]                        ;
; 3:1                ; 32 bits   ; 64 LEs        ; 0 LEs                ; 64 LEs                 ; Yes        ; |risc_v_mike_top|risc_v_mike_data_memory:i_risc_v_mike_data_memory|data_mem_ff[416][27]                       ;
; 3:1                ; 32 bits   ; 64 LEs        ; 0 LEs                ; 64 LEs                 ; Yes        ; |risc_v_mike_top|risc_v_mike_data_memory:i_risc_v_mike_data_memory|data_mem_ff[417][27]                       ;
; 3:1                ; 32 bits   ; 64 LEs        ; 0 LEs                ; 64 LEs                 ; Yes        ; |risc_v_mike_top|risc_v_mike_data_memory:i_risc_v_mike_data_memory|data_mem_ff[418][21]                       ;
; 3:1                ; 32 bits   ; 64 LEs        ; 0 LEs                ; 64 LEs                 ; Yes        ; |risc_v_mike_top|risc_v_mike_data_memory:i_risc_v_mike_data_memory|data_mem_ff[419][27]                       ;
; 3:1                ; 32 bits   ; 64 LEs        ; 0 LEs                ; 64 LEs                 ; Yes        ; |risc_v_mike_top|risc_v_mike_data_memory:i_risc_v_mike_data_memory|data_mem_ff[420][5]                        ;
; 3:1                ; 32 bits   ; 64 LEs        ; 0 LEs                ; 64 LEs                 ; Yes        ; |risc_v_mike_top|risc_v_mike_data_memory:i_risc_v_mike_data_memory|data_mem_ff[421][1]                        ;
; 3:1                ; 32 bits   ; 64 LEs        ; 0 LEs                ; 64 LEs                 ; Yes        ; |risc_v_mike_top|risc_v_mike_data_memory:i_risc_v_mike_data_memory|data_mem_ff[495][31]                       ;
; 3:1                ; 32 bits   ; 64 LEs        ; 0 LEs                ; 64 LEs                 ; Yes        ; |risc_v_mike_top|risc_v_mike_data_memory:i_risc_v_mike_data_memory|data_mem_ff[422][17]                       ;
; 3:1                ; 32 bits   ; 64 LEs        ; 0 LEs                ; 64 LEs                 ; Yes        ; |risc_v_mike_top|risc_v_mike_data_memory:i_risc_v_mike_data_memory|data_mem_ff[423][5]                        ;
; 3:1                ; 32 bits   ; 64 LEs        ; 0 LEs                ; 64 LEs                 ; Yes        ; |risc_v_mike_top|risc_v_mike_data_memory:i_risc_v_mike_data_memory|data_mem_ff[424][14]                       ;
; 3:1                ; 32 bits   ; 64 LEs        ; 0 LEs                ; 64 LEs                 ; Yes        ; |risc_v_mike_top|risc_v_mike_data_memory:i_risc_v_mike_data_memory|data_mem_ff[425][5]                        ;
; 3:1                ; 32 bits   ; 64 LEs        ; 0 LEs                ; 64 LEs                 ; Yes        ; |risc_v_mike_top|risc_v_mike_data_memory:i_risc_v_mike_data_memory|data_mem_ff[426][16]                       ;
; 3:1                ; 32 bits   ; 64 LEs        ; 0 LEs                ; 64 LEs                 ; Yes        ; |risc_v_mike_top|risc_v_mike_data_memory:i_risc_v_mike_data_memory|data_mem_ff[427][12]                       ;
; 3:1                ; 32 bits   ; 64 LEs        ; 0 LEs                ; 64 LEs                 ; Yes        ; |risc_v_mike_top|risc_v_mike_data_memory:i_risc_v_mike_data_memory|data_mem_ff[496][17]                       ;
; 3:1                ; 32 bits   ; 64 LEs        ; 0 LEs                ; 64 LEs                 ; Yes        ; |risc_v_mike_top|risc_v_mike_data_memory:i_risc_v_mike_data_memory|data_mem_ff[428][14]                       ;
; 3:1                ; 32 bits   ; 64 LEs        ; 0 LEs                ; 64 LEs                 ; Yes        ; |risc_v_mike_top|risc_v_mike_data_memory:i_risc_v_mike_data_memory|data_mem_ff[429][15]                       ;
; 3:1                ; 32 bits   ; 64 LEs        ; 0 LEs                ; 64 LEs                 ; Yes        ; |risc_v_mike_top|risc_v_mike_data_memory:i_risc_v_mike_data_memory|data_mem_ff[430][19]                       ;
; 3:1                ; 32 bits   ; 64 LEs        ; 0 LEs                ; 64 LEs                 ; Yes        ; |risc_v_mike_top|risc_v_mike_data_memory:i_risc_v_mike_data_memory|data_mem_ff[431][31]                       ;
; 3:1                ; 32 bits   ; 64 LEs        ; 0 LEs                ; 64 LEs                 ; Yes        ; |risc_v_mike_top|risc_v_mike_data_memory:i_risc_v_mike_data_memory|data_mem_ff[432][28]                       ;
; 3:1                ; 32 bits   ; 64 LEs        ; 0 LEs                ; 64 LEs                 ; Yes        ; |risc_v_mike_top|risc_v_mike_data_memory:i_risc_v_mike_data_memory|data_mem_ff[497][16]                       ;
; 3:1                ; 32 bits   ; 64 LEs        ; 0 LEs                ; 64 LEs                 ; Yes        ; |risc_v_mike_top|risc_v_mike_data_memory:i_risc_v_mike_data_memory|data_mem_ff[433][26]                       ;
; 3:1                ; 32 bits   ; 64 LEs        ; 0 LEs                ; 64 LEs                 ; Yes        ; |risc_v_mike_top|risc_v_mike_data_memory:i_risc_v_mike_data_memory|data_mem_ff[434][24]                       ;
; 3:1                ; 32 bits   ; 64 LEs        ; 0 LEs                ; 64 LEs                 ; Yes        ; |risc_v_mike_top|risc_v_mike_data_memory:i_risc_v_mike_data_memory|data_mem_ff[435][3]                        ;
; 3:1                ; 32 bits   ; 64 LEs        ; 0 LEs                ; 64 LEs                 ; Yes        ; |risc_v_mike_top|risc_v_mike_data_memory:i_risc_v_mike_data_memory|data_mem_ff[436][4]                        ;
; 3:1                ; 32 bits   ; 64 LEs        ; 0 LEs                ; 64 LEs                 ; Yes        ; |risc_v_mike_top|risc_v_mike_data_memory:i_risc_v_mike_data_memory|data_mem_ff[498][5]                        ;
; 3:1                ; 32 bits   ; 64 LEs        ; 0 LEs                ; 64 LEs                 ; Yes        ; |risc_v_mike_top|risc_v_mike_data_memory:i_risc_v_mike_data_memory|data_mem_ff[499][8]                        ;
; 3:1                ; 32 bits   ; 64 LEs        ; 0 LEs                ; 64 LEs                 ; Yes        ; |risc_v_mike_top|risc_v_mike_data_memory:i_risc_v_mike_data_memory|data_mem_ff[500][31]                       ;
; 3:1                ; 32 bits   ; 64 LEs        ; 0 LEs                ; 64 LEs                 ; Yes        ; |risc_v_mike_top|risc_v_mike_data_memory:i_risc_v_mike_data_memory|data_mem_ff[501][30]                       ;
; 3:1                ; 32 bits   ; 64 LEs        ; 0 LEs                ; 64 LEs                 ; Yes        ; |risc_v_mike_top|risc_v_mike_data_memory:i_risc_v_mike_data_memory|data_mem_ff[502][28]                       ;
; 3:1                ; 32 bits   ; 64 LEs        ; 0 LEs                ; 64 LEs                 ; Yes        ; |risc_v_mike_top|risc_v_mike_data_memory:i_risc_v_mike_data_memory|data_mem_ff[503][28]                       ;
; 3:1                ; 32 bits   ; 64 LEs        ; 0 LEs                ; 64 LEs                 ; Yes        ; |risc_v_mike_top|risc_v_mike_data_memory:i_risc_v_mike_data_memory|data_mem_ff[504][28]                       ;
; 3:1                ; 32 bits   ; 64 LEs        ; 0 LEs                ; 64 LEs                 ; Yes        ; |risc_v_mike_top|risc_v_mike_data_memory:i_risc_v_mike_data_memory|data_mem_ff[505][31]                       ;
; 3:1                ; 32 bits   ; 64 LEs        ; 0 LEs                ; 64 LEs                 ; Yes        ; |risc_v_mike_top|risc_v_mike_data_memory:i_risc_v_mike_data_memory|data_mem_ff[506][11]                       ;
; 3:1                ; 32 bits   ; 64 LEs        ; 0 LEs                ; 64 LEs                 ; Yes        ; |risc_v_mike_top|risc_v_mike_data_memory:i_risc_v_mike_data_memory|data_mem_ff[507][19]                       ;
; 3:1                ; 32 bits   ; 64 LEs        ; 0 LEs                ; 64 LEs                 ; Yes        ; |risc_v_mike_top|risc_v_mike_data_memory:i_risc_v_mike_data_memory|data_mem_ff[508][0]                        ;
; 3:1                ; 32 bits   ; 64 LEs        ; 0 LEs                ; 64 LEs                 ; Yes        ; |risc_v_mike_top|risc_v_mike_data_memory:i_risc_v_mike_data_memory|data_mem_ff[509][29]                       ;
; 3:1                ; 32 bits   ; 64 LEs        ; 0 LEs                ; 64 LEs                 ; Yes        ; |risc_v_mike_top|risc_v_mike_data_memory:i_risc_v_mike_data_memory|data_mem_ff[510][12]                       ;
; 3:1                ; 32 bits   ; 64 LEs        ; 0 LEs                ; 64 LEs                 ; Yes        ; |risc_v_mike_top|risc_v_mike_data_memory:i_risc_v_mike_data_memory|data_mem_ff[511][14]                       ;
; 5:1                ; 2 bits    ; 6 LEs         ; 4 LEs                ; 2 LEs                  ; Yes        ; |risc_v_mike_top|pc_addr_f[0]                                                                                 ;
; 5:1                ; 29 bits   ; 87 LEs        ; 58 LEs               ; 29 LEs                 ; Yes        ; |risc_v_mike_top|pc_addr_f[24]                                                                                ;
; 4:1                ; 32 bits   ; 64 LEs        ; 64 LEs               ; 0 LEs                  ; No         ; |risc_v_mike_top|Mux67                                                                                        ;
; 4:1                ; 8 bits    ; 16 LEs        ; 16 LEs               ; 0 LEs                  ; No         ; |risc_v_mike_top|risc_v_mike_alu:i_risc_v_mike_alu|ShiftLeft0                                                 ;
; 4:1                ; 8 bits    ; 16 LEs        ; 16 LEs               ; 0 LEs                  ; No         ; |risc_v_mike_top|risc_v_mike_alu:i_risc_v_mike_alu|ShiftLeft0                                                 ;
; 4:1                ; 8 bits    ; 16 LEs        ; 16 LEs               ; 0 LEs                  ; No         ; |risc_v_mike_top|risc_v_mike_alu:i_risc_v_mike_alu|ShiftLeft0                                                 ;
; 4:1                ; 2 bits    ; 4 LEs         ; 4 LEs                ; 0 LEs                  ; No         ; |risc_v_mike_top|risc_v_mike_alu:i_risc_v_mike_alu|ShiftRight0                                                ;
; 4:1                ; 2 bits    ; 4 LEs         ; 4 LEs                ; 0 LEs                  ; No         ; |risc_v_mike_top|risc_v_mike_alu:i_risc_v_mike_alu|ShiftRight0                                                ;
; 4:1                ; 50 bits   ; 100 LEs       ; 100 LEs              ; 0 LEs                  ; No         ; |risc_v_mike_top|risc_v_mike_alu:i_risc_v_mike_alu|ShiftLeft0                                                 ;
; 4:1                ; 32 bits   ; 64 LEs        ; 64 LEs               ; 0 LEs                  ; No         ; |risc_v_mike_top|Mux59                                                                                        ;
; 4:1                ; 32 bits   ; 64 LEs        ; 64 LEs               ; 0 LEs                  ; No         ; |risc_v_mike_top|risc_v_data_fwd:i_risc_v_data_fwd|reg_file_2_alu_2_e[30]                                     ;
; 8:1                ; 2 bits    ; 10 LEs        ; 8 LEs                ; 2 LEs                  ; No         ; |risc_v_mike_top|Mux127                                                                                       ;
; 8:1                ; 30 bits   ; 150 LEs       ; 120 LEs              ; 30 LEs                 ; No         ; |risc_v_mike_top|Mux97                                                                                        ;
; 4:1                ; 6 bits    ; 12 LEs        ; 12 LEs               ; 0 LEs                  ; No         ; |risc_v_mike_top|UART_UNCORE:i_UART_UNCORE|risc_v_mike_gpio_module:i_risc_v_mike_gpio_module|Selector6        ;
; 7:1                ; 32 bits   ; 128 LEs       ; 128 LEs              ; 0 LEs                  ; No         ; |risc_v_mike_top|Mux15                                                                                        ;
; 515:1              ; 32 bits   ; 10976 LEs     ; 10976 LEs            ; 0 LEs                  ; No         ; |risc_v_mike_top|data_mem_bus_rd_data_m[13]                                                                   ;
; 15:1               ; 4 bits    ; 40 LEs        ; 40 LEs               ; 0 LEs                  ; No         ; |risc_v_mike_top|risc_v_mike_alu:i_risc_v_mike_alu|Selector14                                                 ;
; 15:1               ; 3 bits    ; 30 LEs        ; 30 LEs               ; 0 LEs                  ; No         ; |risc_v_mike_top|risc_v_mike_alu:i_risc_v_mike_alu|Selector27                                                 ;
; 16:1               ; 8 bits    ; 80 LEs        ; 80 LEs               ; 0 LEs                  ; No         ; |risc_v_mike_top|risc_v_mike_alu:i_risc_v_mike_alu|Selector15                                                 ;
; 16:1               ; 9 bits    ; 90 LEs        ; 90 LEs               ; 0 LEs                  ; No         ; |risc_v_mike_top|risc_v_mike_alu:i_risc_v_mike_alu|Selector21                                                 ;
; 19:1               ; 3 bits    ; 36 LEs        ; 36 LEs               ; 0 LEs                  ; No         ; |risc_v_mike_top|risc_v_mike_alu:i_risc_v_mike_alu|Selector3                                                  ;
; 19:1               ; 3 bits    ; 36 LEs        ; 36 LEs               ; 0 LEs                  ; No         ; |risc_v_mike_top|risc_v_mike_alu:i_risc_v_mike_alu|Selector30                                                 ;
; 3:1                ; 32 bits   ; 64 LEs        ; 0 LEs                ; 64 LEs                 ; Yes        ; |risc_v_mike_top|risc_v_mike_reg_file:i_risc_v_mike_reg_file|reg_file_ff[16][14]                              ;
; 3:1                ; 32 bits   ; 64 LEs        ; 0 LEs                ; 64 LEs                 ; Yes        ; |risc_v_mike_top|risc_v_mike_reg_file:i_risc_v_mike_reg_file|reg_file_ff[8][30]                               ;
; 3:1                ; 32 bits   ; 64 LEs        ; 0 LEs                ; 64 LEs                 ; Yes        ; |risc_v_mike_top|risc_v_mike_reg_file:i_risc_v_mike_reg_file|reg_file_ff[24][6]                               ;
; 3:1                ; 32 bits   ; 64 LEs        ; 0 LEs                ; 64 LEs                 ; Yes        ; |risc_v_mike_top|risc_v_mike_reg_file:i_risc_v_mike_reg_file|reg_file_ff[4][22]                               ;
; 3:1                ; 32 bits   ; 64 LEs        ; 0 LEs                ; 64 LEs                 ; Yes        ; |risc_v_mike_top|risc_v_mike_reg_file:i_risc_v_mike_reg_file|reg_file_ff[20][25]                              ;
; 3:1                ; 32 bits   ; 64 LEs        ; 0 LEs                ; 64 LEs                 ; Yes        ; |risc_v_mike_top|risc_v_mike_reg_file:i_risc_v_mike_reg_file|reg_file_ff[12][26]                              ;
; 3:1                ; 32 bits   ; 64 LEs        ; 0 LEs                ; 64 LEs                 ; Yes        ; |risc_v_mike_top|risc_v_mike_reg_file:i_risc_v_mike_reg_file|reg_file_ff[28][17]                              ;
; 3:1                ; 32 bits   ; 64 LEs        ; 0 LEs                ; 64 LEs                 ; Yes        ; |risc_v_mike_top|risc_v_mike_reg_file:i_risc_v_mike_reg_file|reg_file_ff[2][6]                                ;
; 3:1                ; 32 bits   ; 64 LEs        ; 0 LEs                ; 64 LEs                 ; Yes        ; |risc_v_mike_top|risc_v_mike_reg_file:i_risc_v_mike_reg_file|reg_file_ff[18][15]                              ;
; 3:1                ; 32 bits   ; 64 LEs        ; 0 LEs                ; 64 LEs                 ; Yes        ; |risc_v_mike_top|risc_v_mike_reg_file:i_risc_v_mike_reg_file|reg_file_ff[10][13]                              ;
; 3:1                ; 32 bits   ; 64 LEs        ; 0 LEs                ; 64 LEs                 ; Yes        ; |risc_v_mike_top|risc_v_mike_reg_file:i_risc_v_mike_reg_file|reg_file_ff[26][2]                               ;
; 3:1                ; 32 bits   ; 64 LEs        ; 0 LEs                ; 64 LEs                 ; Yes        ; |risc_v_mike_top|risc_v_mike_reg_file:i_risc_v_mike_reg_file|reg_file_ff[6][18]                               ;
; 3:1                ; 32 bits   ; 64 LEs        ; 0 LEs                ; 64 LEs                 ; Yes        ; |risc_v_mike_top|risc_v_mike_reg_file:i_risc_v_mike_reg_file|reg_file_ff[22][3]                               ;
; 3:1                ; 32 bits   ; 64 LEs        ; 0 LEs                ; 64 LEs                 ; Yes        ; |risc_v_mike_top|risc_v_mike_reg_file:i_risc_v_mike_reg_file|reg_file_ff[14][16]                              ;
; 3:1                ; 32 bits   ; 64 LEs        ; 0 LEs                ; 64 LEs                 ; Yes        ; |risc_v_mike_top|risc_v_mike_reg_file:i_risc_v_mike_reg_file|reg_file_ff[30][30]                              ;
; 3:1                ; 32 bits   ; 64 LEs        ; 0 LEs                ; 64 LEs                 ; Yes        ; |risc_v_mike_top|risc_v_mike_reg_file:i_risc_v_mike_reg_file|reg_file_ff[1][0]                                ;
; 3:1                ; 32 bits   ; 64 LEs        ; 0 LEs                ; 64 LEs                 ; Yes        ; |risc_v_mike_top|risc_v_mike_reg_file:i_risc_v_mike_reg_file|reg_file_ff[17][1]                               ;
; 3:1                ; 32 bits   ; 64 LEs        ; 0 LEs                ; 64 LEs                 ; Yes        ; |risc_v_mike_top|risc_v_mike_reg_file:i_risc_v_mike_reg_file|reg_file_ff[9][3]                                ;
; 3:1                ; 32 bits   ; 64 LEs        ; 0 LEs                ; 64 LEs                 ; Yes        ; |risc_v_mike_top|risc_v_mike_reg_file:i_risc_v_mike_reg_file|reg_file_ff[25][16]                              ;
; 3:1                ; 32 bits   ; 64 LEs        ; 0 LEs                ; 64 LEs                 ; Yes        ; |risc_v_mike_top|risc_v_mike_reg_file:i_risc_v_mike_reg_file|reg_file_ff[5][0]                                ;
; 3:1                ; 32 bits   ; 64 LEs        ; 0 LEs                ; 64 LEs                 ; Yes        ; |risc_v_mike_top|risc_v_mike_reg_file:i_risc_v_mike_reg_file|reg_file_ff[21][5]                               ;
; 3:1                ; 32 bits   ; 64 LEs        ; 0 LEs                ; 64 LEs                 ; Yes        ; |risc_v_mike_top|risc_v_mike_reg_file:i_risc_v_mike_reg_file|reg_file_ff[13][30]                              ;
; 3:1                ; 32 bits   ; 64 LEs        ; 0 LEs                ; 64 LEs                 ; Yes        ; |risc_v_mike_top|risc_v_mike_reg_file:i_risc_v_mike_reg_file|reg_file_ff[29][25]                              ;
; 3:1                ; 32 bits   ; 64 LEs        ; 0 LEs                ; 64 LEs                 ; Yes        ; |risc_v_mike_top|risc_v_mike_reg_file:i_risc_v_mike_reg_file|reg_file_ff[3][29]                               ;
; 3:1                ; 32 bits   ; 64 LEs        ; 0 LEs                ; 64 LEs                 ; Yes        ; |risc_v_mike_top|risc_v_mike_reg_file:i_risc_v_mike_reg_file|reg_file_ff[19][8]                               ;
; 3:1                ; 32 bits   ; 64 LEs        ; 0 LEs                ; 64 LEs                 ; Yes        ; |risc_v_mike_top|risc_v_mike_reg_file:i_risc_v_mike_reg_file|reg_file_ff[11][23]                              ;
; 3:1                ; 32 bits   ; 64 LEs        ; 0 LEs                ; 64 LEs                 ; Yes        ; |risc_v_mike_top|risc_v_mike_reg_file:i_risc_v_mike_reg_file|reg_file_ff[27][24]                              ;
; 3:1                ; 32 bits   ; 64 LEs        ; 0 LEs                ; 64 LEs                 ; Yes        ; |risc_v_mike_top|risc_v_mike_reg_file:i_risc_v_mike_reg_file|reg_file_ff[7][23]                               ;
; 3:1                ; 32 bits   ; 64 LEs        ; 0 LEs                ; 64 LEs                 ; Yes        ; |risc_v_mike_top|risc_v_mike_reg_file:i_risc_v_mike_reg_file|reg_file_ff[23][30]                              ;
; 3:1                ; 32 bits   ; 64 LEs        ; 0 LEs                ; 64 LEs                 ; Yes        ; |risc_v_mike_top|risc_v_mike_reg_file:i_risc_v_mike_reg_file|reg_file_ff[15][16]                              ;
; 3:1                ; 32 bits   ; 64 LEs        ; 0 LEs                ; 64 LEs                 ; Yes        ; |risc_v_mike_top|risc_v_mike_reg_file:i_risc_v_mike_reg_file|reg_file_ff[31][31]                              ;
; 3:1                ; 5 bits    ; 10 LEs        ; 10 LEs               ; 0 LEs                  ; Yes        ; |risc_v_mike_top|imm_ext_e[10]                                                                                ;
; 3:1                ; 4 bits    ; 8 LEs         ; 8 LEs                ; 0 LEs                  ; Yes        ; |risc_v_mike_top|UART_UNCORE:i_UART_UNCORE|UART_MIKE:i_top_UART_MIKE|tx_shifter:tx_shifter|temp_index_ff[3]   ;
; 3:1                ; 8 bits    ; 16 LEs        ; 0 LEs                ; 16 LEs                 ; Yes        ; |risc_v_mike_top|UART_UNCORE:i_UART_UNCORE|UART_MIKE:i_top_UART_MIKE|rx_shifter:rx_shifter|rx_byte_tmp.parity ;
; 3:1                ; 10 bits   ; 20 LEs        ; 0 LEs                ; 20 LEs                 ; Yes        ; |risc_v_mike_top|UART_UNCORE:i_UART_UNCORE|UART_MIKE:i_top_UART_MIKE|rx_shifter:rx_shifter|rx_byte_buffer[6]  ;
; 4:1                ; 8 bits    ; 16 LEs        ; 0 LEs                ; 16 LEs                 ; Yes        ; |risc_v_mike_top|UART_UNCORE:i_UART_UNCORE|UART_MIKE:i_top_UART_MIKE|counter:tx_clk_counter|count_ff[0]       ;
; 4:1                ; 8 bits    ; 16 LEs        ; 0 LEs                ; 16 LEs                 ; Yes        ; |risc_v_mike_top|UART_UNCORE:i_UART_UNCORE|UART_MIKE:i_top_UART_MIKE|counter:rx_counter_shift_en|count_ff[4]  ;
; 4:1                ; 4 bits    ; 8 LEs         ; 8 LEs                ; 0 LEs                  ; Yes        ; |risc_v_mike_top|UART_UNCORE:i_UART_UNCORE|UART_MIKE:i_top_UART_MIKE|counter:rx_counter|count_ff[3]           ;
; 4:1                ; 8 bits    ; 16 LEs        ; 0 LEs                ; 16 LEs                 ; Yes        ; |risc_v_mike_top|UART_UNCORE:i_UART_UNCORE|UART_MIKE:i_top_UART_MIKE|counter:rx_clk_counter|count_ff[3]       ;
; 5:1                ; 11 bits   ; 33 LEs        ; 22 LEs               ; 11 LEs                 ; Yes        ; |risc_v_mike_top|imm_ext_e[24]                                                                                ;
; 6:1                ; 3 bits    ; 12 LEs        ; 6 LEs                ; 6 LEs                  ; Yes        ; |risc_v_mike_top|imm_ext_e[1]                                                                                 ;
; 7:1                ; 8 bits    ; 32 LEs        ; 16 LEs               ; 16 LEs                 ; Yes        ; |risc_v_mike_top|imm_ext_e[13]                                                                                ;
; 33:1               ; 32 bits   ; 704 LEs       ; 640 LEs              ; 64 LEs                 ; Yes        ; |risc_v_mike_top|reg_file_rd_data_2_e[31]                                                                     ;
; 33:1               ; 32 bits   ; 704 LEs       ; 640 LEs              ; 64 LEs                 ; Yes        ; |risc_v_mike_top|reg_file_rd_data_1_e[17]                                                                     ;
; 3:1                ; 4 bits    ; 8 LEs         ; 8 LEs                ; 0 LEs                  ; No         ; |risc_v_mike_top|UART_UNCORE:i_UART_UNCORE|UART_MIKE:i_top_UART_MIKE|counter:tx_counter|count[2]              ;
+--------------------+-----------+---------------+----------------------+------------------------+------------+---------------------------------------------------------------------------------------------------------------+


+-----------------------------------------------------------------------+
; Source assignments for Top-level Entity: |risc_v_mike_top             ;
+------------------------------+-------+------+-------------------------+
; Assignment                   ; Value ; From ; To                      ;
+------------------------------+-------+------+-------------------------+
; PRESERVE_REGISTER            ; on    ; -    ; alu_src_sel_a_e[0]      ;
; PRESERVE_REGISTER            ; on    ; -    ; alu_src_sel_a_e[0]      ;
; PRESERVE_FANOUT_FREE_NODE    ; on    ; -    ; alu_src_sel_a_e[0]      ;
; PRESERVE_REGISTER            ; on    ; -    ; alu_src_sel_b_e[0]      ;
; PRESERVE_REGISTER            ; on    ; -    ; alu_src_sel_b_e[0]      ;
; PRESERVE_FANOUT_FREE_NODE    ; on    ; -    ; alu_src_sel_b_e[0]      ;
; PRESERVE_REGISTER            ; on    ; -    ; alu_src_sel_b_e[1]      ;
; PRESERVE_REGISTER            ; on    ; -    ; alu_src_sel_b_e[1]      ;
; PRESERVE_FANOUT_FREE_NODE    ; on    ; -    ; alu_src_sel_b_e[1]      ;
; PRESERVE_REGISTER            ; on    ; -    ; alu_src_sel_a_e[1]      ;
; PRESERVE_REGISTER            ; on    ; -    ; alu_src_sel_a_e[1]      ;
; PRESERVE_FANOUT_FREE_NODE    ; on    ; -    ; alu_src_sel_a_e[1]      ;
; IGNORE_LCELL_BUFFERS         ; off   ; -    ; pc_src_e[1]             ;
; REMOVE_REDUNDANT_LOGIC_CELLS ; off   ; -    ; pc_src_e[1]             ;
; IGNORE_LCELL_BUFFERS         ; off   ; -    ; pc_src_e[0]             ;
; REMOVE_REDUNDANT_LOGIC_CELLS ; off   ; -    ; pc_src_e[0]             ;
; IGNORE_LCELL_BUFFERS         ; off   ; -    ; intr_opcode_d[6]        ;
; REMOVE_REDUNDANT_LOGIC_CELLS ; off   ; -    ; intr_opcode_d[6]        ;
; IGNORE_LCELL_BUFFERS         ; off   ; -    ; intr_opcode_d[5]        ;
; REMOVE_REDUNDANT_LOGIC_CELLS ; off   ; -    ; intr_opcode_d[5]        ;
; IGNORE_LCELL_BUFFERS         ; off   ; -    ; intr_opcode_d[4]        ;
; REMOVE_REDUNDANT_LOGIC_CELLS ; off   ; -    ; intr_opcode_d[4]        ;
; IGNORE_LCELL_BUFFERS         ; off   ; -    ; intr_opcode_d[3]        ;
; REMOVE_REDUNDANT_LOGIC_CELLS ; off   ; -    ; intr_opcode_d[3]        ;
; IGNORE_LCELL_BUFFERS         ; off   ; -    ; intr_opcode_d[2]        ;
; REMOVE_REDUNDANT_LOGIC_CELLS ; off   ; -    ; intr_opcode_d[2]        ;
; IGNORE_LCELL_BUFFERS         ; off   ; -    ; intr_opcode_d[1]        ;
; REMOVE_REDUNDANT_LOGIC_CELLS ; off   ; -    ; intr_opcode_d[1]        ;
; IGNORE_LCELL_BUFFERS         ; off   ; -    ; intr_opcode_d[0]        ;
; REMOVE_REDUNDANT_LOGIC_CELLS ; off   ; -    ; intr_opcode_d[0]        ;
; IGNORE_LCELL_BUFFERS         ; off   ; -    ; intr_opcode_e[6]        ;
; REMOVE_REDUNDANT_LOGIC_CELLS ; off   ; -    ; intr_opcode_e[6]        ;
; IGNORE_LCELL_BUFFERS         ; off   ; -    ; intr_opcode_e[5]        ;
; REMOVE_REDUNDANT_LOGIC_CELLS ; off   ; -    ; intr_opcode_e[5]        ;
; IGNORE_LCELL_BUFFERS         ; off   ; -    ; intr_opcode_e[4]        ;
; REMOVE_REDUNDANT_LOGIC_CELLS ; off   ; -    ; intr_opcode_e[4]        ;
; IGNORE_LCELL_BUFFERS         ; off   ; -    ; intr_opcode_e[3]        ;
; REMOVE_REDUNDANT_LOGIC_CELLS ; off   ; -    ; intr_opcode_e[3]        ;
; IGNORE_LCELL_BUFFERS         ; off   ; -    ; intr_opcode_e[2]        ;
; REMOVE_REDUNDANT_LOGIC_CELLS ; off   ; -    ; intr_opcode_e[2]        ;
; IGNORE_LCELL_BUFFERS         ; off   ; -    ; intr_opcode_e[1]        ;
; REMOVE_REDUNDANT_LOGIC_CELLS ; off   ; -    ; intr_opcode_e[1]        ;
; IGNORE_LCELL_BUFFERS         ; off   ; -    ; intr_opcode_e[0]        ;
; REMOVE_REDUNDANT_LOGIC_CELLS ; off   ; -    ; intr_opcode_e[0]        ;
; IGNORE_LCELL_BUFFERS         ; off   ; -    ; intr_opcode_m[6]        ;
; REMOVE_REDUNDANT_LOGIC_CELLS ; off   ; -    ; intr_opcode_m[6]        ;
; IGNORE_LCELL_BUFFERS         ; off   ; -    ; intr_opcode_m[5]        ;
; REMOVE_REDUNDANT_LOGIC_CELLS ; off   ; -    ; intr_opcode_m[5]        ;
; IGNORE_LCELL_BUFFERS         ; off   ; -    ; intr_opcode_m[4]        ;
; REMOVE_REDUNDANT_LOGIC_CELLS ; off   ; -    ; intr_opcode_m[4]        ;
; IGNORE_LCELL_BUFFERS         ; off   ; -    ; intr_opcode_m[3]        ;
; REMOVE_REDUNDANT_LOGIC_CELLS ; off   ; -    ; intr_opcode_m[3]        ;
; IGNORE_LCELL_BUFFERS         ; off   ; -    ; intr_opcode_m[2]        ;
; REMOVE_REDUNDANT_LOGIC_CELLS ; off   ; -    ; intr_opcode_m[2]        ;
; IGNORE_LCELL_BUFFERS         ; off   ; -    ; intr_opcode_m[1]        ;
; REMOVE_REDUNDANT_LOGIC_CELLS ; off   ; -    ; intr_opcode_m[1]        ;
; IGNORE_LCELL_BUFFERS         ; off   ; -    ; intr_opcode_m[0]        ;
; REMOVE_REDUNDANT_LOGIC_CELLS ; off   ; -    ; intr_opcode_m[0]        ;
; IGNORE_LCELL_BUFFERS         ; off   ; -    ; intr_opcode_w[6]        ;
; REMOVE_REDUNDANT_LOGIC_CELLS ; off   ; -    ; intr_opcode_w[6]        ;
; IGNORE_LCELL_BUFFERS         ; off   ; -    ; intr_opcode_w[5]        ;
; REMOVE_REDUNDANT_LOGIC_CELLS ; off   ; -    ; intr_opcode_w[5]        ;
; IGNORE_LCELL_BUFFERS         ; off   ; -    ; intr_opcode_w[4]        ;
; REMOVE_REDUNDANT_LOGIC_CELLS ; off   ; -    ; intr_opcode_w[4]        ;
; IGNORE_LCELL_BUFFERS         ; off   ; -    ; intr_opcode_w[3]        ;
; REMOVE_REDUNDANT_LOGIC_CELLS ; off   ; -    ; intr_opcode_w[3]        ;
; IGNORE_LCELL_BUFFERS         ; off   ; -    ; intr_opcode_w[2]        ;
; REMOVE_REDUNDANT_LOGIC_CELLS ; off   ; -    ; intr_opcode_w[2]        ;
; IGNORE_LCELL_BUFFERS         ; off   ; -    ; intr_opcode_w[1]        ;
; REMOVE_REDUNDANT_LOGIC_CELLS ; off   ; -    ; intr_opcode_w[1]        ;
; IGNORE_LCELL_BUFFERS         ; off   ; -    ; intr_opcode_w[0]        ;
; REMOVE_REDUNDANT_LOGIC_CELLS ; off   ; -    ; intr_opcode_w[0]        ;
; IGNORE_LCELL_BUFFERS         ; off   ; -    ; data_hzd_nuke_e         ;
; REMOVE_REDUNDANT_LOGIC_CELLS ; off   ; -    ; data_hzd_nuke_e         ;
; IGNORE_LCELL_BUFFERS         ; off   ; -    ; data_hzd_nuke_m         ;
; REMOVE_REDUNDANT_LOGIC_CELLS ; off   ; -    ; data_hzd_nuke_m         ;
; IGNORE_LCELL_BUFFERS         ; off   ; -    ; data_hzd_nuke_w         ;
; REMOVE_REDUNDANT_LOGIC_CELLS ; off   ; -    ; data_hzd_nuke_w         ;
; IGNORE_LCELL_BUFFERS         ; off   ; -    ; data_hzd_nuke_w_plus1   ;
; REMOVE_REDUNDANT_LOGIC_CELLS ; off   ; -    ; data_hzd_nuke_w_plus1   ;
; IGNORE_LCELL_BUFFERS         ; off   ; -    ; data_hzd_nuke_w_plus2   ;
; REMOVE_REDUNDANT_LOGIC_CELLS ; off   ; -    ; data_hzd_nuke_w_plus2   ;
; IGNORE_LCELL_BUFFERS         ; off   ; -    ; alu_src_a_e[31]         ;
; REMOVE_REDUNDANT_LOGIC_CELLS ; off   ; -    ; alu_src_a_e[31]         ;
; IGNORE_LCELL_BUFFERS         ; off   ; -    ; alu_src_a_e[30]         ;
; REMOVE_REDUNDANT_LOGIC_CELLS ; off   ; -    ; alu_src_a_e[30]         ;
; IGNORE_LCELL_BUFFERS         ; off   ; -    ; alu_src_a_e[29]         ;
; REMOVE_REDUNDANT_LOGIC_CELLS ; off   ; -    ; alu_src_a_e[29]         ;
; IGNORE_LCELL_BUFFERS         ; off   ; -    ; alu_src_a_e[28]         ;
; REMOVE_REDUNDANT_LOGIC_CELLS ; off   ; -    ; alu_src_a_e[28]         ;
; IGNORE_LCELL_BUFFERS         ; off   ; -    ; alu_src_a_e[27]         ;
; REMOVE_REDUNDANT_LOGIC_CELLS ; off   ; -    ; alu_src_a_e[27]         ;
; IGNORE_LCELL_BUFFERS         ; off   ; -    ; alu_src_a_e[26]         ;
; REMOVE_REDUNDANT_LOGIC_CELLS ; off   ; -    ; alu_src_a_e[26]         ;
; IGNORE_LCELL_BUFFERS         ; off   ; -    ; alu_src_a_e[25]         ;
; REMOVE_REDUNDANT_LOGIC_CELLS ; off   ; -    ; alu_src_a_e[25]         ;
; IGNORE_LCELL_BUFFERS         ; off   ; -    ; alu_src_a_e[24]         ;
; REMOVE_REDUNDANT_LOGIC_CELLS ; off   ; -    ; alu_src_a_e[24]         ;
; IGNORE_LCELL_BUFFERS         ; off   ; -    ; alu_src_a_e[23]         ;
; REMOVE_REDUNDANT_LOGIC_CELLS ; off   ; -    ; alu_src_a_e[23]         ;
; IGNORE_LCELL_BUFFERS         ; off   ; -    ; alu_src_a_e[22]         ;
; REMOVE_REDUNDANT_LOGIC_CELLS ; off   ; -    ; alu_src_a_e[22]         ;
; IGNORE_LCELL_BUFFERS         ; off   ; -    ; alu_src_a_e[21]         ;
; REMOVE_REDUNDANT_LOGIC_CELLS ; off   ; -    ; alu_src_a_e[21]         ;
; IGNORE_LCELL_BUFFERS         ; off   ; -    ; alu_src_a_e[20]         ;
; REMOVE_REDUNDANT_LOGIC_CELLS ; off   ; -    ; alu_src_a_e[20]         ;
; IGNORE_LCELL_BUFFERS         ; off   ; -    ; alu_src_a_e[19]         ;
; REMOVE_REDUNDANT_LOGIC_CELLS ; off   ; -    ; alu_src_a_e[19]         ;
; IGNORE_LCELL_BUFFERS         ; off   ; -    ; alu_src_a_e[18]         ;
; REMOVE_REDUNDANT_LOGIC_CELLS ; off   ; -    ; alu_src_a_e[18]         ;
; IGNORE_LCELL_BUFFERS         ; off   ; -    ; alu_src_a_e[17]         ;
; REMOVE_REDUNDANT_LOGIC_CELLS ; off   ; -    ; alu_src_a_e[17]         ;
; IGNORE_LCELL_BUFFERS         ; off   ; -    ; alu_src_a_e[16]         ;
; REMOVE_REDUNDANT_LOGIC_CELLS ; off   ; -    ; alu_src_a_e[16]         ;
; IGNORE_LCELL_BUFFERS         ; off   ; -    ; alu_src_a_e[15]         ;
; REMOVE_REDUNDANT_LOGIC_CELLS ; off   ; -    ; alu_src_a_e[15]         ;
; IGNORE_LCELL_BUFFERS         ; off   ; -    ; alu_src_a_e[14]         ;
; REMOVE_REDUNDANT_LOGIC_CELLS ; off   ; -    ; alu_src_a_e[14]         ;
; IGNORE_LCELL_BUFFERS         ; off   ; -    ; alu_src_a_e[13]         ;
; REMOVE_REDUNDANT_LOGIC_CELLS ; off   ; -    ; alu_src_a_e[13]         ;
; IGNORE_LCELL_BUFFERS         ; off   ; -    ; alu_src_a_e[12]         ;
; REMOVE_REDUNDANT_LOGIC_CELLS ; off   ; -    ; alu_src_a_e[12]         ;
; IGNORE_LCELL_BUFFERS         ; off   ; -    ; alu_src_a_e[11]         ;
; REMOVE_REDUNDANT_LOGIC_CELLS ; off   ; -    ; alu_src_a_e[11]         ;
; IGNORE_LCELL_BUFFERS         ; off   ; -    ; alu_src_a_e[10]         ;
; REMOVE_REDUNDANT_LOGIC_CELLS ; off   ; -    ; alu_src_a_e[10]         ;
; IGNORE_LCELL_BUFFERS         ; off   ; -    ; alu_src_a_e[9]          ;
; REMOVE_REDUNDANT_LOGIC_CELLS ; off   ; -    ; alu_src_a_e[9]          ;
; IGNORE_LCELL_BUFFERS         ; off   ; -    ; alu_src_a_e[8]          ;
; REMOVE_REDUNDANT_LOGIC_CELLS ; off   ; -    ; alu_src_a_e[8]          ;
; IGNORE_LCELL_BUFFERS         ; off   ; -    ; alu_src_a_e[7]          ;
; REMOVE_REDUNDANT_LOGIC_CELLS ; off   ; -    ; alu_src_a_e[7]          ;
; IGNORE_LCELL_BUFFERS         ; off   ; -    ; alu_src_a_e[6]          ;
; REMOVE_REDUNDANT_LOGIC_CELLS ; off   ; -    ; alu_src_a_e[6]          ;
; IGNORE_LCELL_BUFFERS         ; off   ; -    ; alu_src_a_e[5]          ;
; REMOVE_REDUNDANT_LOGIC_CELLS ; off   ; -    ; alu_src_a_e[5]          ;
; IGNORE_LCELL_BUFFERS         ; off   ; -    ; alu_src_a_e[4]          ;
; REMOVE_REDUNDANT_LOGIC_CELLS ; off   ; -    ; alu_src_a_e[4]          ;
; IGNORE_LCELL_BUFFERS         ; off   ; -    ; alu_src_a_e[3]          ;
; REMOVE_REDUNDANT_LOGIC_CELLS ; off   ; -    ; alu_src_a_e[3]          ;
; IGNORE_LCELL_BUFFERS         ; off   ; -    ; alu_src_a_e[2]          ;
; REMOVE_REDUNDANT_LOGIC_CELLS ; off   ; -    ; alu_src_a_e[2]          ;
; IGNORE_LCELL_BUFFERS         ; off   ; -    ; alu_src_a_e[1]          ;
; REMOVE_REDUNDANT_LOGIC_CELLS ; off   ; -    ; alu_src_a_e[1]          ;
; IGNORE_LCELL_BUFFERS         ; off   ; -    ; alu_src_a_e[0]          ;
; REMOVE_REDUNDANT_LOGIC_CELLS ; off   ; -    ; alu_src_a_e[0]          ;
; IGNORE_LCELL_BUFFERS         ; off   ; -    ; alu_src_b_e[31]         ;
; REMOVE_REDUNDANT_LOGIC_CELLS ; off   ; -    ; alu_src_b_e[31]         ;
; IGNORE_LCELL_BUFFERS         ; off   ; -    ; alu_src_b_e[30]         ;
; REMOVE_REDUNDANT_LOGIC_CELLS ; off   ; -    ; alu_src_b_e[30]         ;
; IGNORE_LCELL_BUFFERS         ; off   ; -    ; alu_src_b_e[29]         ;
; REMOVE_REDUNDANT_LOGIC_CELLS ; off   ; -    ; alu_src_b_e[29]         ;
; IGNORE_LCELL_BUFFERS         ; off   ; -    ; alu_src_b_e[28]         ;
; REMOVE_REDUNDANT_LOGIC_CELLS ; off   ; -    ; alu_src_b_e[28]         ;
; IGNORE_LCELL_BUFFERS         ; off   ; -    ; alu_src_b_e[27]         ;
; REMOVE_REDUNDANT_LOGIC_CELLS ; off   ; -    ; alu_src_b_e[27]         ;
; IGNORE_LCELL_BUFFERS         ; off   ; -    ; alu_src_b_e[26]         ;
; REMOVE_REDUNDANT_LOGIC_CELLS ; off   ; -    ; alu_src_b_e[26]         ;
; IGNORE_LCELL_BUFFERS         ; off   ; -    ; alu_src_b_e[25]         ;
; REMOVE_REDUNDANT_LOGIC_CELLS ; off   ; -    ; alu_src_b_e[25]         ;
; IGNORE_LCELL_BUFFERS         ; off   ; -    ; alu_src_b_e[24]         ;
; REMOVE_REDUNDANT_LOGIC_CELLS ; off   ; -    ; alu_src_b_e[24]         ;
; IGNORE_LCELL_BUFFERS         ; off   ; -    ; alu_src_b_e[23]         ;
; REMOVE_REDUNDANT_LOGIC_CELLS ; off   ; -    ; alu_src_b_e[23]         ;
; IGNORE_LCELL_BUFFERS         ; off   ; -    ; alu_src_b_e[22]         ;
; REMOVE_REDUNDANT_LOGIC_CELLS ; off   ; -    ; alu_src_b_e[22]         ;
; IGNORE_LCELL_BUFFERS         ; off   ; -    ; alu_src_b_e[21]         ;
; REMOVE_REDUNDANT_LOGIC_CELLS ; off   ; -    ; alu_src_b_e[21]         ;
; IGNORE_LCELL_BUFFERS         ; off   ; -    ; alu_src_b_e[20]         ;
; REMOVE_REDUNDANT_LOGIC_CELLS ; off   ; -    ; alu_src_b_e[20]         ;
; IGNORE_LCELL_BUFFERS         ; off   ; -    ; alu_src_b_e[19]         ;
; REMOVE_REDUNDANT_LOGIC_CELLS ; off   ; -    ; alu_src_b_e[19]         ;
; IGNORE_LCELL_BUFFERS         ; off   ; -    ; alu_src_b_e[18]         ;
; REMOVE_REDUNDANT_LOGIC_CELLS ; off   ; -    ; alu_src_b_e[18]         ;
; IGNORE_LCELL_BUFFERS         ; off   ; -    ; alu_src_b_e[17]         ;
; REMOVE_REDUNDANT_LOGIC_CELLS ; off   ; -    ; alu_src_b_e[17]         ;
; IGNORE_LCELL_BUFFERS         ; off   ; -    ; alu_src_b_e[16]         ;
; REMOVE_REDUNDANT_LOGIC_CELLS ; off   ; -    ; alu_src_b_e[16]         ;
; IGNORE_LCELL_BUFFERS         ; off   ; -    ; alu_src_b_e[15]         ;
; REMOVE_REDUNDANT_LOGIC_CELLS ; off   ; -    ; alu_src_b_e[15]         ;
; IGNORE_LCELL_BUFFERS         ; off   ; -    ; alu_src_b_e[14]         ;
; REMOVE_REDUNDANT_LOGIC_CELLS ; off   ; -    ; alu_src_b_e[14]         ;
; IGNORE_LCELL_BUFFERS         ; off   ; -    ; alu_src_b_e[13]         ;
; REMOVE_REDUNDANT_LOGIC_CELLS ; off   ; -    ; alu_src_b_e[13]         ;
; IGNORE_LCELL_BUFFERS         ; off   ; -    ; alu_src_b_e[12]         ;
; REMOVE_REDUNDANT_LOGIC_CELLS ; off   ; -    ; alu_src_b_e[12]         ;
; IGNORE_LCELL_BUFFERS         ; off   ; -    ; alu_src_b_e[11]         ;
; REMOVE_REDUNDANT_LOGIC_CELLS ; off   ; -    ; alu_src_b_e[11]         ;
; IGNORE_LCELL_BUFFERS         ; off   ; -    ; alu_src_b_e[10]         ;
; REMOVE_REDUNDANT_LOGIC_CELLS ; off   ; -    ; alu_src_b_e[10]         ;
; IGNORE_LCELL_BUFFERS         ; off   ; -    ; alu_src_b_e[9]          ;
; REMOVE_REDUNDANT_LOGIC_CELLS ; off   ; -    ; alu_src_b_e[9]          ;
; IGNORE_LCELL_BUFFERS         ; off   ; -    ; alu_src_b_e[8]          ;
; REMOVE_REDUNDANT_LOGIC_CELLS ; off   ; -    ; alu_src_b_e[8]          ;
; IGNORE_LCELL_BUFFERS         ; off   ; -    ; alu_src_b_e[7]          ;
; REMOVE_REDUNDANT_LOGIC_CELLS ; off   ; -    ; alu_src_b_e[7]          ;
; IGNORE_LCELL_BUFFERS         ; off   ; -    ; alu_src_b_e[6]          ;
; REMOVE_REDUNDANT_LOGIC_CELLS ; off   ; -    ; alu_src_b_e[6]          ;
; IGNORE_LCELL_BUFFERS         ; off   ; -    ; alu_src_b_e[5]          ;
; REMOVE_REDUNDANT_LOGIC_CELLS ; off   ; -    ; alu_src_b_e[5]          ;
; IGNORE_LCELL_BUFFERS         ; off   ; -    ; alu_src_b_e[4]          ;
; REMOVE_REDUNDANT_LOGIC_CELLS ; off   ; -    ; alu_src_b_e[4]          ;
; IGNORE_LCELL_BUFFERS         ; off   ; -    ; alu_src_b_e[3]          ;
; REMOVE_REDUNDANT_LOGIC_CELLS ; off   ; -    ; alu_src_b_e[3]          ;
; IGNORE_LCELL_BUFFERS         ; off   ; -    ; alu_src_b_e[2]          ;
; REMOVE_REDUNDANT_LOGIC_CELLS ; off   ; -    ; alu_src_b_e[2]          ;
; IGNORE_LCELL_BUFFERS         ; off   ; -    ; alu_src_b_e[1]          ;
; REMOVE_REDUNDANT_LOGIC_CELLS ; off   ; -    ; alu_src_b_e[1]          ;
; IGNORE_LCELL_BUFFERS         ; off   ; -    ; alu_src_b_e[0]          ;
; REMOVE_REDUNDANT_LOGIC_CELLS ; off   ; -    ; alu_src_b_e[0]          ;
; IGNORE_LCELL_BUFFERS         ; off   ; -    ; alu_result_e[31]        ;
; REMOVE_REDUNDANT_LOGIC_CELLS ; off   ; -    ; alu_result_e[31]        ;
; IGNORE_LCELL_BUFFERS         ; off   ; -    ; alu_result_e[30]        ;
; REMOVE_REDUNDANT_LOGIC_CELLS ; off   ; -    ; alu_result_e[30]        ;
; IGNORE_LCELL_BUFFERS         ; off   ; -    ; alu_result_e[29]        ;
; REMOVE_REDUNDANT_LOGIC_CELLS ; off   ; -    ; alu_result_e[29]        ;
; IGNORE_LCELL_BUFFERS         ; off   ; -    ; alu_result_e[28]        ;
; REMOVE_REDUNDANT_LOGIC_CELLS ; off   ; -    ; alu_result_e[28]        ;
; IGNORE_LCELL_BUFFERS         ; off   ; -    ; alu_result_e[27]        ;
; REMOVE_REDUNDANT_LOGIC_CELLS ; off   ; -    ; alu_result_e[27]        ;
; IGNORE_LCELL_BUFFERS         ; off   ; -    ; alu_result_e[26]        ;
; REMOVE_REDUNDANT_LOGIC_CELLS ; off   ; -    ; alu_result_e[26]        ;
; IGNORE_LCELL_BUFFERS         ; off   ; -    ; alu_result_e[25]        ;
; REMOVE_REDUNDANT_LOGIC_CELLS ; off   ; -    ; alu_result_e[25]        ;
; IGNORE_LCELL_BUFFERS         ; off   ; -    ; alu_result_e[24]        ;
; REMOVE_REDUNDANT_LOGIC_CELLS ; off   ; -    ; alu_result_e[24]        ;
; IGNORE_LCELL_BUFFERS         ; off   ; -    ; alu_result_e[23]        ;
; REMOVE_REDUNDANT_LOGIC_CELLS ; off   ; -    ; alu_result_e[23]        ;
; IGNORE_LCELL_BUFFERS         ; off   ; -    ; alu_result_e[22]        ;
; REMOVE_REDUNDANT_LOGIC_CELLS ; off   ; -    ; alu_result_e[22]        ;
; IGNORE_LCELL_BUFFERS         ; off   ; -    ; alu_result_e[21]        ;
; REMOVE_REDUNDANT_LOGIC_CELLS ; off   ; -    ; alu_result_e[21]        ;
; IGNORE_LCELL_BUFFERS         ; off   ; -    ; alu_result_e[20]        ;
; REMOVE_REDUNDANT_LOGIC_CELLS ; off   ; -    ; alu_result_e[20]        ;
; IGNORE_LCELL_BUFFERS         ; off   ; -    ; alu_result_e[19]        ;
; REMOVE_REDUNDANT_LOGIC_CELLS ; off   ; -    ; alu_result_e[19]        ;
; IGNORE_LCELL_BUFFERS         ; off   ; -    ; alu_result_e[18]        ;
; REMOVE_REDUNDANT_LOGIC_CELLS ; off   ; -    ; alu_result_e[18]        ;
; IGNORE_LCELL_BUFFERS         ; off   ; -    ; alu_result_e[17]        ;
; REMOVE_REDUNDANT_LOGIC_CELLS ; off   ; -    ; alu_result_e[17]        ;
; IGNORE_LCELL_BUFFERS         ; off   ; -    ; alu_result_e[16]        ;
; REMOVE_REDUNDANT_LOGIC_CELLS ; off   ; -    ; alu_result_e[16]        ;
; IGNORE_LCELL_BUFFERS         ; off   ; -    ; alu_result_e[15]        ;
; REMOVE_REDUNDANT_LOGIC_CELLS ; off   ; -    ; alu_result_e[15]        ;
; IGNORE_LCELL_BUFFERS         ; off   ; -    ; alu_result_e[14]        ;
; REMOVE_REDUNDANT_LOGIC_CELLS ; off   ; -    ; alu_result_e[14]        ;
; IGNORE_LCELL_BUFFERS         ; off   ; -    ; alu_result_e[13]        ;
; REMOVE_REDUNDANT_LOGIC_CELLS ; off   ; -    ; alu_result_e[13]        ;
; IGNORE_LCELL_BUFFERS         ; off   ; -    ; alu_result_e[12]        ;
; REMOVE_REDUNDANT_LOGIC_CELLS ; off   ; -    ; alu_result_e[12]        ;
; IGNORE_LCELL_BUFFERS         ; off   ; -    ; alu_result_e[11]        ;
; REMOVE_REDUNDANT_LOGIC_CELLS ; off   ; -    ; alu_result_e[11]        ;
; IGNORE_LCELL_BUFFERS         ; off   ; -    ; alu_result_e[10]        ;
; REMOVE_REDUNDANT_LOGIC_CELLS ; off   ; -    ; alu_result_e[10]        ;
; IGNORE_LCELL_BUFFERS         ; off   ; -    ; alu_result_e[9]         ;
; REMOVE_REDUNDANT_LOGIC_CELLS ; off   ; -    ; alu_result_e[9]         ;
; IGNORE_LCELL_BUFFERS         ; off   ; -    ; alu_result_e[8]         ;
; REMOVE_REDUNDANT_LOGIC_CELLS ; off   ; -    ; alu_result_e[8]         ;
; IGNORE_LCELL_BUFFERS         ; off   ; -    ; alu_result_e[7]         ;
; REMOVE_REDUNDANT_LOGIC_CELLS ; off   ; -    ; alu_result_e[7]         ;
; IGNORE_LCELL_BUFFERS         ; off   ; -    ; alu_result_e[6]         ;
; REMOVE_REDUNDANT_LOGIC_CELLS ; off   ; -    ; alu_result_e[6]         ;
; IGNORE_LCELL_BUFFERS         ; off   ; -    ; alu_result_e[5]         ;
; REMOVE_REDUNDANT_LOGIC_CELLS ; off   ; -    ; alu_result_e[5]         ;
; IGNORE_LCELL_BUFFERS         ; off   ; -    ; alu_result_e[4]         ;
; REMOVE_REDUNDANT_LOGIC_CELLS ; off   ; -    ; alu_result_e[4]         ;
; IGNORE_LCELL_BUFFERS         ; off   ; -    ; alu_result_e[3]         ;
; REMOVE_REDUNDANT_LOGIC_CELLS ; off   ; -    ; alu_result_e[3]         ;
; IGNORE_LCELL_BUFFERS         ; off   ; -    ; alu_result_e[2]         ;
; REMOVE_REDUNDANT_LOGIC_CELLS ; off   ; -    ; alu_result_e[2]         ;
; IGNORE_LCELL_BUFFERS         ; off   ; -    ; alu_result_e[1]         ;
; REMOVE_REDUNDANT_LOGIC_CELLS ; off   ; -    ; alu_result_e[1]         ;
; IGNORE_LCELL_BUFFERS         ; off   ; -    ; alu_result_e[0]         ;
; REMOVE_REDUNDANT_LOGIC_CELLS ; off   ; -    ; alu_result_e[0]         ;
; IGNORE_LCELL_BUFFERS         ; off   ; -    ; data_mem_addr_m[31]     ;
; REMOVE_REDUNDANT_LOGIC_CELLS ; off   ; -    ; data_mem_addr_m[31]     ;
; IGNORE_LCELL_BUFFERS         ; off   ; -    ; data_mem_addr_m[30]     ;
; REMOVE_REDUNDANT_LOGIC_CELLS ; off   ; -    ; data_mem_addr_m[30]     ;
; IGNORE_LCELL_BUFFERS         ; off   ; -    ; data_mem_addr_m[29]     ;
; REMOVE_REDUNDANT_LOGIC_CELLS ; off   ; -    ; data_mem_addr_m[29]     ;
; IGNORE_LCELL_BUFFERS         ; off   ; -    ; data_mem_addr_m[28]     ;
; REMOVE_REDUNDANT_LOGIC_CELLS ; off   ; -    ; data_mem_addr_m[28]     ;
; IGNORE_LCELL_BUFFERS         ; off   ; -    ; data_mem_addr_m[27]     ;
; REMOVE_REDUNDANT_LOGIC_CELLS ; off   ; -    ; data_mem_addr_m[27]     ;
; IGNORE_LCELL_BUFFERS         ; off   ; -    ; data_mem_addr_m[26]     ;
; REMOVE_REDUNDANT_LOGIC_CELLS ; off   ; -    ; data_mem_addr_m[26]     ;
; IGNORE_LCELL_BUFFERS         ; off   ; -    ; data_mem_addr_m[25]     ;
; REMOVE_REDUNDANT_LOGIC_CELLS ; off   ; -    ; data_mem_addr_m[25]     ;
; IGNORE_LCELL_BUFFERS         ; off   ; -    ; data_mem_addr_m[24]     ;
; REMOVE_REDUNDANT_LOGIC_CELLS ; off   ; -    ; data_mem_addr_m[24]     ;
; IGNORE_LCELL_BUFFERS         ; off   ; -    ; data_mem_addr_m[23]     ;
; REMOVE_REDUNDANT_LOGIC_CELLS ; off   ; -    ; data_mem_addr_m[23]     ;
; IGNORE_LCELL_BUFFERS         ; off   ; -    ; data_mem_addr_m[22]     ;
; REMOVE_REDUNDANT_LOGIC_CELLS ; off   ; -    ; data_mem_addr_m[22]     ;
; IGNORE_LCELL_BUFFERS         ; off   ; -    ; data_mem_addr_m[21]     ;
; REMOVE_REDUNDANT_LOGIC_CELLS ; off   ; -    ; data_mem_addr_m[21]     ;
; IGNORE_LCELL_BUFFERS         ; off   ; -    ; data_mem_addr_m[20]     ;
; REMOVE_REDUNDANT_LOGIC_CELLS ; off   ; -    ; data_mem_addr_m[20]     ;
; IGNORE_LCELL_BUFFERS         ; off   ; -    ; data_mem_addr_m[19]     ;
; REMOVE_REDUNDANT_LOGIC_CELLS ; off   ; -    ; data_mem_addr_m[19]     ;
; IGNORE_LCELL_BUFFERS         ; off   ; -    ; data_mem_addr_m[18]     ;
; REMOVE_REDUNDANT_LOGIC_CELLS ; off   ; -    ; data_mem_addr_m[18]     ;
; IGNORE_LCELL_BUFFERS         ; off   ; -    ; data_mem_addr_m[17]     ;
; REMOVE_REDUNDANT_LOGIC_CELLS ; off   ; -    ; data_mem_addr_m[17]     ;
; IGNORE_LCELL_BUFFERS         ; off   ; -    ; data_mem_addr_m[16]     ;
; REMOVE_REDUNDANT_LOGIC_CELLS ; off   ; -    ; data_mem_addr_m[16]     ;
; IGNORE_LCELL_BUFFERS         ; off   ; -    ; data_mem_addr_m[15]     ;
; REMOVE_REDUNDANT_LOGIC_CELLS ; off   ; -    ; data_mem_addr_m[15]     ;
; IGNORE_LCELL_BUFFERS         ; off   ; -    ; data_mem_addr_m[14]     ;
; REMOVE_REDUNDANT_LOGIC_CELLS ; off   ; -    ; data_mem_addr_m[14]     ;
; IGNORE_LCELL_BUFFERS         ; off   ; -    ; data_mem_addr_m[13]     ;
; REMOVE_REDUNDANT_LOGIC_CELLS ; off   ; -    ; data_mem_addr_m[13]     ;
; IGNORE_LCELL_BUFFERS         ; off   ; -    ; data_mem_addr_m[12]     ;
; REMOVE_REDUNDANT_LOGIC_CELLS ; off   ; -    ; data_mem_addr_m[12]     ;
; IGNORE_LCELL_BUFFERS         ; off   ; -    ; data_mem_addr_m[11]     ;
; REMOVE_REDUNDANT_LOGIC_CELLS ; off   ; -    ; data_mem_addr_m[11]     ;
; IGNORE_LCELL_BUFFERS         ; off   ; -    ; data_mem_addr_m[10]     ;
; REMOVE_REDUNDANT_LOGIC_CELLS ; off   ; -    ; data_mem_addr_m[10]     ;
; IGNORE_LCELL_BUFFERS         ; off   ; -    ; data_mem_addr_m[9]      ;
; REMOVE_REDUNDANT_LOGIC_CELLS ; off   ; -    ; data_mem_addr_m[9]      ;
; IGNORE_LCELL_BUFFERS         ; off   ; -    ; data_mem_addr_m[8]      ;
; REMOVE_REDUNDANT_LOGIC_CELLS ; off   ; -    ; data_mem_addr_m[8]      ;
; IGNORE_LCELL_BUFFERS         ; off   ; -    ; data_mem_addr_m[7]      ;
; REMOVE_REDUNDANT_LOGIC_CELLS ; off   ; -    ; data_mem_addr_m[7]      ;
; IGNORE_LCELL_BUFFERS         ; off   ; -    ; data_mem_addr_m[6]      ;
; REMOVE_REDUNDANT_LOGIC_CELLS ; off   ; -    ; data_mem_addr_m[6]      ;
; IGNORE_LCELL_BUFFERS         ; off   ; -    ; data_mem_addr_m[5]      ;
; REMOVE_REDUNDANT_LOGIC_CELLS ; off   ; -    ; data_mem_addr_m[5]      ;
; IGNORE_LCELL_BUFFERS         ; off   ; -    ; data_mem_addr_m[4]      ;
; REMOVE_REDUNDANT_LOGIC_CELLS ; off   ; -    ; data_mem_addr_m[4]      ;
; IGNORE_LCELL_BUFFERS         ; off   ; -    ; data_mem_addr_m[3]      ;
; REMOVE_REDUNDANT_LOGIC_CELLS ; off   ; -    ; data_mem_addr_m[3]      ;
; IGNORE_LCELL_BUFFERS         ; off   ; -    ; data_mem_addr_m[2]      ;
; REMOVE_REDUNDANT_LOGIC_CELLS ; off   ; -    ; data_mem_addr_m[2]      ;
; IGNORE_LCELL_BUFFERS         ; off   ; -    ; data_mem_addr_m[1]      ;
; REMOVE_REDUNDANT_LOGIC_CELLS ; off   ; -    ; data_mem_addr_m[1]      ;
; IGNORE_LCELL_BUFFERS         ; off   ; -    ; data_mem_addr_m[0]      ;
; REMOVE_REDUNDANT_LOGIC_CELLS ; off   ; -    ; data_mem_addr_m[0]      ;
; IGNORE_LCELL_BUFFERS         ; off   ; -    ; pc_src_hzd_free_e[1]    ;
; REMOVE_REDUNDANT_LOGIC_CELLS ; off   ; -    ; pc_src_hzd_free_e[1]    ;
; IGNORE_LCELL_BUFFERS         ; off   ; -    ; pc_src_hzd_free_e[0]    ;
; REMOVE_REDUNDANT_LOGIC_CELLS ; off   ; -    ; pc_src_hzd_free_e[0]    ;
; IGNORE_LCELL_BUFFERS         ; off   ; -    ; data_mmio_rd_data_m[31] ;
; REMOVE_REDUNDANT_LOGIC_CELLS ; off   ; -    ; data_mmio_rd_data_m[31] ;
; IGNORE_LCELL_BUFFERS         ; off   ; -    ; data_mmio_rd_data_m[30] ;
; REMOVE_REDUNDANT_LOGIC_CELLS ; off   ; -    ; data_mmio_rd_data_m[30] ;
; IGNORE_LCELL_BUFFERS         ; off   ; -    ; data_mmio_rd_data_m[29] ;
; REMOVE_REDUNDANT_LOGIC_CELLS ; off   ; -    ; data_mmio_rd_data_m[29] ;
; IGNORE_LCELL_BUFFERS         ; off   ; -    ; data_mmio_rd_data_m[28] ;
; REMOVE_REDUNDANT_LOGIC_CELLS ; off   ; -    ; data_mmio_rd_data_m[28] ;
; IGNORE_LCELL_BUFFERS         ; off   ; -    ; data_mmio_rd_data_m[27] ;
; REMOVE_REDUNDANT_LOGIC_CELLS ; off   ; -    ; data_mmio_rd_data_m[27] ;
; IGNORE_LCELL_BUFFERS         ; off   ; -    ; data_mmio_rd_data_m[26] ;
; REMOVE_REDUNDANT_LOGIC_CELLS ; off   ; -    ; data_mmio_rd_data_m[26] ;
; IGNORE_LCELL_BUFFERS         ; off   ; -    ; data_mmio_rd_data_m[25] ;
; REMOVE_REDUNDANT_LOGIC_CELLS ; off   ; -    ; data_mmio_rd_data_m[25] ;
; IGNORE_LCELL_BUFFERS         ; off   ; -    ; data_mmio_rd_data_m[24] ;
; REMOVE_REDUNDANT_LOGIC_CELLS ; off   ; -    ; data_mmio_rd_data_m[24] ;
; IGNORE_LCELL_BUFFERS         ; off   ; -    ; data_mmio_rd_data_m[23] ;
; REMOVE_REDUNDANT_LOGIC_CELLS ; off   ; -    ; data_mmio_rd_data_m[23] ;
; IGNORE_LCELL_BUFFERS         ; off   ; -    ; data_mmio_rd_data_m[22] ;
; REMOVE_REDUNDANT_LOGIC_CELLS ; off   ; -    ; data_mmio_rd_data_m[22] ;
; IGNORE_LCELL_BUFFERS         ; off   ; -    ; data_mmio_rd_data_m[21] ;
; REMOVE_REDUNDANT_LOGIC_CELLS ; off   ; -    ; data_mmio_rd_data_m[21] ;
; IGNORE_LCELL_BUFFERS         ; off   ; -    ; data_mmio_rd_data_m[20] ;
; REMOVE_REDUNDANT_LOGIC_CELLS ; off   ; -    ; data_mmio_rd_data_m[20] ;
; IGNORE_LCELL_BUFFERS         ; off   ; -    ; data_mmio_rd_data_m[19] ;
; REMOVE_REDUNDANT_LOGIC_CELLS ; off   ; -    ; data_mmio_rd_data_m[19] ;
; IGNORE_LCELL_BUFFERS         ; off   ; -    ; data_mmio_rd_data_m[18] ;
; REMOVE_REDUNDANT_LOGIC_CELLS ; off   ; -    ; data_mmio_rd_data_m[18] ;
; IGNORE_LCELL_BUFFERS         ; off   ; -    ; data_mmio_rd_data_m[17] ;
; REMOVE_REDUNDANT_LOGIC_CELLS ; off   ; -    ; data_mmio_rd_data_m[17] ;
; IGNORE_LCELL_BUFFERS         ; off   ; -    ; data_mmio_rd_data_m[16] ;
; REMOVE_REDUNDANT_LOGIC_CELLS ; off   ; -    ; data_mmio_rd_data_m[16] ;
; IGNORE_LCELL_BUFFERS         ; off   ; -    ; data_mmio_rd_data_m[15] ;
; REMOVE_REDUNDANT_LOGIC_CELLS ; off   ; -    ; data_mmio_rd_data_m[15] ;
; IGNORE_LCELL_BUFFERS         ; off   ; -    ; data_mmio_rd_data_m[14] ;
; REMOVE_REDUNDANT_LOGIC_CELLS ; off   ; -    ; data_mmio_rd_data_m[14] ;
; IGNORE_LCELL_BUFFERS         ; off   ; -    ; data_mmio_rd_data_m[13] ;
; REMOVE_REDUNDANT_LOGIC_CELLS ; off   ; -    ; data_mmio_rd_data_m[13] ;
; IGNORE_LCELL_BUFFERS         ; off   ; -    ; data_mmio_rd_data_m[12] ;
; REMOVE_REDUNDANT_LOGIC_CELLS ; off   ; -    ; data_mmio_rd_data_m[12] ;
; IGNORE_LCELL_BUFFERS         ; off   ; -    ; data_mmio_rd_data_m[11] ;
; REMOVE_REDUNDANT_LOGIC_CELLS ; off   ; -    ; data_mmio_rd_data_m[11] ;
; IGNORE_LCELL_BUFFERS         ; off   ; -    ; data_mmio_rd_data_m[10] ;
; REMOVE_REDUNDANT_LOGIC_CELLS ; off   ; -    ; data_mmio_rd_data_m[10] ;
; IGNORE_LCELL_BUFFERS         ; off   ; -    ; data_mmio_rd_data_m[9]  ;
; REMOVE_REDUNDANT_LOGIC_CELLS ; off   ; -    ; data_mmio_rd_data_m[9]  ;
; IGNORE_LCELL_BUFFERS         ; off   ; -    ; data_mmio_rd_data_m[8]  ;
; REMOVE_REDUNDANT_LOGIC_CELLS ; off   ; -    ; data_mmio_rd_data_m[8]  ;
; IGNORE_LCELL_BUFFERS         ; off   ; -    ; data_mmio_rd_data_m[7]  ;
; REMOVE_REDUNDANT_LOGIC_CELLS ; off   ; -    ; data_mmio_rd_data_m[7]  ;
; IGNORE_LCELL_BUFFERS         ; off   ; -    ; data_mmio_rd_data_m[6]  ;
; REMOVE_REDUNDANT_LOGIC_CELLS ; off   ; -    ; data_mmio_rd_data_m[6]  ;
; IGNORE_LCELL_BUFFERS         ; off   ; -    ; data_mmio_rd_data_m[5]  ;
; REMOVE_REDUNDANT_LOGIC_CELLS ; off   ; -    ; data_mmio_rd_data_m[5]  ;
; IGNORE_LCELL_BUFFERS         ; off   ; -    ; data_mmio_rd_data_m[4]  ;
; REMOVE_REDUNDANT_LOGIC_CELLS ; off   ; -    ; data_mmio_rd_data_m[4]  ;
; IGNORE_LCELL_BUFFERS         ; off   ; -    ; data_mmio_rd_data_m[3]  ;
; REMOVE_REDUNDANT_LOGIC_CELLS ; off   ; -    ; data_mmio_rd_data_m[3]  ;
; IGNORE_LCELL_BUFFERS         ; off   ; -    ; data_mmio_rd_data_m[2]  ;
; REMOVE_REDUNDANT_LOGIC_CELLS ; off   ; -    ; data_mmio_rd_data_m[2]  ;
; IGNORE_LCELL_BUFFERS         ; off   ; -    ; data_mmio_rd_data_m[1]  ;
; REMOVE_REDUNDANT_LOGIC_CELLS ; off   ; -    ; data_mmio_rd_data_m[1]  ;
; IGNORE_LCELL_BUFFERS         ; off   ; -    ; data_mmio_rd_data_m[0]  ;
; REMOVE_REDUNDANT_LOGIC_CELLS ; off   ; -    ; data_mmio_rd_data_m[0]  ;
; IGNORE_LCELL_BUFFERS         ; off   ; -    ; data_mmio_wr_addr_val_m ;
; REMOVE_REDUNDANT_LOGIC_CELLS ; off   ; -    ; data_mmio_wr_addr_val_m ;
; IGNORE_LCELL_BUFFERS         ; off   ; -    ; data_mmio_rd_addr_val_m ;
; REMOVE_REDUNDANT_LOGIC_CELLS ; off   ; -    ; data_mmio_rd_addr_val_m ;
; IGNORE_LCELL_BUFFERS         ; off   ; -    ; data_mmio_wr_addr_m[31] ;
; REMOVE_REDUNDANT_LOGIC_CELLS ; off   ; -    ; data_mmio_wr_addr_m[31] ;
; IGNORE_LCELL_BUFFERS         ; off   ; -    ; data_mmio_wr_addr_m[30] ;
; REMOVE_REDUNDANT_LOGIC_CELLS ; off   ; -    ; data_mmio_wr_addr_m[30] ;
; IGNORE_LCELL_BUFFERS         ; off   ; -    ; data_mmio_wr_addr_m[29] ;
; REMOVE_REDUNDANT_LOGIC_CELLS ; off   ; -    ; data_mmio_wr_addr_m[29] ;
; IGNORE_LCELL_BUFFERS         ; off   ; -    ; data_mmio_wr_addr_m[28] ;
; REMOVE_REDUNDANT_LOGIC_CELLS ; off   ; -    ; data_mmio_wr_addr_m[28] ;
; IGNORE_LCELL_BUFFERS         ; off   ; -    ; data_mmio_wr_addr_m[27] ;
; REMOVE_REDUNDANT_LOGIC_CELLS ; off   ; -    ; data_mmio_wr_addr_m[27] ;
; IGNORE_LCELL_BUFFERS         ; off   ; -    ; data_mmio_wr_addr_m[26] ;
; REMOVE_REDUNDANT_LOGIC_CELLS ; off   ; -    ; data_mmio_wr_addr_m[26] ;
; IGNORE_LCELL_BUFFERS         ; off   ; -    ; data_mmio_wr_addr_m[25] ;
; REMOVE_REDUNDANT_LOGIC_CELLS ; off   ; -    ; data_mmio_wr_addr_m[25] ;
; IGNORE_LCELL_BUFFERS         ; off   ; -    ; data_mmio_wr_addr_m[24] ;
; REMOVE_REDUNDANT_LOGIC_CELLS ; off   ; -    ; data_mmio_wr_addr_m[24] ;
; IGNORE_LCELL_BUFFERS         ; off   ; -    ; data_mmio_wr_addr_m[23] ;
; REMOVE_REDUNDANT_LOGIC_CELLS ; off   ; -    ; data_mmio_wr_addr_m[23] ;
; IGNORE_LCELL_BUFFERS         ; off   ; -    ; data_mmio_wr_addr_m[22] ;
; REMOVE_REDUNDANT_LOGIC_CELLS ; off   ; -    ; data_mmio_wr_addr_m[22] ;
; IGNORE_LCELL_BUFFERS         ; off   ; -    ; data_mmio_wr_addr_m[21] ;
; REMOVE_REDUNDANT_LOGIC_CELLS ; off   ; -    ; data_mmio_wr_addr_m[21] ;
; IGNORE_LCELL_BUFFERS         ; off   ; -    ; data_mmio_wr_addr_m[20] ;
; REMOVE_REDUNDANT_LOGIC_CELLS ; off   ; -    ; data_mmio_wr_addr_m[20] ;
; IGNORE_LCELL_BUFFERS         ; off   ; -    ; data_mmio_wr_addr_m[19] ;
; REMOVE_REDUNDANT_LOGIC_CELLS ; off   ; -    ; data_mmio_wr_addr_m[19] ;
; IGNORE_LCELL_BUFFERS         ; off   ; -    ; data_mmio_wr_addr_m[18] ;
; REMOVE_REDUNDANT_LOGIC_CELLS ; off   ; -    ; data_mmio_wr_addr_m[18] ;
; IGNORE_LCELL_BUFFERS         ; off   ; -    ; data_mmio_wr_addr_m[17] ;
; REMOVE_REDUNDANT_LOGIC_CELLS ; off   ; -    ; data_mmio_wr_addr_m[17] ;
; IGNORE_LCELL_BUFFERS         ; off   ; -    ; data_mmio_wr_addr_m[16] ;
; REMOVE_REDUNDANT_LOGIC_CELLS ; off   ; -    ; data_mmio_wr_addr_m[16] ;
; IGNORE_LCELL_BUFFERS         ; off   ; -    ; data_mmio_wr_addr_m[15] ;
; REMOVE_REDUNDANT_LOGIC_CELLS ; off   ; -    ; data_mmio_wr_addr_m[15] ;
; IGNORE_LCELL_BUFFERS         ; off   ; -    ; data_mmio_wr_addr_m[14] ;
; REMOVE_REDUNDANT_LOGIC_CELLS ; off   ; -    ; data_mmio_wr_addr_m[14] ;
; IGNORE_LCELL_BUFFERS         ; off   ; -    ; data_mmio_wr_addr_m[13] ;
; REMOVE_REDUNDANT_LOGIC_CELLS ; off   ; -    ; data_mmio_wr_addr_m[13] ;
; IGNORE_LCELL_BUFFERS         ; off   ; -    ; data_mmio_wr_addr_m[12] ;
; REMOVE_REDUNDANT_LOGIC_CELLS ; off   ; -    ; data_mmio_wr_addr_m[12] ;
; IGNORE_LCELL_BUFFERS         ; off   ; -    ; data_mmio_wr_addr_m[11] ;
; REMOVE_REDUNDANT_LOGIC_CELLS ; off   ; -    ; data_mmio_wr_addr_m[11] ;
; IGNORE_LCELL_BUFFERS         ; off   ; -    ; data_mmio_wr_addr_m[10] ;
; REMOVE_REDUNDANT_LOGIC_CELLS ; off   ; -    ; data_mmio_wr_addr_m[10] ;
; IGNORE_LCELL_BUFFERS         ; off   ; -    ; data_mmio_wr_addr_m[9]  ;
; REMOVE_REDUNDANT_LOGIC_CELLS ; off   ; -    ; data_mmio_wr_addr_m[9]  ;
; IGNORE_LCELL_BUFFERS         ; off   ; -    ; data_mmio_wr_addr_m[8]  ;
; REMOVE_REDUNDANT_LOGIC_CELLS ; off   ; -    ; data_mmio_wr_addr_m[8]  ;
; IGNORE_LCELL_BUFFERS         ; off   ; -    ; data_mmio_wr_addr_m[7]  ;
; REMOVE_REDUNDANT_LOGIC_CELLS ; off   ; -    ; data_mmio_wr_addr_m[7]  ;
; IGNORE_LCELL_BUFFERS         ; off   ; -    ; data_mmio_wr_addr_m[6]  ;
; REMOVE_REDUNDANT_LOGIC_CELLS ; off   ; -    ; data_mmio_wr_addr_m[6]  ;
; IGNORE_LCELL_BUFFERS         ; off   ; -    ; data_mmio_wr_addr_m[5]  ;
; REMOVE_REDUNDANT_LOGIC_CELLS ; off   ; -    ; data_mmio_wr_addr_m[5]  ;
; IGNORE_LCELL_BUFFERS         ; off   ; -    ; data_mmio_wr_addr_m[4]  ;
; REMOVE_REDUNDANT_LOGIC_CELLS ; off   ; -    ; data_mmio_wr_addr_m[4]  ;
; IGNORE_LCELL_BUFFERS         ; off   ; -    ; data_mmio_wr_addr_m[3]  ;
; REMOVE_REDUNDANT_LOGIC_CELLS ; off   ; -    ; data_mmio_wr_addr_m[3]  ;
; IGNORE_LCELL_BUFFERS         ; off   ; -    ; data_mmio_wr_addr_m[2]  ;
; REMOVE_REDUNDANT_LOGIC_CELLS ; off   ; -    ; data_mmio_wr_addr_m[2]  ;
; IGNORE_LCELL_BUFFERS         ; off   ; -    ; data_mmio_wr_addr_m[1]  ;
; REMOVE_REDUNDANT_LOGIC_CELLS ; off   ; -    ; data_mmio_wr_addr_m[1]  ;
; IGNORE_LCELL_BUFFERS         ; off   ; -    ; data_mmio_wr_addr_m[0]  ;
; REMOVE_REDUNDANT_LOGIC_CELLS ; off   ; -    ; data_mmio_wr_addr_m[0]  ;
+------------------------------+-------+------+-------------------------+


+------------------------------------------------------------------------------+
; Source assignments for risc_v_mike_ctrl:i_risc_v_mike_ctrl                   ;
+------------------------------+-------+------+--------------------------------+
; Assignment                   ; Value ; From ; To                             ;
+------------------------------+-------+------+--------------------------------+
; PRESERVE_REGISTER            ; on    ; -    ; data_hzd_nuke_m_internal       ;
; PRESERVE_REGISTER            ; on    ; -    ; data_hzd_nuke_m_internal       ;
; PRESERVE_FANOUT_FREE_NODE    ; on    ; -    ; data_hzd_nuke_m_internal       ;
; PRESERVE_REGISTER            ; on    ; -    ; data_hzd_nuke_w_internal       ;
; PRESERVE_REGISTER            ; on    ; -    ; data_hzd_nuke_w_internal       ;
; PRESERVE_FANOUT_FREE_NODE    ; on    ; -    ; data_hzd_nuke_w_internal       ;
; PRESERVE_REGISTER            ; on    ; -    ; data_hzd_nuke_w_plus1_internal ;
; PRESERVE_REGISTER            ; on    ; -    ; data_hzd_nuke_w_plus1_internal ;
; PRESERVE_FANOUT_FREE_NODE    ; on    ; -    ; data_hzd_nuke_w_plus1_internal ;
; PRESERVE_REGISTER            ; on    ; -    ; data_hzd_nuke_w_plus2_internal ;
; PRESERVE_REGISTER            ; on    ; -    ; data_hzd_nuke_w_plus2_internal ;
; PRESERVE_FANOUT_FREE_NODE    ; on    ; -    ; data_hzd_nuke_w_plus2_internal ;
; IGNORE_LCELL_BUFFERS         ; off   ; -    ; data_hzd_nuke_e_internal       ;
; REMOVE_REDUNDANT_LOGIC_CELLS ; off   ; -    ; data_hzd_nuke_e_internal       ;
+------------------------------+-------+------+--------------------------------+


+--------------------------------------------------------------------+
; Source assignments for risc_v_mike_reg_file:i_risc_v_mike_reg_file ;
+-------------------+-------+------+---------------------------------+
; Assignment        ; Value ; From ; To                              ;
+-------------------+-------+------+---------------------------------+
; PRESERVE_REGISTER ; on    ; -    ; reg_file_ff[28][18]             ;
; PRESERVE_REGISTER ; on    ; -    ; reg_file_ff[28][17]             ;
; PRESERVE_REGISTER ; on    ; -    ; reg_file_ff[28][16]             ;
; PRESERVE_REGISTER ; on    ; -    ; reg_file_ff[28][15]             ;
; PRESERVE_REGISTER ; on    ; -    ; reg_file_ff[28][14]             ;
; PRESERVE_REGISTER ; on    ; -    ; reg_file_ff[28][13]             ;
; PRESERVE_REGISTER ; on    ; -    ; reg_file_ff[28][12]             ;
; PRESERVE_REGISTER ; on    ; -    ; reg_file_ff[28][11]             ;
; PRESERVE_REGISTER ; on    ; -    ; reg_file_ff[28][10]             ;
; PRESERVE_REGISTER ; on    ; -    ; reg_file_ff[28][9]              ;
; PRESERVE_REGISTER ; on    ; -    ; reg_file_ff[28][8]              ;
; PRESERVE_REGISTER ; on    ; -    ; reg_file_ff[28][7]              ;
; PRESERVE_REGISTER ; on    ; -    ; reg_file_ff[28][6]              ;
; PRESERVE_REGISTER ; on    ; -    ; reg_file_ff[28][5]              ;
; PRESERVE_REGISTER ; on    ; -    ; reg_file_ff[28][4]              ;
; PRESERVE_REGISTER ; on    ; -    ; reg_file_ff[28][3]              ;
; PRESERVE_REGISTER ; on    ; -    ; reg_file_ff[28][2]              ;
; PRESERVE_REGISTER ; on    ; -    ; reg_file_ff[28][1]              ;
; PRESERVE_REGISTER ; on    ; -    ; reg_file_ff[29][31]             ;
; PRESERVE_REGISTER ; on    ; -    ; reg_file_ff[29][30]             ;
; PRESERVE_REGISTER ; on    ; -    ; reg_file_ff[29][29]             ;
; PRESERVE_REGISTER ; on    ; -    ; reg_file_ff[29][28]             ;
; PRESERVE_REGISTER ; on    ; -    ; reg_file_ff[29][27]             ;
; PRESERVE_REGISTER ; on    ; -    ; reg_file_ff[29][26]             ;
; PRESERVE_REGISTER ; on    ; -    ; reg_file_ff[29][25]             ;
; PRESERVE_REGISTER ; on    ; -    ; reg_file_ff[29][24]             ;
; PRESERVE_REGISTER ; on    ; -    ; reg_file_ff[29][23]             ;
; PRESERVE_REGISTER ; on    ; -    ; reg_file_ff[29][22]             ;
; PRESERVE_REGISTER ; on    ; -    ; reg_file_ff[29][21]             ;
; PRESERVE_REGISTER ; on    ; -    ; reg_file_ff[29][20]             ;
; PRESERVE_REGISTER ; on    ; -    ; reg_file_ff[29][19]             ;
; PRESERVE_REGISTER ; on    ; -    ; reg_file_ff[29][18]             ;
; PRESERVE_REGISTER ; on    ; -    ; reg_file_ff[29][17]             ;
; PRESERVE_REGISTER ; on    ; -    ; reg_file_ff[29][16]             ;
; PRESERVE_REGISTER ; on    ; -    ; reg_file_ff[29][15]             ;
; PRESERVE_REGISTER ; on    ; -    ; reg_file_ff[29][14]             ;
; PRESERVE_REGISTER ; on    ; -    ; reg_file_ff[1][0]               ;
; PRESERVE_REGISTER ; on    ; -    ; reg_file_ff[29][13]             ;
; PRESERVE_REGISTER ; on    ; -    ; reg_file_ff[29][12]             ;
; PRESERVE_REGISTER ; on    ; -    ; reg_file_ff[2][0]               ;
; PRESERVE_REGISTER ; on    ; -    ; reg_file_ff[29][11]             ;
; PRESERVE_REGISTER ; on    ; -    ; reg_file_ff[3][0]               ;
; PRESERVE_REGISTER ; on    ; -    ; reg_file_ff[29][10]             ;
; PRESERVE_REGISTER ; on    ; -    ; reg_file_ff[29][9]              ;
; PRESERVE_REGISTER ; on    ; -    ; reg_file_ff[4][0]               ;
; PRESERVE_REGISTER ; on    ; -    ; reg_file_ff[29][8]              ;
; PRESERVE_REGISTER ; on    ; -    ; reg_file_ff[29][7]              ;
; PRESERVE_REGISTER ; on    ; -    ; reg_file_ff[5][0]               ;
; PRESERVE_REGISTER ; on    ; -    ; reg_file_ff[29][6]              ;
; PRESERVE_REGISTER ; on    ; -    ; reg_file_ff[29][5]              ;
; PRESERVE_REGISTER ; on    ; -    ; reg_file_ff[29][4]              ;
; PRESERVE_REGISTER ; on    ; -    ; reg_file_ff[6][0]               ;
; PRESERVE_REGISTER ; on    ; -    ; reg_file_ff[29][3]              ;
; PRESERVE_REGISTER ; on    ; -    ; reg_file_ff[7][0]               ;
; PRESERVE_REGISTER ; on    ; -    ; reg_file_ff[29][2]              ;
; PRESERVE_REGISTER ; on    ; -    ; reg_file_ff[29][1]              ;
; PRESERVE_REGISTER ; on    ; -    ; reg_file_ff[8][0]               ;
; PRESERVE_REGISTER ; on    ; -    ; reg_file_ff[30][31]             ;
; PRESERVE_REGISTER ; on    ; -    ; reg_file_ff[30][30]             ;
; PRESERVE_REGISTER ; on    ; -    ; reg_file_ff[9][0]               ;
; PRESERVE_REGISTER ; on    ; -    ; reg_file_ff[30][29]             ;
; PRESERVE_REGISTER ; on    ; -    ; reg_file_ff[30][28]             ;
; PRESERVE_REGISTER ; on    ; -    ; reg_file_ff[30][27]             ;
; PRESERVE_REGISTER ; on    ; -    ; reg_file_ff[10][0]              ;
; PRESERVE_REGISTER ; on    ; -    ; reg_file_ff[30][26]             ;
; PRESERVE_REGISTER ; on    ; -    ; reg_file_ff[30][25]             ;
; PRESERVE_REGISTER ; on    ; -    ; reg_file_ff[11][0]              ;
; PRESERVE_REGISTER ; on    ; -    ; reg_file_ff[30][24]             ;
; PRESERVE_REGISTER ; on    ; -    ; reg_file_ff[30][23]             ;
; PRESERVE_REGISTER ; on    ; -    ; reg_file_ff[30][22]             ;
; PRESERVE_REGISTER ; on    ; -    ; reg_file_ff[12][0]              ;
; PRESERVE_REGISTER ; on    ; -    ; reg_file_ff[30][21]             ;
; PRESERVE_REGISTER ; on    ; -    ; reg_file_ff[30][20]             ;
; PRESERVE_REGISTER ; on    ; -    ; reg_file_ff[30][19]             ;
; PRESERVE_REGISTER ; on    ; -    ; reg_file_ff[13][0]              ;
; PRESERVE_REGISTER ; on    ; -    ; reg_file_ff[30][18]             ;
; PRESERVE_REGISTER ; on    ; -    ; reg_file_ff[30][17]             ;
; PRESERVE_REGISTER ; on    ; -    ; reg_file_ff[30][16]             ;
; PRESERVE_REGISTER ; on    ; -    ; reg_file_ff[30][15]             ;
; PRESERVE_REGISTER ; on    ; -    ; reg_file_ff[14][0]              ;
; PRESERVE_REGISTER ; on    ; -    ; reg_file_ff[30][14]             ;
; PRESERVE_REGISTER ; on    ; -    ; reg_file_ff[15][0]              ;
; PRESERVE_REGISTER ; on    ; -    ; reg_file_ff[30][13]             ;
; PRESERVE_REGISTER ; on    ; -    ; reg_file_ff[30][12]             ;
; PRESERVE_REGISTER ; on    ; -    ; reg_file_ff[16][0]              ;
; PRESERVE_REGISTER ; on    ; -    ; reg_file_ff[30][11]             ;
; PRESERVE_REGISTER ; on    ; -    ; reg_file_ff[30][10]             ;
; PRESERVE_REGISTER ; on    ; -    ; reg_file_ff[17][0]              ;
; PRESERVE_REGISTER ; on    ; -    ; reg_file_ff[30][9]              ;
; PRESERVE_REGISTER ; on    ; -    ; reg_file_ff[30][8]              ;
; PRESERVE_REGISTER ; on    ; -    ; reg_file_ff[30][7]              ;
; PRESERVE_REGISTER ; on    ; -    ; reg_file_ff[18][0]              ;
; PRESERVE_REGISTER ; on    ; -    ; reg_file_ff[30][6]              ;
; PRESERVE_REGISTER ; on    ; -    ; reg_file_ff[30][5]              ;
; PRESERVE_REGISTER ; on    ; -    ; reg_file_ff[19][0]              ;
; PRESERVE_REGISTER ; on    ; -    ; reg_file_ff[30][4]              ;
; PRESERVE_REGISTER ; on    ; -    ; reg_file_ff[30][3]              ;
; PRESERVE_REGISTER ; on    ; -    ; reg_file_ff[30][2]              ;
; PRESERVE_REGISTER ; on    ; -    ; reg_file_ff[20][0]              ;
; PRESERVE_REGISTER ; on    ; -    ; reg_file_ff[30][1]              ;
; PRESERVE_REGISTER ; on    ; -    ; reg_file_ff[31][31]             ;
; PRESERVE_REGISTER ; on    ; -    ; reg_file_ff[31][30]             ;
; PRESERVE_REGISTER ; on    ; -    ; reg_file_ff[21][0]              ;
; PRESERVE_REGISTER ; on    ; -    ; reg_file_ff[31][29]             ;
; PRESERVE_REGISTER ; on    ; -    ; reg_file_ff[31][28]             ;
; PRESERVE_REGISTER ; on    ; -    ; reg_file_ff[31][27]             ;
; PRESERVE_REGISTER ; on    ; -    ; reg_file_ff[31][26]             ;
; PRESERVE_REGISTER ; on    ; -    ; reg_file_ff[22][0]              ;
; PRESERVE_REGISTER ; on    ; -    ; reg_file_ff[31][25]             ;
; PRESERVE_REGISTER ; on    ; -    ; reg_file_ff[31][24]             ;
; PRESERVE_REGISTER ; on    ; -    ; reg_file_ff[23][0]              ;
; PRESERVE_REGISTER ; on    ; -    ; reg_file_ff[31][23]             ;
; PRESERVE_REGISTER ; on    ; -    ; reg_file_ff[31][22]             ;
; PRESERVE_REGISTER ; on    ; -    ; reg_file_ff[31][21]             ;
; PRESERVE_REGISTER ; on    ; -    ; reg_file_ff[24][0]              ;
; PRESERVE_REGISTER ; on    ; -    ; reg_file_ff[31][20]             ;
; PRESERVE_REGISTER ; on    ; -    ; reg_file_ff[31][19]             ;
; PRESERVE_REGISTER ; on    ; -    ; reg_file_ff[31][18]             ;
; PRESERVE_REGISTER ; on    ; -    ; reg_file_ff[25][0]              ;
; PRESERVE_REGISTER ; on    ; -    ; reg_file_ff[31][17]             ;
; PRESERVE_REGISTER ; on    ; -    ; reg_file_ff[31][16]             ;
; PRESERVE_REGISTER ; on    ; -    ; reg_file_ff[31][15]             ;
; PRESERVE_REGISTER ; on    ; -    ; reg_file_ff[31][14]             ;
; PRESERVE_REGISTER ; on    ; -    ; reg_file_ff[26][0]              ;
; PRESERVE_REGISTER ; on    ; -    ; reg_file_ff[31][13]             ;
; PRESERVE_REGISTER ; on    ; -    ; reg_file_ff[31][12]             ;
; PRESERVE_REGISTER ; on    ; -    ; reg_file_ff[31][11]             ;
; PRESERVE_REGISTER ; on    ; -    ; reg_file_ff[27][0]              ;
; PRESERVE_REGISTER ; on    ; -    ; reg_file_ff[31][10]             ;
; PRESERVE_REGISTER ; on    ; -    ; reg_file_ff[31][9]              ;
; PRESERVE_REGISTER ; on    ; -    ; reg_file_ff[31][8]              ;
; PRESERVE_REGISTER ; on    ; -    ; reg_file_ff[31][7]              ;
; PRESERVE_REGISTER ; on    ; -    ; reg_file_ff[28][0]              ;
; PRESERVE_REGISTER ; on    ; -    ; reg_file_ff[31][6]              ;
; PRESERVE_REGISTER ; on    ; -    ; reg_file_ff[31][5]              ;
; PRESERVE_REGISTER ; on    ; -    ; reg_file_ff[31][4]              ;
; PRESERVE_REGISTER ; on    ; -    ; reg_file_ff[31][3]              ;
; PRESERVE_REGISTER ; on    ; -    ; reg_file_ff[29][0]              ;
; PRESERVE_REGISTER ; on    ; -    ; reg_file_ff[31][2]              ;
; PRESERVE_REGISTER ; on    ; -    ; reg_file_ff[31][1]              ;
; PRESERVE_REGISTER ; on    ; -    ; reg_file_ff[31][0]              ;
; PRESERVE_REGISTER ; on    ; -    ; reg_file_ff[30][0]              ;
; PRESERVE_REGISTER ; on    ; -    ; reg_file_ff[28][19]             ;
; PRESERVE_REGISTER ; on    ; -    ; reg_file_ff[28][20]             ;
; PRESERVE_REGISTER ; on    ; -    ; reg_file_ff[28][21]             ;
; PRESERVE_REGISTER ; on    ; -    ; reg_file_ff[28][22]             ;
; PRESERVE_REGISTER ; on    ; -    ; reg_file_ff[28][23]             ;
; PRESERVE_REGISTER ; on    ; -    ; reg_file_ff[28][24]             ;
; PRESERVE_REGISTER ; on    ; -    ; reg_file_ff[28][25]             ;
; PRESERVE_REGISTER ; on    ; -    ; reg_file_ff[28][26]             ;
; PRESERVE_REGISTER ; on    ; -    ; reg_file_ff[28][27]             ;
; PRESERVE_REGISTER ; on    ; -    ; reg_file_ff[28][28]             ;
; PRESERVE_REGISTER ; on    ; -    ; reg_file_ff[28][29]             ;
; PRESERVE_REGISTER ; on    ; -    ; reg_file_ff[28][30]             ;
; PRESERVE_REGISTER ; on    ; -    ; reg_file_ff[28][31]             ;
; PRESERVE_REGISTER ; on    ; -    ; reg_file_ff[27][1]              ;
; PRESERVE_REGISTER ; on    ; -    ; reg_file_ff[27][2]              ;
; PRESERVE_REGISTER ; on    ; -    ; reg_file_ff[27][3]              ;
; PRESERVE_REGISTER ; on    ; -    ; reg_file_ff[27][4]              ;
; PRESERVE_REGISTER ; on    ; -    ; reg_file_ff[27][5]              ;
; PRESERVE_REGISTER ; on    ; -    ; reg_file_ff[27][6]              ;
; PRESERVE_REGISTER ; on    ; -    ; reg_file_ff[27][7]              ;
; PRESERVE_REGISTER ; on    ; -    ; reg_file_ff[27][8]              ;
; PRESERVE_REGISTER ; on    ; -    ; reg_file_ff[27][9]              ;
; PRESERVE_REGISTER ; on    ; -    ; reg_file_ff[27][10]             ;
; PRESERVE_REGISTER ; on    ; -    ; reg_file_ff[27][11]             ;
; PRESERVE_REGISTER ; on    ; -    ; reg_file_ff[27][12]             ;
; PRESERVE_REGISTER ; on    ; -    ; reg_file_ff[27][13]             ;
; PRESERVE_REGISTER ; on    ; -    ; reg_file_ff[27][14]             ;
; PRESERVE_REGISTER ; on    ; -    ; reg_file_ff[27][15]             ;
; PRESERVE_REGISTER ; on    ; -    ; reg_file_ff[27][16]             ;
; PRESERVE_REGISTER ; on    ; -    ; reg_file_ff[27][17]             ;
; PRESERVE_REGISTER ; on    ; -    ; reg_file_ff[27][18]             ;
; PRESERVE_REGISTER ; on    ; -    ; reg_file_ff[27][19]             ;
; PRESERVE_REGISTER ; on    ; -    ; reg_file_ff[27][20]             ;
; PRESERVE_REGISTER ; on    ; -    ; reg_file_ff[27][21]             ;
; PRESERVE_REGISTER ; on    ; -    ; reg_file_ff[27][22]             ;
; PRESERVE_REGISTER ; on    ; -    ; reg_file_ff[27][23]             ;
; PRESERVE_REGISTER ; on    ; -    ; reg_file_ff[27][24]             ;
; PRESERVE_REGISTER ; on    ; -    ; reg_file_ff[27][25]             ;
; PRESERVE_REGISTER ; on    ; -    ; reg_file_ff[27][26]             ;
; PRESERVE_REGISTER ; on    ; -    ; reg_file_ff[27][27]             ;
; PRESERVE_REGISTER ; on    ; -    ; reg_file_ff[27][28]             ;
; PRESERVE_REGISTER ; on    ; -    ; reg_file_ff[27][29]             ;
; PRESERVE_REGISTER ; on    ; -    ; reg_file_ff[27][30]             ;
; PRESERVE_REGISTER ; on    ; -    ; reg_file_ff[27][31]             ;
; PRESERVE_REGISTER ; on    ; -    ; reg_file_ff[26][1]              ;
; PRESERVE_REGISTER ; on    ; -    ; reg_file_ff[26][2]              ;
; PRESERVE_REGISTER ; on    ; -    ; reg_file_ff[26][3]              ;
; PRESERVE_REGISTER ; on    ; -    ; reg_file_ff[26][4]              ;
; PRESERVE_REGISTER ; on    ; -    ; reg_file_ff[26][5]              ;
; PRESERVE_REGISTER ; on    ; -    ; reg_file_ff[26][6]              ;
; PRESERVE_REGISTER ; on    ; -    ; reg_file_ff[26][7]              ;
; PRESERVE_REGISTER ; on    ; -    ; reg_file_ff[26][8]              ;
; PRESERVE_REGISTER ; on    ; -    ; reg_file_ff[26][9]              ;
; PRESERVE_REGISTER ; on    ; -    ; reg_file_ff[26][10]             ;
; PRESERVE_REGISTER ; on    ; -    ; reg_file_ff[26][11]             ;
; PRESERVE_REGISTER ; on    ; -    ; reg_file_ff[26][12]             ;
; PRESERVE_REGISTER ; on    ; -    ; reg_file_ff[26][13]             ;
; PRESERVE_REGISTER ; on    ; -    ; reg_file_ff[26][14]             ;
; PRESERVE_REGISTER ; on    ; -    ; reg_file_ff[26][15]             ;
; PRESERVE_REGISTER ; on    ; -    ; reg_file_ff[26][16]             ;
; PRESERVE_REGISTER ; on    ; -    ; reg_file_ff[26][17]             ;
; PRESERVE_REGISTER ; on    ; -    ; reg_file_ff[26][18]             ;
; PRESERVE_REGISTER ; on    ; -    ; reg_file_ff[26][19]             ;
; PRESERVE_REGISTER ; on    ; -    ; reg_file_ff[26][20]             ;
; PRESERVE_REGISTER ; on    ; -    ; reg_file_ff[26][21]             ;
; PRESERVE_REGISTER ; on    ; -    ; reg_file_ff[26][22]             ;
; PRESERVE_REGISTER ; on    ; -    ; reg_file_ff[26][23]             ;
; PRESERVE_REGISTER ; on    ; -    ; reg_file_ff[26][24]             ;
; PRESERVE_REGISTER ; on    ; -    ; reg_file_ff[26][25]             ;
; PRESERVE_REGISTER ; on    ; -    ; reg_file_ff[26][26]             ;
; PRESERVE_REGISTER ; on    ; -    ; reg_file_ff[26][27]             ;
; PRESERVE_REGISTER ; on    ; -    ; reg_file_ff[26][28]             ;
; PRESERVE_REGISTER ; on    ; -    ; reg_file_ff[26][29]             ;
; PRESERVE_REGISTER ; on    ; -    ; reg_file_ff[26][30]             ;
; PRESERVE_REGISTER ; on    ; -    ; reg_file_ff[26][31]             ;
; PRESERVE_REGISTER ; on    ; -    ; reg_file_ff[25][1]              ;
; PRESERVE_REGISTER ; on    ; -    ; reg_file_ff[25][2]              ;
; PRESERVE_REGISTER ; on    ; -    ; reg_file_ff[25][3]              ;
; PRESERVE_REGISTER ; on    ; -    ; reg_file_ff[25][4]              ;
; PRESERVE_REGISTER ; on    ; -    ; reg_file_ff[25][5]              ;
; PRESERVE_REGISTER ; on    ; -    ; reg_file_ff[25][6]              ;
; PRESERVE_REGISTER ; on    ; -    ; reg_file_ff[25][7]              ;
; PRESERVE_REGISTER ; on    ; -    ; reg_file_ff[25][8]              ;
; PRESERVE_REGISTER ; on    ; -    ; reg_file_ff[25][9]              ;
; PRESERVE_REGISTER ; on    ; -    ; reg_file_ff[25][10]             ;
; PRESERVE_REGISTER ; on    ; -    ; reg_file_ff[25][11]             ;
; PRESERVE_REGISTER ; on    ; -    ; reg_file_ff[25][12]             ;
; PRESERVE_REGISTER ; on    ; -    ; reg_file_ff[25][13]             ;
; PRESERVE_REGISTER ; on    ; -    ; reg_file_ff[25][14]             ;
; PRESERVE_REGISTER ; on    ; -    ; reg_file_ff[25][15]             ;
; PRESERVE_REGISTER ; on    ; -    ; reg_file_ff[25][16]             ;
; PRESERVE_REGISTER ; on    ; -    ; reg_file_ff[25][17]             ;
; PRESERVE_REGISTER ; on    ; -    ; reg_file_ff[25][18]             ;
; PRESERVE_REGISTER ; on    ; -    ; reg_file_ff[25][19]             ;
; PRESERVE_REGISTER ; on    ; -    ; reg_file_ff[25][20]             ;
; PRESERVE_REGISTER ; on    ; -    ; reg_file_ff[25][21]             ;
; PRESERVE_REGISTER ; on    ; -    ; reg_file_ff[25][22]             ;
; PRESERVE_REGISTER ; on    ; -    ; reg_file_ff[25][23]             ;
; PRESERVE_REGISTER ; on    ; -    ; reg_file_ff[25][24]             ;
; PRESERVE_REGISTER ; on    ; -    ; reg_file_ff[25][25]             ;
; PRESERVE_REGISTER ; on    ; -    ; reg_file_ff[25][26]             ;
; PRESERVE_REGISTER ; on    ; -    ; reg_file_ff[25][27]             ;
; PRESERVE_REGISTER ; on    ; -    ; reg_file_ff[25][28]             ;
; PRESERVE_REGISTER ; on    ; -    ; reg_file_ff[25][29]             ;
; PRESERVE_REGISTER ; on    ; -    ; reg_file_ff[25][30]             ;
; PRESERVE_REGISTER ; on    ; -    ; reg_file_ff[25][31]             ;
; PRESERVE_REGISTER ; on    ; -    ; reg_file_ff[24][1]              ;
; PRESERVE_REGISTER ; on    ; -    ; reg_file_ff[24][2]              ;
; PRESERVE_REGISTER ; on    ; -    ; reg_file_ff[24][3]              ;
; PRESERVE_REGISTER ; on    ; -    ; reg_file_ff[24][4]              ;
; PRESERVE_REGISTER ; on    ; -    ; reg_file_ff[24][5]              ;
; PRESERVE_REGISTER ; on    ; -    ; reg_file_ff[24][6]              ;
; PRESERVE_REGISTER ; on    ; -    ; reg_file_ff[24][7]              ;
; PRESERVE_REGISTER ; on    ; -    ; reg_file_ff[24][8]              ;
; PRESERVE_REGISTER ; on    ; -    ; reg_file_ff[24][9]              ;
; PRESERVE_REGISTER ; on    ; -    ; reg_file_ff[24][10]             ;
; PRESERVE_REGISTER ; on    ; -    ; reg_file_ff[24][11]             ;
; PRESERVE_REGISTER ; on    ; -    ; reg_file_ff[24][12]             ;
; PRESERVE_REGISTER ; on    ; -    ; reg_file_ff[24][13]             ;
; PRESERVE_REGISTER ; on    ; -    ; reg_file_ff[24][14]             ;
; PRESERVE_REGISTER ; on    ; -    ; reg_file_ff[24][15]             ;
; PRESERVE_REGISTER ; on    ; -    ; reg_file_ff[24][16]             ;
; PRESERVE_REGISTER ; on    ; -    ; reg_file_ff[24][17]             ;
; PRESERVE_REGISTER ; on    ; -    ; reg_file_ff[24][18]             ;
; PRESERVE_REGISTER ; on    ; -    ; reg_file_ff[24][19]             ;
; PRESERVE_REGISTER ; on    ; -    ; reg_file_ff[24][20]             ;
; PRESERVE_REGISTER ; on    ; -    ; reg_file_ff[24][21]             ;
; PRESERVE_REGISTER ; on    ; -    ; reg_file_ff[24][22]             ;
; PRESERVE_REGISTER ; on    ; -    ; reg_file_ff[24][23]             ;
; PRESERVE_REGISTER ; on    ; -    ; reg_file_ff[24][24]             ;
; PRESERVE_REGISTER ; on    ; -    ; reg_file_ff[24][25]             ;
; PRESERVE_REGISTER ; on    ; -    ; reg_file_ff[24][26]             ;
; PRESERVE_REGISTER ; on    ; -    ; reg_file_ff[24][27]             ;
; PRESERVE_REGISTER ; on    ; -    ; reg_file_ff[24][28]             ;
; PRESERVE_REGISTER ; on    ; -    ; reg_file_ff[24][29]             ;
; PRESERVE_REGISTER ; on    ; -    ; reg_file_ff[24][30]             ;
; PRESERVE_REGISTER ; on    ; -    ; reg_file_ff[24][31]             ;
; PRESERVE_REGISTER ; on    ; -    ; reg_file_ff[23][1]              ;
; PRESERVE_REGISTER ; on    ; -    ; reg_file_ff[23][2]              ;
; PRESERVE_REGISTER ; on    ; -    ; reg_file_ff[23][3]              ;
; PRESERVE_REGISTER ; on    ; -    ; reg_file_ff[23][4]              ;
; PRESERVE_REGISTER ; on    ; -    ; reg_file_ff[23][5]              ;
; PRESERVE_REGISTER ; on    ; -    ; reg_file_ff[23][6]              ;
; PRESERVE_REGISTER ; on    ; -    ; reg_file_ff[23][7]              ;
; PRESERVE_REGISTER ; on    ; -    ; reg_file_ff[23][8]              ;
; PRESERVE_REGISTER ; on    ; -    ; reg_file_ff[23][9]              ;
; PRESERVE_REGISTER ; on    ; -    ; reg_file_ff[23][10]             ;
; PRESERVE_REGISTER ; on    ; -    ; reg_file_ff[23][11]             ;
; PRESERVE_REGISTER ; on    ; -    ; reg_file_ff[23][12]             ;
; PRESERVE_REGISTER ; on    ; -    ; reg_file_ff[23][13]             ;
; PRESERVE_REGISTER ; on    ; -    ; reg_file_ff[23][14]             ;
; PRESERVE_REGISTER ; on    ; -    ; reg_file_ff[23][15]             ;
; PRESERVE_REGISTER ; on    ; -    ; reg_file_ff[23][16]             ;
; PRESERVE_REGISTER ; on    ; -    ; reg_file_ff[23][17]             ;
; PRESERVE_REGISTER ; on    ; -    ; reg_file_ff[23][18]             ;
; PRESERVE_REGISTER ; on    ; -    ; reg_file_ff[23][19]             ;
; PRESERVE_REGISTER ; on    ; -    ; reg_file_ff[23][20]             ;
; PRESERVE_REGISTER ; on    ; -    ; reg_file_ff[23][21]             ;
; PRESERVE_REGISTER ; on    ; -    ; reg_file_ff[23][22]             ;
; PRESERVE_REGISTER ; on    ; -    ; reg_file_ff[23][23]             ;
; PRESERVE_REGISTER ; on    ; -    ; reg_file_ff[23][24]             ;
; PRESERVE_REGISTER ; on    ; -    ; reg_file_ff[23][25]             ;
; PRESERVE_REGISTER ; on    ; -    ; reg_file_ff[23][26]             ;
; PRESERVE_REGISTER ; on    ; -    ; reg_file_ff[23][27]             ;
; PRESERVE_REGISTER ; on    ; -    ; reg_file_ff[23][28]             ;
; PRESERVE_REGISTER ; on    ; -    ; reg_file_ff[23][29]             ;
; PRESERVE_REGISTER ; on    ; -    ; reg_file_ff[23][30]             ;
; PRESERVE_REGISTER ; on    ; -    ; reg_file_ff[23][31]             ;
; PRESERVE_REGISTER ; on    ; -    ; reg_file_ff[22][1]              ;
; PRESERVE_REGISTER ; on    ; -    ; reg_file_ff[22][2]              ;
; PRESERVE_REGISTER ; on    ; -    ; reg_file_ff[22][3]              ;
; PRESERVE_REGISTER ; on    ; -    ; reg_file_ff[22][4]              ;
; PRESERVE_REGISTER ; on    ; -    ; reg_file_ff[22][5]              ;
; PRESERVE_REGISTER ; on    ; -    ; reg_file_ff[22][6]              ;
; PRESERVE_REGISTER ; on    ; -    ; reg_file_ff[22][7]              ;
; PRESERVE_REGISTER ; on    ; -    ; reg_file_ff[22][8]              ;
; PRESERVE_REGISTER ; on    ; -    ; reg_file_ff[22][9]              ;
; PRESERVE_REGISTER ; on    ; -    ; reg_file_ff[22][10]             ;
; PRESERVE_REGISTER ; on    ; -    ; reg_file_ff[22][11]             ;
; PRESERVE_REGISTER ; on    ; -    ; reg_file_ff[22][12]             ;
; PRESERVE_REGISTER ; on    ; -    ; reg_file_ff[22][13]             ;
; PRESERVE_REGISTER ; on    ; -    ; reg_file_ff[22][14]             ;
; PRESERVE_REGISTER ; on    ; -    ; reg_file_ff[22][15]             ;
; PRESERVE_REGISTER ; on    ; -    ; reg_file_ff[22][16]             ;
; PRESERVE_REGISTER ; on    ; -    ; reg_file_ff[22][17]             ;
; PRESERVE_REGISTER ; on    ; -    ; reg_file_ff[22][18]             ;
; PRESERVE_REGISTER ; on    ; -    ; reg_file_ff[22][19]             ;
; PRESERVE_REGISTER ; on    ; -    ; reg_file_ff[22][20]             ;
; PRESERVE_REGISTER ; on    ; -    ; reg_file_ff[22][21]             ;
; PRESERVE_REGISTER ; on    ; -    ; reg_file_ff[22][22]             ;
; PRESERVE_REGISTER ; on    ; -    ; reg_file_ff[22][23]             ;
; PRESERVE_REGISTER ; on    ; -    ; reg_file_ff[22][24]             ;
; PRESERVE_REGISTER ; on    ; -    ; reg_file_ff[22][25]             ;
; PRESERVE_REGISTER ; on    ; -    ; reg_file_ff[22][26]             ;
; PRESERVE_REGISTER ; on    ; -    ; reg_file_ff[22][27]             ;
; PRESERVE_REGISTER ; on    ; -    ; reg_file_ff[22][28]             ;
; PRESERVE_REGISTER ; on    ; -    ; reg_file_ff[22][29]             ;
; PRESERVE_REGISTER ; on    ; -    ; reg_file_ff[22][30]             ;
; PRESERVE_REGISTER ; on    ; -    ; reg_file_ff[22][31]             ;
; PRESERVE_REGISTER ; on    ; -    ; reg_file_ff[21][1]              ;
; PRESERVE_REGISTER ; on    ; -    ; reg_file_ff[21][2]              ;
; PRESERVE_REGISTER ; on    ; -    ; reg_file_ff[21][3]              ;
; PRESERVE_REGISTER ; on    ; -    ; reg_file_ff[21][4]              ;
; PRESERVE_REGISTER ; on    ; -    ; reg_file_ff[21][5]              ;
; PRESERVE_REGISTER ; on    ; -    ; reg_file_ff[21][6]              ;
; PRESERVE_REGISTER ; on    ; -    ; reg_file_ff[21][7]              ;
; PRESERVE_REGISTER ; on    ; -    ; reg_file_ff[21][8]              ;
; PRESERVE_REGISTER ; on    ; -    ; reg_file_ff[21][9]              ;
; PRESERVE_REGISTER ; on    ; -    ; reg_file_ff[21][10]             ;
; PRESERVE_REGISTER ; on    ; -    ; reg_file_ff[21][11]             ;
; PRESERVE_REGISTER ; on    ; -    ; reg_file_ff[21][12]             ;
; PRESERVE_REGISTER ; on    ; -    ; reg_file_ff[21][13]             ;
; PRESERVE_REGISTER ; on    ; -    ; reg_file_ff[21][14]             ;
; PRESERVE_REGISTER ; on    ; -    ; reg_file_ff[21][15]             ;
; PRESERVE_REGISTER ; on    ; -    ; reg_file_ff[21][16]             ;
; PRESERVE_REGISTER ; on    ; -    ; reg_file_ff[21][17]             ;
; PRESERVE_REGISTER ; on    ; -    ; reg_file_ff[21][18]             ;
; PRESERVE_REGISTER ; on    ; -    ; reg_file_ff[21][19]             ;
; PRESERVE_REGISTER ; on    ; -    ; reg_file_ff[21][20]             ;
; PRESERVE_REGISTER ; on    ; -    ; reg_file_ff[21][21]             ;
; PRESERVE_REGISTER ; on    ; -    ; reg_file_ff[21][22]             ;
; PRESERVE_REGISTER ; on    ; -    ; reg_file_ff[21][23]             ;
; PRESERVE_REGISTER ; on    ; -    ; reg_file_ff[21][24]             ;
; PRESERVE_REGISTER ; on    ; -    ; reg_file_ff[21][25]             ;
; PRESERVE_REGISTER ; on    ; -    ; reg_file_ff[21][26]             ;
; PRESERVE_REGISTER ; on    ; -    ; reg_file_ff[21][27]             ;
; PRESERVE_REGISTER ; on    ; -    ; reg_file_ff[21][28]             ;
; PRESERVE_REGISTER ; on    ; -    ; reg_file_ff[21][29]             ;
; PRESERVE_REGISTER ; on    ; -    ; reg_file_ff[21][30]             ;
; PRESERVE_REGISTER ; on    ; -    ; reg_file_ff[21][31]             ;
; PRESERVE_REGISTER ; on    ; -    ; reg_file_ff[20][1]              ;
; PRESERVE_REGISTER ; on    ; -    ; reg_file_ff[20][2]              ;
; PRESERVE_REGISTER ; on    ; -    ; reg_file_ff[20][3]              ;
; PRESERVE_REGISTER ; on    ; -    ; reg_file_ff[20][4]              ;
; PRESERVE_REGISTER ; on    ; -    ; reg_file_ff[20][5]              ;
; PRESERVE_REGISTER ; on    ; -    ; reg_file_ff[20][6]              ;
; PRESERVE_REGISTER ; on    ; -    ; reg_file_ff[20][7]              ;
; PRESERVE_REGISTER ; on    ; -    ; reg_file_ff[20][8]              ;
; PRESERVE_REGISTER ; on    ; -    ; reg_file_ff[20][9]              ;
; PRESERVE_REGISTER ; on    ; -    ; reg_file_ff[20][10]             ;
; PRESERVE_REGISTER ; on    ; -    ; reg_file_ff[20][11]             ;
; PRESERVE_REGISTER ; on    ; -    ; reg_file_ff[20][12]             ;
; PRESERVE_REGISTER ; on    ; -    ; reg_file_ff[20][13]             ;
; PRESERVE_REGISTER ; on    ; -    ; reg_file_ff[20][14]             ;
; PRESERVE_REGISTER ; on    ; -    ; reg_file_ff[20][15]             ;
; PRESERVE_REGISTER ; on    ; -    ; reg_file_ff[20][16]             ;
; PRESERVE_REGISTER ; on    ; -    ; reg_file_ff[20][17]             ;
; PRESERVE_REGISTER ; on    ; -    ; reg_file_ff[20][18]             ;
; PRESERVE_REGISTER ; on    ; -    ; reg_file_ff[20][19]             ;
; PRESERVE_REGISTER ; on    ; -    ; reg_file_ff[20][20]             ;
; PRESERVE_REGISTER ; on    ; -    ; reg_file_ff[20][21]             ;
; PRESERVE_REGISTER ; on    ; -    ; reg_file_ff[20][22]             ;
; PRESERVE_REGISTER ; on    ; -    ; reg_file_ff[20][23]             ;
; PRESERVE_REGISTER ; on    ; -    ; reg_file_ff[20][24]             ;
; PRESERVE_REGISTER ; on    ; -    ; reg_file_ff[20][25]             ;
; PRESERVE_REGISTER ; on    ; -    ; reg_file_ff[20][26]             ;
; PRESERVE_REGISTER ; on    ; -    ; reg_file_ff[20][27]             ;
; PRESERVE_REGISTER ; on    ; -    ; reg_file_ff[20][28]             ;
; PRESERVE_REGISTER ; on    ; -    ; reg_file_ff[20][29]             ;
; PRESERVE_REGISTER ; on    ; -    ; reg_file_ff[20][30]             ;
; PRESERVE_REGISTER ; on    ; -    ; reg_file_ff[20][31]             ;
; PRESERVE_REGISTER ; on    ; -    ; reg_file_ff[19][1]              ;
; PRESERVE_REGISTER ; on    ; -    ; reg_file_ff[19][2]              ;
; PRESERVE_REGISTER ; on    ; -    ; reg_file_ff[19][3]              ;
; PRESERVE_REGISTER ; on    ; -    ; reg_file_ff[19][4]              ;
; PRESERVE_REGISTER ; on    ; -    ; reg_file_ff[19][5]              ;
; PRESERVE_REGISTER ; on    ; -    ; reg_file_ff[19][6]              ;
; PRESERVE_REGISTER ; on    ; -    ; reg_file_ff[19][7]              ;
; PRESERVE_REGISTER ; on    ; -    ; reg_file_ff[19][8]              ;
; PRESERVE_REGISTER ; on    ; -    ; reg_file_ff[19][9]              ;
; PRESERVE_REGISTER ; on    ; -    ; reg_file_ff[19][10]             ;
; PRESERVE_REGISTER ; on    ; -    ; reg_file_ff[19][11]             ;
; PRESERVE_REGISTER ; on    ; -    ; reg_file_ff[19][12]             ;
; PRESERVE_REGISTER ; on    ; -    ; reg_file_ff[19][13]             ;
; PRESERVE_REGISTER ; on    ; -    ; reg_file_ff[19][14]             ;
; PRESERVE_REGISTER ; on    ; -    ; reg_file_ff[19][15]             ;
; PRESERVE_REGISTER ; on    ; -    ; reg_file_ff[19][16]             ;
; PRESERVE_REGISTER ; on    ; -    ; reg_file_ff[19][17]             ;
; PRESERVE_REGISTER ; on    ; -    ; reg_file_ff[19][18]             ;
; PRESERVE_REGISTER ; on    ; -    ; reg_file_ff[19][19]             ;
; PRESERVE_REGISTER ; on    ; -    ; reg_file_ff[19][20]             ;
; PRESERVE_REGISTER ; on    ; -    ; reg_file_ff[19][21]             ;
; PRESERVE_REGISTER ; on    ; -    ; reg_file_ff[19][22]             ;
; PRESERVE_REGISTER ; on    ; -    ; reg_file_ff[19][23]             ;
; PRESERVE_REGISTER ; on    ; -    ; reg_file_ff[19][24]             ;
; PRESERVE_REGISTER ; on    ; -    ; reg_file_ff[19][25]             ;
; PRESERVE_REGISTER ; on    ; -    ; reg_file_ff[19][26]             ;
; PRESERVE_REGISTER ; on    ; -    ; reg_file_ff[19][27]             ;
; PRESERVE_REGISTER ; on    ; -    ; reg_file_ff[19][28]             ;
; PRESERVE_REGISTER ; on    ; -    ; reg_file_ff[19][29]             ;
; PRESERVE_REGISTER ; on    ; -    ; reg_file_ff[19][30]             ;
; PRESERVE_REGISTER ; on    ; -    ; reg_file_ff[19][31]             ;
; PRESERVE_REGISTER ; on    ; -    ; reg_file_ff[18][1]              ;
; PRESERVE_REGISTER ; on    ; -    ; reg_file_ff[18][2]              ;
; PRESERVE_REGISTER ; on    ; -    ; reg_file_ff[18][3]              ;
; PRESERVE_REGISTER ; on    ; -    ; reg_file_ff[18][4]              ;
; PRESERVE_REGISTER ; on    ; -    ; reg_file_ff[18][5]              ;
; PRESERVE_REGISTER ; on    ; -    ; reg_file_ff[18][6]              ;
; PRESERVE_REGISTER ; on    ; -    ; reg_file_ff[18][7]              ;
; PRESERVE_REGISTER ; on    ; -    ; reg_file_ff[18][8]              ;
; PRESERVE_REGISTER ; on    ; -    ; reg_file_ff[18][9]              ;
; PRESERVE_REGISTER ; on    ; -    ; reg_file_ff[18][10]             ;
; PRESERVE_REGISTER ; on    ; -    ; reg_file_ff[18][11]             ;
; PRESERVE_REGISTER ; on    ; -    ; reg_file_ff[18][12]             ;
; PRESERVE_REGISTER ; on    ; -    ; reg_file_ff[18][13]             ;
; PRESERVE_REGISTER ; on    ; -    ; reg_file_ff[18][14]             ;
; PRESERVE_REGISTER ; on    ; -    ; reg_file_ff[18][15]             ;
; PRESERVE_REGISTER ; on    ; -    ; reg_file_ff[18][16]             ;
; PRESERVE_REGISTER ; on    ; -    ; reg_file_ff[18][17]             ;
; PRESERVE_REGISTER ; on    ; -    ; reg_file_ff[18][18]             ;
; PRESERVE_REGISTER ; on    ; -    ; reg_file_ff[18][19]             ;
; PRESERVE_REGISTER ; on    ; -    ; reg_file_ff[18][20]             ;
; PRESERVE_REGISTER ; on    ; -    ; reg_file_ff[18][21]             ;
; PRESERVE_REGISTER ; on    ; -    ; reg_file_ff[18][22]             ;
; PRESERVE_REGISTER ; on    ; -    ; reg_file_ff[18][23]             ;
; PRESERVE_REGISTER ; on    ; -    ; reg_file_ff[18][24]             ;
; PRESERVE_REGISTER ; on    ; -    ; reg_file_ff[18][25]             ;
; PRESERVE_REGISTER ; on    ; -    ; reg_file_ff[18][26]             ;
; PRESERVE_REGISTER ; on    ; -    ; reg_file_ff[18][27]             ;
; PRESERVE_REGISTER ; on    ; -    ; reg_file_ff[18][28]             ;
; PRESERVE_REGISTER ; on    ; -    ; reg_file_ff[18][29]             ;
; PRESERVE_REGISTER ; on    ; -    ; reg_file_ff[18][30]             ;
; PRESERVE_REGISTER ; on    ; -    ; reg_file_ff[18][31]             ;
; PRESERVE_REGISTER ; on    ; -    ; reg_file_ff[17][1]              ;
; PRESERVE_REGISTER ; on    ; -    ; reg_file_ff[17][2]              ;
; PRESERVE_REGISTER ; on    ; -    ; reg_file_ff[17][3]              ;
; PRESERVE_REGISTER ; on    ; -    ; reg_file_ff[17][4]              ;
; PRESERVE_REGISTER ; on    ; -    ; reg_file_ff[17][5]              ;
; PRESERVE_REGISTER ; on    ; -    ; reg_file_ff[17][6]              ;
; PRESERVE_REGISTER ; on    ; -    ; reg_file_ff[17][7]              ;
; PRESERVE_REGISTER ; on    ; -    ; reg_file_ff[17][8]              ;
; PRESERVE_REGISTER ; on    ; -    ; reg_file_ff[17][9]              ;
; PRESERVE_REGISTER ; on    ; -    ; reg_file_ff[17][10]             ;
; PRESERVE_REGISTER ; on    ; -    ; reg_file_ff[17][11]             ;
; PRESERVE_REGISTER ; on    ; -    ; reg_file_ff[17][12]             ;
; PRESERVE_REGISTER ; on    ; -    ; reg_file_ff[17][13]             ;
; PRESERVE_REGISTER ; on    ; -    ; reg_file_ff[17][14]             ;
; PRESERVE_REGISTER ; on    ; -    ; reg_file_ff[17][15]             ;
; PRESERVE_REGISTER ; on    ; -    ; reg_file_ff[17][16]             ;
; PRESERVE_REGISTER ; on    ; -    ; reg_file_ff[17][17]             ;
; PRESERVE_REGISTER ; on    ; -    ; reg_file_ff[17][18]             ;
; PRESERVE_REGISTER ; on    ; -    ; reg_file_ff[17][19]             ;
; PRESERVE_REGISTER ; on    ; -    ; reg_file_ff[17][20]             ;
; PRESERVE_REGISTER ; on    ; -    ; reg_file_ff[17][21]             ;
; PRESERVE_REGISTER ; on    ; -    ; reg_file_ff[17][22]             ;
; PRESERVE_REGISTER ; on    ; -    ; reg_file_ff[17][23]             ;
; PRESERVE_REGISTER ; on    ; -    ; reg_file_ff[17][24]             ;
; PRESERVE_REGISTER ; on    ; -    ; reg_file_ff[17][25]             ;
; PRESERVE_REGISTER ; on    ; -    ; reg_file_ff[17][26]             ;
; PRESERVE_REGISTER ; on    ; -    ; reg_file_ff[17][27]             ;
; PRESERVE_REGISTER ; on    ; -    ; reg_file_ff[17][28]             ;
; PRESERVE_REGISTER ; on    ; -    ; reg_file_ff[17][29]             ;
; PRESERVE_REGISTER ; on    ; -    ; reg_file_ff[17][30]             ;
; PRESERVE_REGISTER ; on    ; -    ; reg_file_ff[17][31]             ;
; PRESERVE_REGISTER ; on    ; -    ; reg_file_ff[16][1]              ;
; PRESERVE_REGISTER ; on    ; -    ; reg_file_ff[16][2]              ;
; PRESERVE_REGISTER ; on    ; -    ; reg_file_ff[16][3]              ;
; PRESERVE_REGISTER ; on    ; -    ; reg_file_ff[16][4]              ;
; PRESERVE_REGISTER ; on    ; -    ; reg_file_ff[16][5]              ;
; PRESERVE_REGISTER ; on    ; -    ; reg_file_ff[16][6]              ;
; PRESERVE_REGISTER ; on    ; -    ; reg_file_ff[16][7]              ;
; PRESERVE_REGISTER ; on    ; -    ; reg_file_ff[16][8]              ;
; PRESERVE_REGISTER ; on    ; -    ; reg_file_ff[16][9]              ;
; PRESERVE_REGISTER ; on    ; -    ; reg_file_ff[16][10]             ;
; PRESERVE_REGISTER ; on    ; -    ; reg_file_ff[16][11]             ;
; PRESERVE_REGISTER ; on    ; -    ; reg_file_ff[16][12]             ;
; PRESERVE_REGISTER ; on    ; -    ; reg_file_ff[16][13]             ;
; PRESERVE_REGISTER ; on    ; -    ; reg_file_ff[16][14]             ;
; PRESERVE_REGISTER ; on    ; -    ; reg_file_ff[16][15]             ;
; PRESERVE_REGISTER ; on    ; -    ; reg_file_ff[16][16]             ;
; PRESERVE_REGISTER ; on    ; -    ; reg_file_ff[16][17]             ;
; PRESERVE_REGISTER ; on    ; -    ; reg_file_ff[16][18]             ;
; PRESERVE_REGISTER ; on    ; -    ; reg_file_ff[16][19]             ;
; PRESERVE_REGISTER ; on    ; -    ; reg_file_ff[16][20]             ;
; PRESERVE_REGISTER ; on    ; -    ; reg_file_ff[16][21]             ;
; PRESERVE_REGISTER ; on    ; -    ; reg_file_ff[16][22]             ;
; PRESERVE_REGISTER ; on    ; -    ; reg_file_ff[16][23]             ;
; PRESERVE_REGISTER ; on    ; -    ; reg_file_ff[16][24]             ;
; PRESERVE_REGISTER ; on    ; -    ; reg_file_ff[16][25]             ;
; PRESERVE_REGISTER ; on    ; -    ; reg_file_ff[16][26]             ;
; PRESERVE_REGISTER ; on    ; -    ; reg_file_ff[16][27]             ;
; PRESERVE_REGISTER ; on    ; -    ; reg_file_ff[16][28]             ;
; PRESERVE_REGISTER ; on    ; -    ; reg_file_ff[16][29]             ;
; PRESERVE_REGISTER ; on    ; -    ; reg_file_ff[16][30]             ;
; PRESERVE_REGISTER ; on    ; -    ; reg_file_ff[16][31]             ;
; PRESERVE_REGISTER ; on    ; -    ; reg_file_ff[15][1]              ;
; PRESERVE_REGISTER ; on    ; -    ; reg_file_ff[15][2]              ;
; PRESERVE_REGISTER ; on    ; -    ; reg_file_ff[15][3]              ;
; PRESERVE_REGISTER ; on    ; -    ; reg_file_ff[15][4]              ;
; PRESERVE_REGISTER ; on    ; -    ; reg_file_ff[15][5]              ;
; PRESERVE_REGISTER ; on    ; -    ; reg_file_ff[15][6]              ;
; PRESERVE_REGISTER ; on    ; -    ; reg_file_ff[15][7]              ;
; PRESERVE_REGISTER ; on    ; -    ; reg_file_ff[15][8]              ;
; PRESERVE_REGISTER ; on    ; -    ; reg_file_ff[15][9]              ;
; PRESERVE_REGISTER ; on    ; -    ; reg_file_ff[15][10]             ;
; PRESERVE_REGISTER ; on    ; -    ; reg_file_ff[15][11]             ;
; PRESERVE_REGISTER ; on    ; -    ; reg_file_ff[15][12]             ;
; PRESERVE_REGISTER ; on    ; -    ; reg_file_ff[15][13]             ;
; PRESERVE_REGISTER ; on    ; -    ; reg_file_ff[15][14]             ;
; PRESERVE_REGISTER ; on    ; -    ; reg_file_ff[15][15]             ;
; PRESERVE_REGISTER ; on    ; -    ; reg_file_ff[15][16]             ;
; PRESERVE_REGISTER ; on    ; -    ; reg_file_ff[15][17]             ;
; PRESERVE_REGISTER ; on    ; -    ; reg_file_ff[15][18]             ;
; PRESERVE_REGISTER ; on    ; -    ; reg_file_ff[15][19]             ;
; PRESERVE_REGISTER ; on    ; -    ; reg_file_ff[15][20]             ;
; PRESERVE_REGISTER ; on    ; -    ; reg_file_ff[15][21]             ;
; PRESERVE_REGISTER ; on    ; -    ; reg_file_ff[15][22]             ;
; PRESERVE_REGISTER ; on    ; -    ; reg_file_ff[15][23]             ;
; PRESERVE_REGISTER ; on    ; -    ; reg_file_ff[15][24]             ;
; PRESERVE_REGISTER ; on    ; -    ; reg_file_ff[15][25]             ;
; PRESERVE_REGISTER ; on    ; -    ; reg_file_ff[15][26]             ;
; PRESERVE_REGISTER ; on    ; -    ; reg_file_ff[15][27]             ;
; PRESERVE_REGISTER ; on    ; -    ; reg_file_ff[15][28]             ;
; PRESERVE_REGISTER ; on    ; -    ; reg_file_ff[15][29]             ;
; PRESERVE_REGISTER ; on    ; -    ; reg_file_ff[15][30]             ;
; PRESERVE_REGISTER ; on    ; -    ; reg_file_ff[15][31]             ;
; PRESERVE_REGISTER ; on    ; -    ; reg_file_ff[14][1]              ;
; PRESERVE_REGISTER ; on    ; -    ; reg_file_ff[14][2]              ;
; PRESERVE_REGISTER ; on    ; -    ; reg_file_ff[14][3]              ;
; PRESERVE_REGISTER ; on    ; -    ; reg_file_ff[14][4]              ;
; PRESERVE_REGISTER ; on    ; -    ; reg_file_ff[14][5]              ;
; PRESERVE_REGISTER ; on    ; -    ; reg_file_ff[14][6]              ;
; PRESERVE_REGISTER ; on    ; -    ; reg_file_ff[14][7]              ;
; PRESERVE_REGISTER ; on    ; -    ; reg_file_ff[14][8]              ;
; PRESERVE_REGISTER ; on    ; -    ; reg_file_ff[14][9]              ;
; PRESERVE_REGISTER ; on    ; -    ; reg_file_ff[14][10]             ;
; PRESERVE_REGISTER ; on    ; -    ; reg_file_ff[14][11]             ;
; PRESERVE_REGISTER ; on    ; -    ; reg_file_ff[14][12]             ;
; PRESERVE_REGISTER ; on    ; -    ; reg_file_ff[14][13]             ;
; PRESERVE_REGISTER ; on    ; -    ; reg_file_ff[14][14]             ;
; PRESERVE_REGISTER ; on    ; -    ; reg_file_ff[14][15]             ;
; PRESERVE_REGISTER ; on    ; -    ; reg_file_ff[14][16]             ;
; PRESERVE_REGISTER ; on    ; -    ; reg_file_ff[14][17]             ;
; PRESERVE_REGISTER ; on    ; -    ; reg_file_ff[14][18]             ;
; PRESERVE_REGISTER ; on    ; -    ; reg_file_ff[14][19]             ;
; PRESERVE_REGISTER ; on    ; -    ; reg_file_ff[14][20]             ;
; PRESERVE_REGISTER ; on    ; -    ; reg_file_ff[14][21]             ;
; PRESERVE_REGISTER ; on    ; -    ; reg_file_ff[14][22]             ;
; PRESERVE_REGISTER ; on    ; -    ; reg_file_ff[14][23]             ;
; PRESERVE_REGISTER ; on    ; -    ; reg_file_ff[14][24]             ;
; PRESERVE_REGISTER ; on    ; -    ; reg_file_ff[14][25]             ;
; PRESERVE_REGISTER ; on    ; -    ; reg_file_ff[14][26]             ;
; PRESERVE_REGISTER ; on    ; -    ; reg_file_ff[14][27]             ;
; PRESERVE_REGISTER ; on    ; -    ; reg_file_ff[14][28]             ;
; PRESERVE_REGISTER ; on    ; -    ; reg_file_ff[14][29]             ;
; PRESERVE_REGISTER ; on    ; -    ; reg_file_ff[14][30]             ;
; PRESERVE_REGISTER ; on    ; -    ; reg_file_ff[14][31]             ;
; PRESERVE_REGISTER ; on    ; -    ; reg_file_ff[13][1]              ;
; PRESERVE_REGISTER ; on    ; -    ; reg_file_ff[13][2]              ;
; PRESERVE_REGISTER ; on    ; -    ; reg_file_ff[13][3]              ;
; PRESERVE_REGISTER ; on    ; -    ; reg_file_ff[13][4]              ;
; PRESERVE_REGISTER ; on    ; -    ; reg_file_ff[13][5]              ;
; PRESERVE_REGISTER ; on    ; -    ; reg_file_ff[13][6]              ;
; PRESERVE_REGISTER ; on    ; -    ; reg_file_ff[13][7]              ;
; PRESERVE_REGISTER ; on    ; -    ; reg_file_ff[13][8]              ;
; PRESERVE_REGISTER ; on    ; -    ; reg_file_ff[13][9]              ;
; PRESERVE_REGISTER ; on    ; -    ; reg_file_ff[13][10]             ;
; PRESERVE_REGISTER ; on    ; -    ; reg_file_ff[13][11]             ;
; PRESERVE_REGISTER ; on    ; -    ; reg_file_ff[13][12]             ;
; PRESERVE_REGISTER ; on    ; -    ; reg_file_ff[13][13]             ;
; PRESERVE_REGISTER ; on    ; -    ; reg_file_ff[13][14]             ;
; PRESERVE_REGISTER ; on    ; -    ; reg_file_ff[13][15]             ;
; PRESERVE_REGISTER ; on    ; -    ; reg_file_ff[13][16]             ;
; PRESERVE_REGISTER ; on    ; -    ; reg_file_ff[13][17]             ;
; PRESERVE_REGISTER ; on    ; -    ; reg_file_ff[13][18]             ;
; PRESERVE_REGISTER ; on    ; -    ; reg_file_ff[13][19]             ;
; PRESERVE_REGISTER ; on    ; -    ; reg_file_ff[13][20]             ;
; PRESERVE_REGISTER ; on    ; -    ; reg_file_ff[13][21]             ;
; PRESERVE_REGISTER ; on    ; -    ; reg_file_ff[13][22]             ;
; PRESERVE_REGISTER ; on    ; -    ; reg_file_ff[13][23]             ;
; PRESERVE_REGISTER ; on    ; -    ; reg_file_ff[13][24]             ;
; PRESERVE_REGISTER ; on    ; -    ; reg_file_ff[13][25]             ;
; PRESERVE_REGISTER ; on    ; -    ; reg_file_ff[13][26]             ;
; PRESERVE_REGISTER ; on    ; -    ; reg_file_ff[13][27]             ;
; PRESERVE_REGISTER ; on    ; -    ; reg_file_ff[13][28]             ;
; PRESERVE_REGISTER ; on    ; -    ; reg_file_ff[13][29]             ;
; PRESERVE_REGISTER ; on    ; -    ; reg_file_ff[13][30]             ;
; PRESERVE_REGISTER ; on    ; -    ; reg_file_ff[13][31]             ;
; PRESERVE_REGISTER ; on    ; -    ; reg_file_ff[12][1]              ;
; PRESERVE_REGISTER ; on    ; -    ; reg_file_ff[12][2]              ;
; PRESERVE_REGISTER ; on    ; -    ; reg_file_ff[12][3]              ;
; PRESERVE_REGISTER ; on    ; -    ; reg_file_ff[12][4]              ;
; PRESERVE_REGISTER ; on    ; -    ; reg_file_ff[12][5]              ;
; PRESERVE_REGISTER ; on    ; -    ; reg_file_ff[12][6]              ;
; PRESERVE_REGISTER ; on    ; -    ; reg_file_ff[12][7]              ;
; PRESERVE_REGISTER ; on    ; -    ; reg_file_ff[12][8]              ;
; PRESERVE_REGISTER ; on    ; -    ; reg_file_ff[12][9]              ;
; PRESERVE_REGISTER ; on    ; -    ; reg_file_ff[12][10]             ;
; PRESERVE_REGISTER ; on    ; -    ; reg_file_ff[12][11]             ;
; PRESERVE_REGISTER ; on    ; -    ; reg_file_ff[12][12]             ;
; PRESERVE_REGISTER ; on    ; -    ; reg_file_ff[12][13]             ;
; PRESERVE_REGISTER ; on    ; -    ; reg_file_ff[12][14]             ;
; PRESERVE_REGISTER ; on    ; -    ; reg_file_ff[12][15]             ;
; PRESERVE_REGISTER ; on    ; -    ; reg_file_ff[12][16]             ;
; PRESERVE_REGISTER ; on    ; -    ; reg_file_ff[12][17]             ;
; PRESERVE_REGISTER ; on    ; -    ; reg_file_ff[12][18]             ;
; PRESERVE_REGISTER ; on    ; -    ; reg_file_ff[12][19]             ;
; PRESERVE_REGISTER ; on    ; -    ; reg_file_ff[12][20]             ;
; PRESERVE_REGISTER ; on    ; -    ; reg_file_ff[12][21]             ;
; PRESERVE_REGISTER ; on    ; -    ; reg_file_ff[12][22]             ;
; PRESERVE_REGISTER ; on    ; -    ; reg_file_ff[12][23]             ;
; PRESERVE_REGISTER ; on    ; -    ; reg_file_ff[12][24]             ;
; PRESERVE_REGISTER ; on    ; -    ; reg_file_ff[12][25]             ;
; PRESERVE_REGISTER ; on    ; -    ; reg_file_ff[12][26]             ;
; PRESERVE_REGISTER ; on    ; -    ; reg_file_ff[12][27]             ;
; PRESERVE_REGISTER ; on    ; -    ; reg_file_ff[12][28]             ;
; PRESERVE_REGISTER ; on    ; -    ; reg_file_ff[12][29]             ;
; PRESERVE_REGISTER ; on    ; -    ; reg_file_ff[12][30]             ;
; PRESERVE_REGISTER ; on    ; -    ; reg_file_ff[12][31]             ;
; PRESERVE_REGISTER ; on    ; -    ; reg_file_ff[11][1]              ;
; PRESERVE_REGISTER ; on    ; -    ; reg_file_ff[11][2]              ;
; PRESERVE_REGISTER ; on    ; -    ; reg_file_ff[11][3]              ;
; PRESERVE_REGISTER ; on    ; -    ; reg_file_ff[11][4]              ;
; PRESERVE_REGISTER ; on    ; -    ; reg_file_ff[11][5]              ;
; PRESERVE_REGISTER ; on    ; -    ; reg_file_ff[11][6]              ;
; PRESERVE_REGISTER ; on    ; -    ; reg_file_ff[11][7]              ;
; PRESERVE_REGISTER ; on    ; -    ; reg_file_ff[11][8]              ;
; PRESERVE_REGISTER ; on    ; -    ; reg_file_ff[11][9]              ;
; PRESERVE_REGISTER ; on    ; -    ; reg_file_ff[11][10]             ;
; PRESERVE_REGISTER ; on    ; -    ; reg_file_ff[11][11]             ;
; PRESERVE_REGISTER ; on    ; -    ; reg_file_ff[11][12]             ;
; PRESERVE_REGISTER ; on    ; -    ; reg_file_ff[11][13]             ;
; PRESERVE_REGISTER ; on    ; -    ; reg_file_ff[11][14]             ;
; PRESERVE_REGISTER ; on    ; -    ; reg_file_ff[11][15]             ;
; PRESERVE_REGISTER ; on    ; -    ; reg_file_ff[11][16]             ;
; PRESERVE_REGISTER ; on    ; -    ; reg_file_ff[11][17]             ;
; PRESERVE_REGISTER ; on    ; -    ; reg_file_ff[11][18]             ;
; PRESERVE_REGISTER ; on    ; -    ; reg_file_ff[11][19]             ;
; PRESERVE_REGISTER ; on    ; -    ; reg_file_ff[11][20]             ;
; PRESERVE_REGISTER ; on    ; -    ; reg_file_ff[11][21]             ;
; PRESERVE_REGISTER ; on    ; -    ; reg_file_ff[11][22]             ;
; PRESERVE_REGISTER ; on    ; -    ; reg_file_ff[11][23]             ;
; PRESERVE_REGISTER ; on    ; -    ; reg_file_ff[11][24]             ;
; PRESERVE_REGISTER ; on    ; -    ; reg_file_ff[11][25]             ;
; PRESERVE_REGISTER ; on    ; -    ; reg_file_ff[11][26]             ;
; PRESERVE_REGISTER ; on    ; -    ; reg_file_ff[11][27]             ;
; PRESERVE_REGISTER ; on    ; -    ; reg_file_ff[11][28]             ;
; PRESERVE_REGISTER ; on    ; -    ; reg_file_ff[11][29]             ;
; PRESERVE_REGISTER ; on    ; -    ; reg_file_ff[11][30]             ;
; PRESERVE_REGISTER ; on    ; -    ; reg_file_ff[11][31]             ;
; PRESERVE_REGISTER ; on    ; -    ; reg_file_ff[10][1]              ;
; PRESERVE_REGISTER ; on    ; -    ; reg_file_ff[10][2]              ;
; PRESERVE_REGISTER ; on    ; -    ; reg_file_ff[10][3]              ;
; PRESERVE_REGISTER ; on    ; -    ; reg_file_ff[10][4]              ;
; PRESERVE_REGISTER ; on    ; -    ; reg_file_ff[10][5]              ;
; PRESERVE_REGISTER ; on    ; -    ; reg_file_ff[10][6]              ;
; PRESERVE_REGISTER ; on    ; -    ; reg_file_ff[10][7]              ;
; PRESERVE_REGISTER ; on    ; -    ; reg_file_ff[10][8]              ;
; PRESERVE_REGISTER ; on    ; -    ; reg_file_ff[10][9]              ;
; PRESERVE_REGISTER ; on    ; -    ; reg_file_ff[10][10]             ;
; PRESERVE_REGISTER ; on    ; -    ; reg_file_ff[10][11]             ;
; PRESERVE_REGISTER ; on    ; -    ; reg_file_ff[10][12]             ;
; PRESERVE_REGISTER ; on    ; -    ; reg_file_ff[10][13]             ;
; PRESERVE_REGISTER ; on    ; -    ; reg_file_ff[10][14]             ;
; PRESERVE_REGISTER ; on    ; -    ; reg_file_ff[10][15]             ;
; PRESERVE_REGISTER ; on    ; -    ; reg_file_ff[10][16]             ;
; PRESERVE_REGISTER ; on    ; -    ; reg_file_ff[10][17]             ;
; PRESERVE_REGISTER ; on    ; -    ; reg_file_ff[10][18]             ;
; PRESERVE_REGISTER ; on    ; -    ; reg_file_ff[10][19]             ;
; PRESERVE_REGISTER ; on    ; -    ; reg_file_ff[10][20]             ;
; PRESERVE_REGISTER ; on    ; -    ; reg_file_ff[10][21]             ;
; PRESERVE_REGISTER ; on    ; -    ; reg_file_ff[10][22]             ;
; PRESERVE_REGISTER ; on    ; -    ; reg_file_ff[10][23]             ;
; PRESERVE_REGISTER ; on    ; -    ; reg_file_ff[10][24]             ;
; PRESERVE_REGISTER ; on    ; -    ; reg_file_ff[10][25]             ;
; PRESERVE_REGISTER ; on    ; -    ; reg_file_ff[10][26]             ;
; PRESERVE_REGISTER ; on    ; -    ; reg_file_ff[10][27]             ;
; PRESERVE_REGISTER ; on    ; -    ; reg_file_ff[10][28]             ;
; PRESERVE_REGISTER ; on    ; -    ; reg_file_ff[10][29]             ;
; PRESERVE_REGISTER ; on    ; -    ; reg_file_ff[10][30]             ;
; PRESERVE_REGISTER ; on    ; -    ; reg_file_ff[10][31]             ;
; PRESERVE_REGISTER ; on    ; -    ; reg_file_ff[9][1]               ;
; PRESERVE_REGISTER ; on    ; -    ; reg_file_ff[9][2]               ;
; PRESERVE_REGISTER ; on    ; -    ; reg_file_ff[9][3]               ;
; PRESERVE_REGISTER ; on    ; -    ; reg_file_ff[9][4]               ;
; PRESERVE_REGISTER ; on    ; -    ; reg_file_ff[9][5]               ;
; PRESERVE_REGISTER ; on    ; -    ; reg_file_ff[9][6]               ;
; PRESERVE_REGISTER ; on    ; -    ; reg_file_ff[9][7]               ;
; PRESERVE_REGISTER ; on    ; -    ; reg_file_ff[9][8]               ;
; PRESERVE_REGISTER ; on    ; -    ; reg_file_ff[9][9]               ;
; PRESERVE_REGISTER ; on    ; -    ; reg_file_ff[9][10]              ;
; PRESERVE_REGISTER ; on    ; -    ; reg_file_ff[9][11]              ;
; PRESERVE_REGISTER ; on    ; -    ; reg_file_ff[9][12]              ;
; PRESERVE_REGISTER ; on    ; -    ; reg_file_ff[9][13]              ;
; PRESERVE_REGISTER ; on    ; -    ; reg_file_ff[9][14]              ;
; PRESERVE_REGISTER ; on    ; -    ; reg_file_ff[9][15]              ;
; PRESERVE_REGISTER ; on    ; -    ; reg_file_ff[9][16]              ;
; PRESERVE_REGISTER ; on    ; -    ; reg_file_ff[9][17]              ;
; PRESERVE_REGISTER ; on    ; -    ; reg_file_ff[9][18]              ;
; PRESERVE_REGISTER ; on    ; -    ; reg_file_ff[9][19]              ;
; PRESERVE_REGISTER ; on    ; -    ; reg_file_ff[9][20]              ;
; PRESERVE_REGISTER ; on    ; -    ; reg_file_ff[9][21]              ;
; PRESERVE_REGISTER ; on    ; -    ; reg_file_ff[9][22]              ;
; PRESERVE_REGISTER ; on    ; -    ; reg_file_ff[9][23]              ;
; PRESERVE_REGISTER ; on    ; -    ; reg_file_ff[9][24]              ;
; PRESERVE_REGISTER ; on    ; -    ; reg_file_ff[9][25]              ;
; PRESERVE_REGISTER ; on    ; -    ; reg_file_ff[9][26]              ;
; PRESERVE_REGISTER ; on    ; -    ; reg_file_ff[9][27]              ;
; PRESERVE_REGISTER ; on    ; -    ; reg_file_ff[9][28]              ;
; PRESERVE_REGISTER ; on    ; -    ; reg_file_ff[9][29]              ;
; PRESERVE_REGISTER ; on    ; -    ; reg_file_ff[9][30]              ;
; PRESERVE_REGISTER ; on    ; -    ; reg_file_ff[9][31]              ;
; PRESERVE_REGISTER ; on    ; -    ; reg_file_ff[8][1]               ;
; PRESERVE_REGISTER ; on    ; -    ; reg_file_ff[8][2]               ;
; PRESERVE_REGISTER ; on    ; -    ; reg_file_ff[8][3]               ;
; PRESERVE_REGISTER ; on    ; -    ; reg_file_ff[8][4]               ;
; PRESERVE_REGISTER ; on    ; -    ; reg_file_ff[8][5]               ;
; PRESERVE_REGISTER ; on    ; -    ; reg_file_ff[8][6]               ;
; PRESERVE_REGISTER ; on    ; -    ; reg_file_ff[8][7]               ;
; PRESERVE_REGISTER ; on    ; -    ; reg_file_ff[8][8]               ;
; PRESERVE_REGISTER ; on    ; -    ; reg_file_ff[8][9]               ;
; PRESERVE_REGISTER ; on    ; -    ; reg_file_ff[8][10]              ;
; PRESERVE_REGISTER ; on    ; -    ; reg_file_ff[8][11]              ;
; PRESERVE_REGISTER ; on    ; -    ; reg_file_ff[8][12]              ;
; PRESERVE_REGISTER ; on    ; -    ; reg_file_ff[8][13]              ;
; PRESERVE_REGISTER ; on    ; -    ; reg_file_ff[8][14]              ;
; PRESERVE_REGISTER ; on    ; -    ; reg_file_ff[8][15]              ;
; PRESERVE_REGISTER ; on    ; -    ; reg_file_ff[8][16]              ;
; PRESERVE_REGISTER ; on    ; -    ; reg_file_ff[8][17]              ;
; PRESERVE_REGISTER ; on    ; -    ; reg_file_ff[8][18]              ;
; PRESERVE_REGISTER ; on    ; -    ; reg_file_ff[8][19]              ;
; PRESERVE_REGISTER ; on    ; -    ; reg_file_ff[8][20]              ;
; PRESERVE_REGISTER ; on    ; -    ; reg_file_ff[8][21]              ;
; PRESERVE_REGISTER ; on    ; -    ; reg_file_ff[8][22]              ;
; PRESERVE_REGISTER ; on    ; -    ; reg_file_ff[8][23]              ;
; PRESERVE_REGISTER ; on    ; -    ; reg_file_ff[8][24]              ;
; PRESERVE_REGISTER ; on    ; -    ; reg_file_ff[8][25]              ;
; PRESERVE_REGISTER ; on    ; -    ; reg_file_ff[8][26]              ;
; PRESERVE_REGISTER ; on    ; -    ; reg_file_ff[8][27]              ;
; PRESERVE_REGISTER ; on    ; -    ; reg_file_ff[8][28]              ;
; PRESERVE_REGISTER ; on    ; -    ; reg_file_ff[8][29]              ;
; PRESERVE_REGISTER ; on    ; -    ; reg_file_ff[8][30]              ;
; PRESERVE_REGISTER ; on    ; -    ; reg_file_ff[8][31]              ;
; PRESERVE_REGISTER ; on    ; -    ; reg_file_ff[7][1]               ;
; PRESERVE_REGISTER ; on    ; -    ; reg_file_ff[7][2]               ;
; PRESERVE_REGISTER ; on    ; -    ; reg_file_ff[7][3]               ;
; PRESERVE_REGISTER ; on    ; -    ; reg_file_ff[7][4]               ;
; PRESERVE_REGISTER ; on    ; -    ; reg_file_ff[7][5]               ;
; PRESERVE_REGISTER ; on    ; -    ; reg_file_ff[7][6]               ;
; PRESERVE_REGISTER ; on    ; -    ; reg_file_ff[7][7]               ;
; PRESERVE_REGISTER ; on    ; -    ; reg_file_ff[7][8]               ;
; PRESERVE_REGISTER ; on    ; -    ; reg_file_ff[7][9]               ;
; PRESERVE_REGISTER ; on    ; -    ; reg_file_ff[7][10]              ;
; PRESERVE_REGISTER ; on    ; -    ; reg_file_ff[7][11]              ;
; PRESERVE_REGISTER ; on    ; -    ; reg_file_ff[7][12]              ;
; PRESERVE_REGISTER ; on    ; -    ; reg_file_ff[7][13]              ;
; PRESERVE_REGISTER ; on    ; -    ; reg_file_ff[7][14]              ;
; PRESERVE_REGISTER ; on    ; -    ; reg_file_ff[7][15]              ;
; PRESERVE_REGISTER ; on    ; -    ; reg_file_ff[7][16]              ;
; PRESERVE_REGISTER ; on    ; -    ; reg_file_ff[7][17]              ;
; PRESERVE_REGISTER ; on    ; -    ; reg_file_ff[7][18]              ;
; PRESERVE_REGISTER ; on    ; -    ; reg_file_ff[7][19]              ;
; PRESERVE_REGISTER ; on    ; -    ; reg_file_ff[7][20]              ;
; PRESERVE_REGISTER ; on    ; -    ; reg_file_ff[7][21]              ;
; PRESERVE_REGISTER ; on    ; -    ; reg_file_ff[7][22]              ;
; PRESERVE_REGISTER ; on    ; -    ; reg_file_ff[7][23]              ;
; PRESERVE_REGISTER ; on    ; -    ; reg_file_ff[7][24]              ;
; PRESERVE_REGISTER ; on    ; -    ; reg_file_ff[7][25]              ;
; PRESERVE_REGISTER ; on    ; -    ; reg_file_ff[7][26]              ;
; PRESERVE_REGISTER ; on    ; -    ; reg_file_ff[7][27]              ;
; PRESERVE_REGISTER ; on    ; -    ; reg_file_ff[7][28]              ;
; PRESERVE_REGISTER ; on    ; -    ; reg_file_ff[7][29]              ;
; PRESERVE_REGISTER ; on    ; -    ; reg_file_ff[7][30]              ;
; PRESERVE_REGISTER ; on    ; -    ; reg_file_ff[7][31]              ;
; PRESERVE_REGISTER ; on    ; -    ; reg_file_ff[6][1]               ;
; PRESERVE_REGISTER ; on    ; -    ; reg_file_ff[6][2]               ;
; PRESERVE_REGISTER ; on    ; -    ; reg_file_ff[6][3]               ;
; PRESERVE_REGISTER ; on    ; -    ; reg_file_ff[6][4]               ;
; PRESERVE_REGISTER ; on    ; -    ; reg_file_ff[6][5]               ;
; PRESERVE_REGISTER ; on    ; -    ; reg_file_ff[6][6]               ;
; PRESERVE_REGISTER ; on    ; -    ; reg_file_ff[6][7]               ;
; PRESERVE_REGISTER ; on    ; -    ; reg_file_ff[6][8]               ;
; PRESERVE_REGISTER ; on    ; -    ; reg_file_ff[6][9]               ;
; PRESERVE_REGISTER ; on    ; -    ; reg_file_ff[6][10]              ;
; PRESERVE_REGISTER ; on    ; -    ; reg_file_ff[6][11]              ;
; PRESERVE_REGISTER ; on    ; -    ; reg_file_ff[6][12]              ;
; PRESERVE_REGISTER ; on    ; -    ; reg_file_ff[6][13]              ;
; PRESERVE_REGISTER ; on    ; -    ; reg_file_ff[6][14]              ;
; PRESERVE_REGISTER ; on    ; -    ; reg_file_ff[6][15]              ;
; PRESERVE_REGISTER ; on    ; -    ; reg_file_ff[6][16]              ;
; PRESERVE_REGISTER ; on    ; -    ; reg_file_ff[6][17]              ;
; PRESERVE_REGISTER ; on    ; -    ; reg_file_ff[6][18]              ;
; PRESERVE_REGISTER ; on    ; -    ; reg_file_ff[6][19]              ;
; PRESERVE_REGISTER ; on    ; -    ; reg_file_ff[6][20]              ;
; PRESERVE_REGISTER ; on    ; -    ; reg_file_ff[6][21]              ;
; PRESERVE_REGISTER ; on    ; -    ; reg_file_ff[6][22]              ;
; PRESERVE_REGISTER ; on    ; -    ; reg_file_ff[6][23]              ;
; PRESERVE_REGISTER ; on    ; -    ; reg_file_ff[6][24]              ;
; PRESERVE_REGISTER ; on    ; -    ; reg_file_ff[6][25]              ;
; PRESERVE_REGISTER ; on    ; -    ; reg_file_ff[6][26]              ;
; PRESERVE_REGISTER ; on    ; -    ; reg_file_ff[6][27]              ;
; PRESERVE_REGISTER ; on    ; -    ; reg_file_ff[6][28]              ;
; PRESERVE_REGISTER ; on    ; -    ; reg_file_ff[6][29]              ;
; PRESERVE_REGISTER ; on    ; -    ; reg_file_ff[6][30]              ;
; PRESERVE_REGISTER ; on    ; -    ; reg_file_ff[6][31]              ;
; PRESERVE_REGISTER ; on    ; -    ; reg_file_ff[5][1]               ;
; PRESERVE_REGISTER ; on    ; -    ; reg_file_ff[5][2]               ;
; PRESERVE_REGISTER ; on    ; -    ; reg_file_ff[5][3]               ;
; PRESERVE_REGISTER ; on    ; -    ; reg_file_ff[5][4]               ;
; PRESERVE_REGISTER ; on    ; -    ; reg_file_ff[5][5]               ;
; PRESERVE_REGISTER ; on    ; -    ; reg_file_ff[5][6]               ;
; PRESERVE_REGISTER ; on    ; -    ; reg_file_ff[5][7]               ;
; PRESERVE_REGISTER ; on    ; -    ; reg_file_ff[5][8]               ;
; PRESERVE_REGISTER ; on    ; -    ; reg_file_ff[5][9]               ;
; PRESERVE_REGISTER ; on    ; -    ; reg_file_ff[5][10]              ;
; PRESERVE_REGISTER ; on    ; -    ; reg_file_ff[5][11]              ;
; PRESERVE_REGISTER ; on    ; -    ; reg_file_ff[5][12]              ;
; PRESERVE_REGISTER ; on    ; -    ; reg_file_ff[5][13]              ;
; PRESERVE_REGISTER ; on    ; -    ; reg_file_ff[5][14]              ;
; PRESERVE_REGISTER ; on    ; -    ; reg_file_ff[5][15]              ;
; PRESERVE_REGISTER ; on    ; -    ; reg_file_ff[5][16]              ;
; PRESERVE_REGISTER ; on    ; -    ; reg_file_ff[5][17]              ;
; PRESERVE_REGISTER ; on    ; -    ; reg_file_ff[5][18]              ;
; PRESERVE_REGISTER ; on    ; -    ; reg_file_ff[5][19]              ;
; PRESERVE_REGISTER ; on    ; -    ; reg_file_ff[5][20]              ;
; PRESERVE_REGISTER ; on    ; -    ; reg_file_ff[5][21]              ;
; PRESERVE_REGISTER ; on    ; -    ; reg_file_ff[5][22]              ;
; PRESERVE_REGISTER ; on    ; -    ; reg_file_ff[5][23]              ;
; PRESERVE_REGISTER ; on    ; -    ; reg_file_ff[5][24]              ;
; PRESERVE_REGISTER ; on    ; -    ; reg_file_ff[5][25]              ;
; PRESERVE_REGISTER ; on    ; -    ; reg_file_ff[5][26]              ;
; PRESERVE_REGISTER ; on    ; -    ; reg_file_ff[5][27]              ;
; PRESERVE_REGISTER ; on    ; -    ; reg_file_ff[5][28]              ;
; PRESERVE_REGISTER ; on    ; -    ; reg_file_ff[5][29]              ;
; PRESERVE_REGISTER ; on    ; -    ; reg_file_ff[5][30]              ;
; PRESERVE_REGISTER ; on    ; -    ; reg_file_ff[5][31]              ;
; PRESERVE_REGISTER ; on    ; -    ; reg_file_ff[4][1]               ;
; PRESERVE_REGISTER ; on    ; -    ; reg_file_ff[4][2]               ;
; PRESERVE_REGISTER ; on    ; -    ; reg_file_ff[4][3]               ;
; PRESERVE_REGISTER ; on    ; -    ; reg_file_ff[4][4]               ;
; PRESERVE_REGISTER ; on    ; -    ; reg_file_ff[4][5]               ;
; PRESERVE_REGISTER ; on    ; -    ; reg_file_ff[4][6]               ;
; PRESERVE_REGISTER ; on    ; -    ; reg_file_ff[4][7]               ;
; PRESERVE_REGISTER ; on    ; -    ; reg_file_ff[4][8]               ;
; PRESERVE_REGISTER ; on    ; -    ; reg_file_ff[4][9]               ;
; PRESERVE_REGISTER ; on    ; -    ; reg_file_ff[4][10]              ;
; PRESERVE_REGISTER ; on    ; -    ; reg_file_ff[4][11]              ;
; PRESERVE_REGISTER ; on    ; -    ; reg_file_ff[4][12]              ;
; PRESERVE_REGISTER ; on    ; -    ; reg_file_ff[4][13]              ;
; PRESERVE_REGISTER ; on    ; -    ; reg_file_ff[4][14]              ;
; PRESERVE_REGISTER ; on    ; -    ; reg_file_ff[4][15]              ;
; PRESERVE_REGISTER ; on    ; -    ; reg_file_ff[4][16]              ;
; PRESERVE_REGISTER ; on    ; -    ; reg_file_ff[4][17]              ;
; PRESERVE_REGISTER ; on    ; -    ; reg_file_ff[4][18]              ;
; PRESERVE_REGISTER ; on    ; -    ; reg_file_ff[4][19]              ;
; PRESERVE_REGISTER ; on    ; -    ; reg_file_ff[4][20]              ;
; PRESERVE_REGISTER ; on    ; -    ; reg_file_ff[4][21]              ;
; PRESERVE_REGISTER ; on    ; -    ; reg_file_ff[4][22]              ;
; PRESERVE_REGISTER ; on    ; -    ; reg_file_ff[4][23]              ;
; PRESERVE_REGISTER ; on    ; -    ; reg_file_ff[4][24]              ;
; PRESERVE_REGISTER ; on    ; -    ; reg_file_ff[4][25]              ;
; PRESERVE_REGISTER ; on    ; -    ; reg_file_ff[4][26]              ;
; PRESERVE_REGISTER ; on    ; -    ; reg_file_ff[4][27]              ;
; PRESERVE_REGISTER ; on    ; -    ; reg_file_ff[4][28]              ;
; PRESERVE_REGISTER ; on    ; -    ; reg_file_ff[4][29]              ;
; PRESERVE_REGISTER ; on    ; -    ; reg_file_ff[4][30]              ;
; PRESERVE_REGISTER ; on    ; -    ; reg_file_ff[4][31]              ;
; PRESERVE_REGISTER ; on    ; -    ; reg_file_ff[3][1]               ;
; PRESERVE_REGISTER ; on    ; -    ; reg_file_ff[3][2]               ;
; PRESERVE_REGISTER ; on    ; -    ; reg_file_ff[3][3]               ;
; PRESERVE_REGISTER ; on    ; -    ; reg_file_ff[3][4]               ;
; PRESERVE_REGISTER ; on    ; -    ; reg_file_ff[3][5]               ;
; PRESERVE_REGISTER ; on    ; -    ; reg_file_ff[3][6]               ;
; PRESERVE_REGISTER ; on    ; -    ; reg_file_ff[3][7]               ;
; PRESERVE_REGISTER ; on    ; -    ; reg_file_ff[3][8]               ;
; PRESERVE_REGISTER ; on    ; -    ; reg_file_ff[3][9]               ;
; PRESERVE_REGISTER ; on    ; -    ; reg_file_ff[3][10]              ;
; PRESERVE_REGISTER ; on    ; -    ; reg_file_ff[3][11]              ;
; PRESERVE_REGISTER ; on    ; -    ; reg_file_ff[3][12]              ;
; PRESERVE_REGISTER ; on    ; -    ; reg_file_ff[3][13]              ;
; PRESERVE_REGISTER ; on    ; -    ; reg_file_ff[3][14]              ;
; PRESERVE_REGISTER ; on    ; -    ; reg_file_ff[3][15]              ;
; PRESERVE_REGISTER ; on    ; -    ; reg_file_ff[3][16]              ;
; PRESERVE_REGISTER ; on    ; -    ; reg_file_ff[3][17]              ;
; PRESERVE_REGISTER ; on    ; -    ; reg_file_ff[3][18]              ;
; PRESERVE_REGISTER ; on    ; -    ; reg_file_ff[3][19]              ;
; PRESERVE_REGISTER ; on    ; -    ; reg_file_ff[3][20]              ;
; PRESERVE_REGISTER ; on    ; -    ; reg_file_ff[3][21]              ;
; PRESERVE_REGISTER ; on    ; -    ; reg_file_ff[3][22]              ;
; PRESERVE_REGISTER ; on    ; -    ; reg_file_ff[3][23]              ;
; PRESERVE_REGISTER ; on    ; -    ; reg_file_ff[3][24]              ;
; PRESERVE_REGISTER ; on    ; -    ; reg_file_ff[3][25]              ;
; PRESERVE_REGISTER ; on    ; -    ; reg_file_ff[3][26]              ;
; PRESERVE_REGISTER ; on    ; -    ; reg_file_ff[3][27]              ;
; PRESERVE_REGISTER ; on    ; -    ; reg_file_ff[3][28]              ;
; PRESERVE_REGISTER ; on    ; -    ; reg_file_ff[3][29]              ;
; PRESERVE_REGISTER ; on    ; -    ; reg_file_ff[3][30]              ;
; PRESERVE_REGISTER ; on    ; -    ; reg_file_ff[3][31]              ;
; PRESERVE_REGISTER ; on    ; -    ; reg_file_ff[2][1]               ;
; PRESERVE_REGISTER ; on    ; -    ; reg_file_ff[2][2]               ;
; PRESERVE_REGISTER ; on    ; -    ; reg_file_ff[2][3]               ;
; PRESERVE_REGISTER ; on    ; -    ; reg_file_ff[2][4]               ;
; PRESERVE_REGISTER ; on    ; -    ; reg_file_ff[2][5]               ;
; PRESERVE_REGISTER ; on    ; -    ; reg_file_ff[2][6]               ;
; PRESERVE_REGISTER ; on    ; -    ; reg_file_ff[2][7]               ;
; PRESERVE_REGISTER ; on    ; -    ; reg_file_ff[2][8]               ;
; PRESERVE_REGISTER ; on    ; -    ; reg_file_ff[2][9]               ;
; PRESERVE_REGISTER ; on    ; -    ; reg_file_ff[2][10]              ;
; PRESERVE_REGISTER ; on    ; -    ; reg_file_ff[2][11]              ;
; PRESERVE_REGISTER ; on    ; -    ; reg_file_ff[2][12]              ;
; PRESERVE_REGISTER ; on    ; -    ; reg_file_ff[2][13]              ;
; PRESERVE_REGISTER ; on    ; -    ; reg_file_ff[2][14]              ;
; PRESERVE_REGISTER ; on    ; -    ; reg_file_ff[2][15]              ;
; PRESERVE_REGISTER ; on    ; -    ; reg_file_ff[2][16]              ;
; PRESERVE_REGISTER ; on    ; -    ; reg_file_ff[2][17]              ;
; PRESERVE_REGISTER ; on    ; -    ; reg_file_ff[2][18]              ;
; PRESERVE_REGISTER ; on    ; -    ; reg_file_ff[2][19]              ;
; PRESERVE_REGISTER ; on    ; -    ; reg_file_ff[2][20]              ;
; PRESERVE_REGISTER ; on    ; -    ; reg_file_ff[2][21]              ;
; PRESERVE_REGISTER ; on    ; -    ; reg_file_ff[2][22]              ;
; PRESERVE_REGISTER ; on    ; -    ; reg_file_ff[2][23]              ;
; PRESERVE_REGISTER ; on    ; -    ; reg_file_ff[2][24]              ;
; PRESERVE_REGISTER ; on    ; -    ; reg_file_ff[2][25]              ;
; PRESERVE_REGISTER ; on    ; -    ; reg_file_ff[2][26]              ;
; PRESERVE_REGISTER ; on    ; -    ; reg_file_ff[2][27]              ;
; PRESERVE_REGISTER ; on    ; -    ; reg_file_ff[2][28]              ;
; PRESERVE_REGISTER ; on    ; -    ; reg_file_ff[2][29]              ;
; PRESERVE_REGISTER ; on    ; -    ; reg_file_ff[2][30]              ;
; PRESERVE_REGISTER ; on    ; -    ; reg_file_ff[2][31]              ;
; PRESERVE_REGISTER ; on    ; -    ; reg_file_ff[1][1]               ;
; PRESERVE_REGISTER ; on    ; -    ; reg_file_ff[1][2]               ;
; PRESERVE_REGISTER ; on    ; -    ; reg_file_ff[1][3]               ;
; PRESERVE_REGISTER ; on    ; -    ; reg_file_ff[1][4]               ;
; PRESERVE_REGISTER ; on    ; -    ; reg_file_ff[1][5]               ;
; PRESERVE_REGISTER ; on    ; -    ; reg_file_ff[1][6]               ;
; PRESERVE_REGISTER ; on    ; -    ; reg_file_ff[1][7]               ;
; PRESERVE_REGISTER ; on    ; -    ; reg_file_ff[1][8]               ;
; PRESERVE_REGISTER ; on    ; -    ; reg_file_ff[1][9]               ;
; PRESERVE_REGISTER ; on    ; -    ; reg_file_ff[1][10]              ;
; PRESERVE_REGISTER ; on    ; -    ; reg_file_ff[1][11]              ;
; PRESERVE_REGISTER ; on    ; -    ; reg_file_ff[1][12]              ;
; PRESERVE_REGISTER ; on    ; -    ; reg_file_ff[1][13]              ;
; PRESERVE_REGISTER ; on    ; -    ; reg_file_ff[1][14]              ;
; PRESERVE_REGISTER ; on    ; -    ; reg_file_ff[1][15]              ;
; PRESERVE_REGISTER ; on    ; -    ; reg_file_ff[1][16]              ;
; PRESERVE_REGISTER ; on    ; -    ; reg_file_ff[1][17]              ;
; PRESERVE_REGISTER ; on    ; -    ; reg_file_ff[1][18]              ;
; PRESERVE_REGISTER ; on    ; -    ; reg_file_ff[1][19]              ;
; PRESERVE_REGISTER ; on    ; -    ; reg_file_ff[1][20]              ;
; PRESERVE_REGISTER ; on    ; -    ; reg_file_ff[1][21]              ;
; PRESERVE_REGISTER ; on    ; -    ; reg_file_ff[1][22]              ;
; PRESERVE_REGISTER ; on    ; -    ; reg_file_ff[1][23]              ;
; PRESERVE_REGISTER ; on    ; -    ; reg_file_ff[1][24]              ;
; PRESERVE_REGISTER ; on    ; -    ; reg_file_ff[1][25]              ;
; PRESERVE_REGISTER ; on    ; -    ; reg_file_ff[1][26]              ;
; PRESERVE_REGISTER ; on    ; -    ; reg_file_ff[1][27]              ;
; PRESERVE_REGISTER ; on    ; -    ; reg_file_ff[1][28]              ;
; PRESERVE_REGISTER ; on    ; -    ; reg_file_ff[1][29]              ;
; PRESERVE_REGISTER ; on    ; -    ; reg_file_ff[1][30]              ;
; PRESERVE_REGISTER ; on    ; -    ; reg_file_ff[1][31]              ;
+-------------------+-------+------+---------------------------------+


+----------------------------------------------------------------------------------------------------+
; Source assignments for UART_UNCORE:i_UART_UNCORE|risc_v_mike_gpio_module:i_risc_v_mike_gpio_module ;
+------------------------------+-------+------+------------------------------------------------------+
; Assignment                   ; Value ; From ; To                                                   ;
+------------------------------+-------+------+------------------------------------------------------+
; IGNORE_LCELL_BUFFERS         ; off   ; -    ; tx_data[7]                                           ;
; REMOVE_REDUNDANT_LOGIC_CELLS ; off   ; -    ; tx_data[7]                                           ;
; IGNORE_LCELL_BUFFERS         ; off   ; -    ; tx_data[6]                                           ;
; REMOVE_REDUNDANT_LOGIC_CELLS ; off   ; -    ; tx_data[6]                                           ;
; IGNORE_LCELL_BUFFERS         ; off   ; -    ; tx_data[5]                                           ;
; REMOVE_REDUNDANT_LOGIC_CELLS ; off   ; -    ; tx_data[5]                                           ;
; IGNORE_LCELL_BUFFERS         ; off   ; -    ; tx_data[4]                                           ;
; REMOVE_REDUNDANT_LOGIC_CELLS ; off   ; -    ; tx_data[4]                                           ;
; IGNORE_LCELL_BUFFERS         ; off   ; -    ; tx_data[3]                                           ;
; REMOVE_REDUNDANT_LOGIC_CELLS ; off   ; -    ; tx_data[3]                                           ;
; IGNORE_LCELL_BUFFERS         ; off   ; -    ; tx_data[2]                                           ;
; REMOVE_REDUNDANT_LOGIC_CELLS ; off   ; -    ; tx_data[2]                                           ;
; IGNORE_LCELL_BUFFERS         ; off   ; -    ; tx_data[1]                                           ;
; REMOVE_REDUNDANT_LOGIC_CELLS ; off   ; -    ; tx_data[1]                                           ;
; IGNORE_LCELL_BUFFERS         ; off   ; -    ; tx_data[0]                                           ;
; REMOVE_REDUNDANT_LOGIC_CELLS ; off   ; -    ; tx_data[0]                                           ;
; IGNORE_LCELL_BUFFERS         ; off   ; -    ; tx_send                                              ;
; REMOVE_REDUNDANT_LOGIC_CELLS ; off   ; -    ; tx_send                                              ;
; IGNORE_LCELL_BUFFERS         ; off   ; -    ; tx_flag_clr                                          ;
; REMOVE_REDUNDANT_LOGIC_CELLS ; off   ; -    ; tx_flag_clr                                          ;
; IGNORE_LCELL_BUFFERS         ; off   ; -    ; rx_flag_clr                                          ;
; REMOVE_REDUNDANT_LOGIC_CELLS ; off   ; -    ; rx_flag_clr                                          ;
+------------------------------+-------+------+------------------------------------------------------+


+---------------------------------------------------------------------------------------------------------------------------------------------+
; Source assignments for risc_v_mike_instruction_memory:i_risc_v_mike_instruction_memory|altsyncram:Mux0_rtl_0|altsyncram_rt71:auto_generated ;
+---------------------------------+--------------------+------+-------------------------------------------------------------------------------+
; Assignment                      ; Value              ; From ; To                                                                            ;
+---------------------------------+--------------------+------+-------------------------------------------------------------------------------+
; OPTIMIZE_POWER_DURING_SYNTHESIS ; NORMAL_COMPILATION ; -    ; -                                                                             ;
+---------------------------------+--------------------+------+-------------------------------------------------------------------------------+


+------------------------------------------------------------------------------------------------------------------------------------------+
; Parameter Settings for User Entity Instance: risv_mike_pll:i_risv_mike_pll|risv_mike_pll_0002:risv_mike_pll_inst|altera_pll:altera_pll_i ;
+--------------------------------------+------------------------+--------------------------------------------------------------------------+
; Parameter Name                       ; Value                  ; Type                                                                     ;
+--------------------------------------+------------------------+--------------------------------------------------------------------------+
; reference_clock_frequency            ; 50.0 MHz               ; String                                                                   ;
; fractional_vco_multiplier            ; false                  ; String                                                                   ;
; pll_type                             ; General                ; String                                                                   ;
; pll_subtype                          ; General                ; String                                                                   ;
; number_of_clocks                     ; 1                      ; Signed Integer                                                           ;
; operation_mode                       ; direct                 ; String                                                                   ;
; deserialization_factor               ; 4                      ; Signed Integer                                                           ;
; data_rate                            ; 0                      ; Signed Integer                                                           ;
; sim_additional_refclk_cycles_to_lock ; 0                      ; Signed Integer                                                           ;
; output_clock_frequency0              ; 1.250000 MHz           ; String                                                                   ;
; phase_shift0                         ; 0 ps                   ; String                                                                   ;
; duty_cycle0                          ; 50                     ; Signed Integer                                                           ;
; output_clock_frequency1              ; 0 MHz                  ; String                                                                   ;
; phase_shift1                         ; 0 ps                   ; String                                                                   ;
; duty_cycle1                          ; 50                     ; Signed Integer                                                           ;
; output_clock_frequency2              ; 0 MHz                  ; String                                                                   ;
; phase_shift2                         ; 0 ps                   ; String                                                                   ;
; duty_cycle2                          ; 50                     ; Signed Integer                                                           ;
; output_clock_frequency3              ; 0 MHz                  ; String                                                                   ;
; phase_shift3                         ; 0 ps                   ; String                                                                   ;
; duty_cycle3                          ; 50                     ; Signed Integer                                                           ;
; output_clock_frequency4              ; 0 MHz                  ; String                                                                   ;
; phase_shift4                         ; 0 ps                   ; String                                                                   ;
; duty_cycle4                          ; 50                     ; Signed Integer                                                           ;
; output_clock_frequency5              ; 0 MHz                  ; String                                                                   ;
; phase_shift5                         ; 0 ps                   ; String                                                                   ;
; duty_cycle5                          ; 50                     ; Signed Integer                                                           ;
; output_clock_frequency6              ; 0 MHz                  ; String                                                                   ;
; phase_shift6                         ; 0 ps                   ; String                                                                   ;
; duty_cycle6                          ; 50                     ; Signed Integer                                                           ;
; output_clock_frequency7              ; 0 MHz                  ; String                                                                   ;
; phase_shift7                         ; 0 ps                   ; String                                                                   ;
; duty_cycle7                          ; 50                     ; Signed Integer                                                           ;
; output_clock_frequency8              ; 0 MHz                  ; String                                                                   ;
; phase_shift8                         ; 0 ps                   ; String                                                                   ;
; duty_cycle8                          ; 50                     ; Signed Integer                                                           ;
; output_clock_frequency9              ; 0 MHz                  ; String                                                                   ;
; phase_shift9                         ; 0 ps                   ; String                                                                   ;
; duty_cycle9                          ; 50                     ; Signed Integer                                                           ;
; output_clock_frequency10             ; 0 MHz                  ; String                                                                   ;
; phase_shift10                        ; 0 ps                   ; String                                                                   ;
; duty_cycle10                         ; 50                     ; Signed Integer                                                           ;
; output_clock_frequency11             ; 0 MHz                  ; String                                                                   ;
; phase_shift11                        ; 0 ps                   ; String                                                                   ;
; duty_cycle11                         ; 50                     ; Signed Integer                                                           ;
; output_clock_frequency12             ; 0 MHz                  ; String                                                                   ;
; phase_shift12                        ; 0 ps                   ; String                                                                   ;
; duty_cycle12                         ; 50                     ; Signed Integer                                                           ;
; output_clock_frequency13             ; 0 MHz                  ; String                                                                   ;
; phase_shift13                        ; 0 ps                   ; String                                                                   ;
; duty_cycle13                         ; 50                     ; Signed Integer                                                           ;
; output_clock_frequency14             ; 0 MHz                  ; String                                                                   ;
; phase_shift14                        ; 0 ps                   ; String                                                                   ;
; duty_cycle14                         ; 50                     ; Signed Integer                                                           ;
; output_clock_frequency15             ; 0 MHz                  ; String                                                                   ;
; phase_shift15                        ; 0 ps                   ; String                                                                   ;
; duty_cycle15                         ; 50                     ; Signed Integer                                                           ;
; output_clock_frequency16             ; 0 MHz                  ; String                                                                   ;
; phase_shift16                        ; 0 ps                   ; String                                                                   ;
; duty_cycle16                         ; 50                     ; Signed Integer                                                           ;
; output_clock_frequency17             ; 0 MHz                  ; String                                                                   ;
; phase_shift17                        ; 0 ps                   ; String                                                                   ;
; duty_cycle17                         ; 50                     ; Signed Integer                                                           ;
; clock_name_0                         ;                        ; String                                                                   ;
; clock_name_1                         ;                        ; String                                                                   ;
; clock_name_2                         ;                        ; String                                                                   ;
; clock_name_3                         ;                        ; String                                                                   ;
; clock_name_4                         ;                        ; String                                                                   ;
; clock_name_5                         ;                        ; String                                                                   ;
; clock_name_6                         ;                        ; String                                                                   ;
; clock_name_7                         ;                        ; String                                                                   ;
; clock_name_8                         ;                        ; String                                                                   ;
; clock_name_global_0                  ; false                  ; String                                                                   ;
; clock_name_global_1                  ; false                  ; String                                                                   ;
; clock_name_global_2                  ; false                  ; String                                                                   ;
; clock_name_global_3                  ; false                  ; String                                                                   ;
; clock_name_global_4                  ; false                  ; String                                                                   ;
; clock_name_global_5                  ; false                  ; String                                                                   ;
; clock_name_global_6                  ; false                  ; String                                                                   ;
; clock_name_global_7                  ; false                  ; String                                                                   ;
; clock_name_global_8                  ; false                  ; String                                                                   ;
; m_cnt_hi_div                         ; 1                      ; Signed Integer                                                           ;
; m_cnt_lo_div                         ; 1                      ; Signed Integer                                                           ;
; m_cnt_bypass_en                      ; false                  ; String                                                                   ;
; m_cnt_odd_div_duty_en                ; false                  ; String                                                                   ;
; n_cnt_hi_div                         ; 1                      ; Signed Integer                                                           ;
; n_cnt_lo_div                         ; 1                      ; Signed Integer                                                           ;
; n_cnt_bypass_en                      ; false                  ; String                                                                   ;
; n_cnt_odd_div_duty_en                ; false                  ; String                                                                   ;
; c_cnt_hi_div0                        ; 1                      ; Signed Integer                                                           ;
; c_cnt_lo_div0                        ; 1                      ; Signed Integer                                                           ;
; c_cnt_bypass_en0                     ; false                  ; String                                                                   ;
; c_cnt_in_src0                        ; ph_mux_clk             ; String                                                                   ;
; c_cnt_odd_div_duty_en0               ; false                  ; String                                                                   ;
; c_cnt_prst0                          ; 1                      ; Signed Integer                                                           ;
; c_cnt_ph_mux_prst0                   ; 0                      ; Signed Integer                                                           ;
; c_cnt_hi_div1                        ; 1                      ; Signed Integer                                                           ;
; c_cnt_lo_div1                        ; 1                      ; Signed Integer                                                           ;
; c_cnt_bypass_en1                     ; false                  ; String                                                                   ;
; c_cnt_in_src1                        ; ph_mux_clk             ; String                                                                   ;
; c_cnt_odd_div_duty_en1               ; false                  ; String                                                                   ;
; c_cnt_prst1                          ; 1                      ; Signed Integer                                                           ;
; c_cnt_ph_mux_prst1                   ; 0                      ; Signed Integer                                                           ;
; c_cnt_hi_div2                        ; 1                      ; Signed Integer                                                           ;
; c_cnt_lo_div2                        ; 1                      ; Signed Integer                                                           ;
; c_cnt_bypass_en2                     ; false                  ; String                                                                   ;
; c_cnt_in_src2                        ; ph_mux_clk             ; String                                                                   ;
; c_cnt_odd_div_duty_en2               ; false                  ; String                                                                   ;
; c_cnt_prst2                          ; 1                      ; Signed Integer                                                           ;
; c_cnt_ph_mux_prst2                   ; 0                      ; Signed Integer                                                           ;
; c_cnt_hi_div3                        ; 1                      ; Signed Integer                                                           ;
; c_cnt_lo_div3                        ; 1                      ; Signed Integer                                                           ;
; c_cnt_bypass_en3                     ; false                  ; String                                                                   ;
; c_cnt_in_src3                        ; ph_mux_clk             ; String                                                                   ;
; c_cnt_odd_div_duty_en3               ; false                  ; String                                                                   ;
; c_cnt_prst3                          ; 1                      ; Signed Integer                                                           ;
; c_cnt_ph_mux_prst3                   ; 0                      ; Signed Integer                                                           ;
; c_cnt_hi_div4                        ; 1                      ; Signed Integer                                                           ;
; c_cnt_lo_div4                        ; 1                      ; Signed Integer                                                           ;
; c_cnt_bypass_en4                     ; false                  ; String                                                                   ;
; c_cnt_in_src4                        ; ph_mux_clk             ; String                                                                   ;
; c_cnt_odd_div_duty_en4               ; false                  ; String                                                                   ;
; c_cnt_prst4                          ; 1                      ; Signed Integer                                                           ;
; c_cnt_ph_mux_prst4                   ; 0                      ; Signed Integer                                                           ;
; c_cnt_hi_div5                        ; 1                      ; Signed Integer                                                           ;
; c_cnt_lo_div5                        ; 1                      ; Signed Integer                                                           ;
; c_cnt_bypass_en5                     ; false                  ; String                                                                   ;
; c_cnt_in_src5                        ; ph_mux_clk             ; String                                                                   ;
; c_cnt_odd_div_duty_en5               ; false                  ; String                                                                   ;
; c_cnt_prst5                          ; 1                      ; Signed Integer                                                           ;
; c_cnt_ph_mux_prst5                   ; 0                      ; Signed Integer                                                           ;
; c_cnt_hi_div6                        ; 1                      ; Signed Integer                                                           ;
; c_cnt_lo_div6                        ; 1                      ; Signed Integer                                                           ;
; c_cnt_bypass_en6                     ; false                  ; String                                                                   ;
; c_cnt_in_src6                        ; ph_mux_clk             ; String                                                                   ;
; c_cnt_odd_div_duty_en6               ; false                  ; String                                                                   ;
; c_cnt_prst6                          ; 1                      ; Signed Integer                                                           ;
; c_cnt_ph_mux_prst6                   ; 0                      ; Signed Integer                                                           ;
; c_cnt_hi_div7                        ; 1                      ; Signed Integer                                                           ;
; c_cnt_lo_div7                        ; 1                      ; Signed Integer                                                           ;
; c_cnt_bypass_en7                     ; false                  ; String                                                                   ;
; c_cnt_in_src7                        ; ph_mux_clk             ; String                                                                   ;
; c_cnt_odd_div_duty_en7               ; false                  ; String                                                                   ;
; c_cnt_prst7                          ; 1                      ; Signed Integer                                                           ;
; c_cnt_ph_mux_prst7                   ; 0                      ; Signed Integer                                                           ;
; c_cnt_hi_div8                        ; 1                      ; Signed Integer                                                           ;
; c_cnt_lo_div8                        ; 1                      ; Signed Integer                                                           ;
; c_cnt_bypass_en8                     ; false                  ; String                                                                   ;
; c_cnt_in_src8                        ; ph_mux_clk             ; String                                                                   ;
; c_cnt_odd_div_duty_en8               ; false                  ; String                                                                   ;
; c_cnt_prst8                          ; 1                      ; Signed Integer                                                           ;
; c_cnt_ph_mux_prst8                   ; 0                      ; Signed Integer                                                           ;
; c_cnt_hi_div9                        ; 1                      ; Signed Integer                                                           ;
; c_cnt_lo_div9                        ; 1                      ; Signed Integer                                                           ;
; c_cnt_bypass_en9                     ; false                  ; String                                                                   ;
; c_cnt_in_src9                        ; ph_mux_clk             ; String                                                                   ;
; c_cnt_odd_div_duty_en9               ; false                  ; String                                                                   ;
; c_cnt_prst9                          ; 1                      ; Signed Integer                                                           ;
; c_cnt_ph_mux_prst9                   ; 0                      ; Signed Integer                                                           ;
; c_cnt_hi_div10                       ; 1                      ; Signed Integer                                                           ;
; c_cnt_lo_div10                       ; 1                      ; Signed Integer                                                           ;
; c_cnt_bypass_en10                    ; false                  ; String                                                                   ;
; c_cnt_in_src10                       ; ph_mux_clk             ; String                                                                   ;
; c_cnt_odd_div_duty_en10              ; false                  ; String                                                                   ;
; c_cnt_prst10                         ; 1                      ; Signed Integer                                                           ;
; c_cnt_ph_mux_prst10                  ; 0                      ; Signed Integer                                                           ;
; c_cnt_hi_div11                       ; 1                      ; Signed Integer                                                           ;
; c_cnt_lo_div11                       ; 1                      ; Signed Integer                                                           ;
; c_cnt_bypass_en11                    ; false                  ; String                                                                   ;
; c_cnt_in_src11                       ; ph_mux_clk             ; String                                                                   ;
; c_cnt_odd_div_duty_en11              ; false                  ; String                                                                   ;
; c_cnt_prst11                         ; 1                      ; Signed Integer                                                           ;
; c_cnt_ph_mux_prst11                  ; 0                      ; Signed Integer                                                           ;
; c_cnt_hi_div12                       ; 1                      ; Signed Integer                                                           ;
; c_cnt_lo_div12                       ; 1                      ; Signed Integer                                                           ;
; c_cnt_bypass_en12                    ; false                  ; String                                                                   ;
; c_cnt_in_src12                       ; ph_mux_clk             ; String                                                                   ;
; c_cnt_odd_div_duty_en12              ; false                  ; String                                                                   ;
; c_cnt_prst12                         ; 1                      ; Signed Integer                                                           ;
; c_cnt_ph_mux_prst12                  ; 0                      ; Signed Integer                                                           ;
; c_cnt_hi_div13                       ; 1                      ; Signed Integer                                                           ;
; c_cnt_lo_div13                       ; 1                      ; Signed Integer                                                           ;
; c_cnt_bypass_en13                    ; false                  ; String                                                                   ;
; c_cnt_in_src13                       ; ph_mux_clk             ; String                                                                   ;
; c_cnt_odd_div_duty_en13              ; false                  ; String                                                                   ;
; c_cnt_prst13                         ; 1                      ; Signed Integer                                                           ;
; c_cnt_ph_mux_prst13                  ; 0                      ; Signed Integer                                                           ;
; c_cnt_hi_div14                       ; 1                      ; Signed Integer                                                           ;
; c_cnt_lo_div14                       ; 1                      ; Signed Integer                                                           ;
; c_cnt_bypass_en14                    ; false                  ; String                                                                   ;
; c_cnt_in_src14                       ; ph_mux_clk             ; String                                                                   ;
; c_cnt_odd_div_duty_en14              ; false                  ; String                                                                   ;
; c_cnt_prst14                         ; 1                      ; Signed Integer                                                           ;
; c_cnt_ph_mux_prst14                  ; 0                      ; Signed Integer                                                           ;
; c_cnt_hi_div15                       ; 1                      ; Signed Integer                                                           ;
; c_cnt_lo_div15                       ; 1                      ; Signed Integer                                                           ;
; c_cnt_bypass_en15                    ; false                  ; String                                                                   ;
; c_cnt_in_src15                       ; ph_mux_clk             ; String                                                                   ;
; c_cnt_odd_div_duty_en15              ; false                  ; String                                                                   ;
; c_cnt_prst15                         ; 1                      ; Signed Integer                                                           ;
; c_cnt_ph_mux_prst15                  ; 0                      ; Signed Integer                                                           ;
; c_cnt_hi_div16                       ; 1                      ; Signed Integer                                                           ;
; c_cnt_lo_div16                       ; 1                      ; Signed Integer                                                           ;
; c_cnt_bypass_en16                    ; false                  ; String                                                                   ;
; c_cnt_in_src16                       ; ph_mux_clk             ; String                                                                   ;
; c_cnt_odd_div_duty_en16              ; false                  ; String                                                                   ;
; c_cnt_prst16                         ; 1                      ; Signed Integer                                                           ;
; c_cnt_ph_mux_prst16                  ; 0                      ; Signed Integer                                                           ;
; c_cnt_hi_div17                       ; 1                      ; Signed Integer                                                           ;
; c_cnt_lo_div17                       ; 1                      ; Signed Integer                                                           ;
; c_cnt_bypass_en17                    ; false                  ; String                                                                   ;
; c_cnt_in_src17                       ; ph_mux_clk             ; String                                                                   ;
; c_cnt_odd_div_duty_en17              ; false                  ; String                                                                   ;
; c_cnt_prst17                         ; 1                      ; Signed Integer                                                           ;
; c_cnt_ph_mux_prst17                  ; 0                      ; Signed Integer                                                           ;
; pll_vco_div                          ; 1                      ; Signed Integer                                                           ;
; pll_slf_rst                          ; false                  ; String                                                                   ;
; pll_bw_sel                           ; low                    ; String                                                                   ;
; pll_output_clk_frequency             ; 0 MHz                  ; String                                                                   ;
; pll_cp_current                       ; 0                      ; Signed Integer                                                           ;
; pll_bwctrl                           ; 0                      ; Signed Integer                                                           ;
; pll_fractional_division              ; 1                      ; Signed Integer                                                           ;
; pll_fractional_cout                  ; 24                     ; Signed Integer                                                           ;
; pll_dsm_out_sel                      ; 1st_order              ; String                                                                   ;
; mimic_fbclk_type                     ; gclk                   ; String                                                                   ;
; pll_fbclk_mux_1                      ; glb                    ; String                                                                   ;
; pll_fbclk_mux_2                      ; fb_1                   ; String                                                                   ;
; pll_m_cnt_in_src                     ; ph_mux_clk             ; String                                                                   ;
; pll_vcoph_div                        ; 1                      ; Signed Integer                                                           ;
; refclk1_frequency                    ; 0 MHz                  ; String                                                                   ;
; pll_clkin_0_src                      ; clk_0                  ; String                                                                   ;
; pll_clkin_1_src                      ; clk_0                  ; String                                                                   ;
; pll_clk_loss_sw_en                   ; false                  ; String                                                                   ;
; pll_auto_clk_sw_en                   ; false                  ; String                                                                   ;
; pll_manu_clk_sw_en                   ; false                  ; String                                                                   ;
; pll_clk_sw_dly                       ; 0                      ; Signed Integer                                                           ;
; pll_extclk_0_cnt_src                 ; pll_extclk_cnt_src_vss ; String                                                                   ;
; pll_extclk_1_cnt_src                 ; pll_extclk_cnt_src_vss ; String                                                                   ;
+--------------------------------------+------------------------+--------------------------------------------------------------------------+
Note: In order to hide this table in the UI and the text report file, please set the "Show Parameter Settings in Synthesis Report" option in "Analysis and Synthesis Settings -> More Settings" to "Off".


+------------------------------------------------------------------------------------------+
; Parameter Settings for User Entity Instance: risc_v_mike_reg_file:i_risc_v_mike_reg_file ;
+----------------+-------+-----------------------------------------------------------------+
; Parameter Name ; Value ; Type                                                            ;
+----------------+-------+-----------------------------------------------------------------+
; REG_FILE_WIDTH ; 32    ; Signed Integer                                                  ;
; REG_FILE_DEPTH ; 32    ; Signed Integer                                                  ;
+----------------+-------+-----------------------------------------------------------------+
Note: In order to hide this table in the UI and the text report file, please set the "Show Parameter Settings in Synthesis Report" option in "Analysis and Synthesis Settings -> More Settings" to "Off".


+------------------------------------------------------------------------------------------------+
; Parameter Settings for User Entity Instance: risc_v_mike_data_memory:i_risc_v_mike_data_memory ;
+----------------+-------+-----------------------------------------------------------------------+
; Parameter Name ; Value ; Type                                                                  ;
+----------------+-------+-----------------------------------------------------------------------+
; DATA_MEM_DEPTH ; 512   ; Signed Integer                                                        ;
+----------------+-------+-----------------------------------------------------------------------+
Note: In order to hide this table in the UI and the text report file, please set the "Show Parameter Settings in Synthesis Report" option in "Analysis and Synthesis Settings -> More Settings" to "Off".


+--------------------------------------------------------------------------------------------------------------+
; Parameter Settings for User Entity Instance: risc_v_mike_instruction_memory:i_risc_v_mike_instruction_memory ;
+----------------+-------+-------------------------------------------------------------------------------------+
; Parameter Name ; Value ; Type                                                                                ;
+----------------+-------+-------------------------------------------------------------------------------------+
; DATA_MEM_WIDTH ; 32    ; Signed Integer                                                                      ;
; DATA_MEM_DEPTH ; 1024  ; Signed Integer                                                                      ;
+----------------+-------+-------------------------------------------------------------------------------------+
Note: In order to hide this table in the UI and the text report file, please set the "Show Parameter Settings in Synthesis Report" option in "Analysis and Synthesis Settings -> More Settings" to "Off".


+---------------------------------------------------------------------------------------------------------------------+
; Parameter Settings for User Entity Instance: UART_UNCORE:i_UART_UNCORE|UART_MIKE:i_top_UART_MIKE|counter:rx_counter ;
+----------------+-------+--------------------------------------------------------------------------------------------+
; Parameter Name ; Value ; Type                                                                                       ;
+----------------+-------+--------------------------------------------------------------------------------------------+
; COUNTER_SIZE   ; 4     ; Signed Integer                                                                             ;
+----------------+-------+--------------------------------------------------------------------------------------------+
Note: In order to hide this table in the UI and the text report file, please set the "Show Parameter Settings in Synthesis Report" option in "Analysis and Synthesis Settings -> More Settings" to "Off".


+-------------------------------------------------------------------------------------------------------------------------+
; Parameter Settings for User Entity Instance: UART_UNCORE:i_UART_UNCORE|UART_MIKE:i_top_UART_MIKE|counter:rx_clk_counter ;
+----------------+-------+------------------------------------------------------------------------------------------------+
; Parameter Name ; Value ; Type                                                                                           ;
+----------------+-------+------------------------------------------------------------------------------------------------+
; COUNTER_SIZE   ; 8     ; Signed Integer                                                                                 ;
+----------------+-------+------------------------------------------------------------------------------------------------+
Note: In order to hide this table in the UI and the text report file, please set the "Show Parameter Settings in Synthesis Report" option in "Analysis and Synthesis Settings -> More Settings" to "Off".


+------------------------------------------------------------------------------------------------------------------------------+
; Parameter Settings for User Entity Instance: UART_UNCORE:i_UART_UNCORE|UART_MIKE:i_top_UART_MIKE|counter:rx_counter_shift_en ;
+----------------+-------+-----------------------------------------------------------------------------------------------------+
; Parameter Name ; Value ; Type                                                                                                ;
+----------------+-------+-----------------------------------------------------------------------------------------------------+
; COUNTER_SIZE   ; 8     ; Signed Integer                                                                                      ;
+----------------+-------+-----------------------------------------------------------------------------------------------------+
Note: In order to hide this table in the UI and the text report file, please set the "Show Parameter Settings in Synthesis Report" option in "Analysis and Synthesis Settings -> More Settings" to "Off".


+---------------------------------------------------------------------------------------------------------------------+
; Parameter Settings for User Entity Instance: UART_UNCORE:i_UART_UNCORE|UART_MIKE:i_top_UART_MIKE|counter:tx_counter ;
+----------------+-------+--------------------------------------------------------------------------------------------+
; Parameter Name ; Value ; Type                                                                                       ;
+----------------+-------+--------------------------------------------------------------------------------------------+
; COUNTER_SIZE   ; 4     ; Signed Integer                                                                             ;
+----------------+-------+--------------------------------------------------------------------------------------------+
Note: In order to hide this table in the UI and the text report file, please set the "Show Parameter Settings in Synthesis Report" option in "Analysis and Synthesis Settings -> More Settings" to "Off".


+-------------------------------------------------------------------------------------------------------------------------+
; Parameter Settings for User Entity Instance: UART_UNCORE:i_UART_UNCORE|UART_MIKE:i_top_UART_MIKE|counter:tx_clk_counter ;
+----------------+-------+------------------------------------------------------------------------------------------------+
; Parameter Name ; Value ; Type                                                                                           ;
+----------------+-------+------------------------------------------------------------------------------------------------+
; COUNTER_SIZE   ; 8     ; Signed Integer                                                                                 ;
+----------------+-------+------------------------------------------------------------------------------------------------+
Note: In order to hide this table in the UI and the text report file, please set the "Show Parameter Settings in Synthesis Report" option in "Analysis and Synthesis Settings -> More Settings" to "Off".


+----------------------------------------------------------------------------------------------------------------------------------------+
; Parameter Settings for Inferred Entity Instance: risc_v_mike_instruction_memory:i_risc_v_mike_instruction_memory|altsyncram:Mux0_rtl_0 ;
+------------------------------------+---------------------------------------------+-----------------------------------------------------+
; Parameter Name                     ; Value                                       ; Type                                                ;
+------------------------------------+---------------------------------------------+-----------------------------------------------------+
; BYTE_SIZE_BLOCK                    ; 8                                           ; Untyped                                             ;
; AUTO_CARRY_CHAINS                  ; ON                                          ; AUTO_CARRY                                          ;
; IGNORE_CARRY_BUFFERS               ; OFF                                         ; IGNORE_CARRY                                        ;
; AUTO_CASCADE_CHAINS                ; ON                                          ; AUTO_CASCADE                                        ;
; IGNORE_CASCADE_BUFFERS             ; OFF                                         ; IGNORE_CASCADE                                      ;
; WIDTH_BYTEENA                      ; 1                                           ; Untyped                                             ;
; OPERATION_MODE                     ; ROM                                         ; Untyped                                             ;
; WIDTH_A                            ; 31                                          ; Untyped                                             ;
; WIDTHAD_A                          ; 10                                          ; Untyped                                             ;
; NUMWORDS_A                         ; 1024                                        ; Untyped                                             ;
; OUTDATA_REG_A                      ; UNREGISTERED                                ; Untyped                                             ;
; ADDRESS_ACLR_A                     ; NONE                                        ; Untyped                                             ;
; OUTDATA_ACLR_A                     ; NONE                                        ; Untyped                                             ;
; WRCONTROL_ACLR_A                   ; NONE                                        ; Untyped                                             ;
; INDATA_ACLR_A                      ; NONE                                        ; Untyped                                             ;
; BYTEENA_ACLR_A                     ; NONE                                        ; Untyped                                             ;
; WIDTH_B                            ; 1                                           ; Untyped                                             ;
; WIDTHAD_B                          ; 1                                           ; Untyped                                             ;
; NUMWORDS_B                         ; 1                                           ; Untyped                                             ;
; INDATA_REG_B                       ; CLOCK1                                      ; Untyped                                             ;
; WRCONTROL_WRADDRESS_REG_B          ; CLOCK1                                      ; Untyped                                             ;
; RDCONTROL_REG_B                    ; CLOCK1                                      ; Untyped                                             ;
; ADDRESS_REG_B                      ; CLOCK1                                      ; Untyped                                             ;
; OUTDATA_REG_B                      ; UNREGISTERED                                ; Untyped                                             ;
; BYTEENA_REG_B                      ; CLOCK1                                      ; Untyped                                             ;
; INDATA_ACLR_B                      ; NONE                                        ; Untyped                                             ;
; WRCONTROL_ACLR_B                   ; NONE                                        ; Untyped                                             ;
; ADDRESS_ACLR_B                     ; NONE                                        ; Untyped                                             ;
; OUTDATA_ACLR_B                     ; NONE                                        ; Untyped                                             ;
; RDCONTROL_ACLR_B                   ; NONE                                        ; Untyped                                             ;
; BYTEENA_ACLR_B                     ; NONE                                        ; Untyped                                             ;
; WIDTH_BYTEENA_A                    ; 1                                           ; Untyped                                             ;
; WIDTH_BYTEENA_B                    ; 1                                           ; Untyped                                             ;
; RAM_BLOCK_TYPE                     ; AUTO                                        ; Untyped                                             ;
; BYTE_SIZE                          ; 8                                           ; Untyped                                             ;
; READ_DURING_WRITE_MODE_MIXED_PORTS ; DONT_CARE                                   ; Untyped                                             ;
; READ_DURING_WRITE_MODE_PORT_A      ; NEW_DATA_NO_NBE_READ                        ; Untyped                                             ;
; READ_DURING_WRITE_MODE_PORT_B      ; NEW_DATA_NO_NBE_READ                        ; Untyped                                             ;
; INIT_FILE                          ; proj_quartus_final.risc_v_mike_top0.rtl.mif ; Untyped                                             ;
; INIT_FILE_LAYOUT                   ; PORT_A                                      ; Untyped                                             ;
; MAXIMUM_DEPTH                      ; 0                                           ; Untyped                                             ;
; CLOCK_ENABLE_INPUT_A               ; NORMAL                                      ; Untyped                                             ;
; CLOCK_ENABLE_INPUT_B               ; NORMAL                                      ; Untyped                                             ;
; CLOCK_ENABLE_OUTPUT_A              ; NORMAL                                      ; Untyped                                             ;
; CLOCK_ENABLE_OUTPUT_B              ; NORMAL                                      ; Untyped                                             ;
; CLOCK_ENABLE_CORE_A                ; USE_INPUT_CLKEN                             ; Untyped                                             ;
; CLOCK_ENABLE_CORE_B                ; USE_INPUT_CLKEN                             ; Untyped                                             ;
; ENABLE_ECC                         ; FALSE                                       ; Untyped                                             ;
; ECC_PIPELINE_STAGE_ENABLED         ; FALSE                                       ; Untyped                                             ;
; WIDTH_ECCSTATUS                    ; 3                                           ; Untyped                                             ;
; DEVICE_FAMILY                      ; Cyclone V                                   ; Untyped                                             ;
; CBXI_PARAMETER                     ; altsyncram_rt71                             ; Untyped                                             ;
+------------------------------------+---------------------------------------------+-----------------------------------------------------+
Note: In order to hide this table in the UI and the text report file, please set the "Show Parameter Settings in Synthesis Report" option in "Analysis and Synthesis Settings -> More Settings" to "Off".


+-----------------------------------------------------------------------------------------------------------------------------------+
; altsyncram Parameter Settings by Entity Instance                                                                                  ;
+-------------------------------------------+---------------------------------------------------------------------------------------+
; Name                                      ; Value                                                                                 ;
+-------------------------------------------+---------------------------------------------------------------------------------------+
; Number of entity instances                ; 1                                                                                     ;
; Entity Instance                           ; risc_v_mike_instruction_memory:i_risc_v_mike_instruction_memory|altsyncram:Mux0_rtl_0 ;
;     -- OPERATION_MODE                     ; ROM                                                                                   ;
;     -- WIDTH_A                            ; 31                                                                                    ;
;     -- NUMWORDS_A                         ; 1024                                                                                  ;
;     -- OUTDATA_REG_A                      ; UNREGISTERED                                                                          ;
;     -- WIDTH_B                            ; 1                                                                                     ;
;     -- NUMWORDS_B                         ; 1                                                                                     ;
;     -- ADDRESS_REG_B                      ; CLOCK1                                                                                ;
;     -- OUTDATA_REG_B                      ; UNREGISTERED                                                                          ;
;     -- RAM_BLOCK_TYPE                     ; AUTO                                                                                  ;
;     -- READ_DURING_WRITE_MODE_MIXED_PORTS ; DONT_CARE                                                                             ;
+-------------------------------------------+---------------------------------------------------------------------------------------+


+-------------------------------------------------------------------------------------------------------+
; Port Connectivity Checks: "UART_UNCORE:i_UART_UNCORE|UART_MIKE:i_top_UART_MIKE|tx_shifter:tx_shifter" ;
+-----------------------+-------+----------+------------------------------------------------------------+
; Port                  ; Type  ; Severity ; Details                                                    ;
+-----------------------+-------+----------+------------------------------------------------------------+
; tx_byte.stop          ; Input ; Info     ; Stuck at VCC                                               ;
; tx_byte.start         ; Input ; Info     ; Stuck at GND                                               ;
; uart_data_width[2..0] ; Input ; Info     ; Stuck at GND                                               ;
; uart_data_width[3]    ; Input ; Info     ; Stuck at VCC                                               ;
+-----------------------+-------+----------+------------------------------------------------------------+


+-------------------------------------------------------------------------------------------------------------------------------------------------------------------------------------------------------------------------+
; Port Connectivity Checks: "UART_UNCORE:i_UART_UNCORE|UART_MIKE:i_top_UART_MIKE|counter:tx_clk_counter"                                                                                                                  ;
+----------------+--------+----------+------------------------------------------------------------------------------------------------------------------------------------------------------------------------------------+
; Port           ; Type   ; Severity ; Details                                                                                                                                                                            ;
+----------------+--------+----------+------------------------------------------------------------------------------------------------------------------------------------------------------------------------------------+
; inc            ; Input  ; Info     ; Stuck at VCC                                                                                                                                                                       ;
; count          ; Output ; Info     ; Connected to dangling logic. Logic that only feeds a dangling port will be removed.                                                                                                ;
; cnt_goal       ; Input  ; Warning  ; Input port expression (32 bits) is wider than the input port (8 bits) it drives.  The 24 most-significant bit(s) in the expression will be dangling if they have no other fanouts. ;
; cnt_goal[6..2] ; Input  ; Info     ; Stuck at GND                                                                                                                                                                       ;
; cnt_goal[7]    ; Input  ; Info     ; Stuck at VCC                                                                                                                                                                       ;
; cnt_goal[1]    ; Input  ; Info     ; Stuck at VCC                                                                                                                                                                       ;
; cnt_goal[0]    ; Input  ; Info     ; Stuck at GND                                                                                                                                                                       ;
+----------------+--------+----------+------------------------------------------------------------------------------------------------------------------------------------------------------------------------------------+


+------------------------------------------------------------------------------------------------------------------------------------------------------------------------------------------------------------------------+
; Port Connectivity Checks: "UART_UNCORE:i_UART_UNCORE|UART_MIKE:i_top_UART_MIKE|counter:tx_counter"                                                                                                                     ;
+----------------+-------+----------+------------------------------------------------------------------------------------------------------------------------------------------------------------------------------------+
; Port           ; Type  ; Severity ; Details                                                                                                                                                                            ;
+----------------+-------+----------+------------------------------------------------------------------------------------------------------------------------------------------------------------------------------------+
; inc            ; Input ; Info     ; Stuck at VCC                                                                                                                                                                       ;
; cnt_goal       ; Input ; Warning  ; Input port expression (32 bits) is wider than the input port (4 bits) it drives.  The 28 most-significant bit(s) in the expression will be dangling if they have no other fanouts. ;
; cnt_goal[1..0] ; Input ; Info     ; Stuck at VCC                                                                                                                                                                       ;
; cnt_goal[3]    ; Input ; Info     ; Stuck at VCC                                                                                                                                                                       ;
; cnt_goal[2]    ; Input ; Info     ; Stuck at GND                                                                                                                                                                       ;
+----------------+-------+----------+------------------------------------------------------------------------------------------------------------------------------------------------------------------------------------+


+---------------------------------------------------------------------------------------------------------------------------------+
; Port Connectivity Checks: "UART_UNCORE:i_UART_UNCORE|UART_MIKE:i_top_UART_MIKE|rx_shifter:rx_shifter"                           ;
+-----------------------+--------+----------+-------------------------------------------------------------------------------------+
; Port                  ; Type   ; Severity ; Details                                                                             ;
+-----------------------+--------+----------+-------------------------------------------------------------------------------------+
; rx_byte.stop          ; Output ; Info     ; Connected to dangling logic. Logic that only feeds a dangling port will be removed. ;
; rx_byte.parity        ; Output ; Info     ; Connected to dangling logic. Logic that only feeds a dangling port will be removed. ;
; uart_data_width[2..0] ; Input  ; Info     ; Stuck at GND                                                                        ;
; uart_data_width[3]    ; Input  ; Info     ; Stuck at VCC                                                                        ;
+-----------------------+--------+----------+-------------------------------------------------------------------------------------+


+-------------------------------------------------------------------------------------------------------------------------------------------------------------------------------------------------------------------------+
; Port Connectivity Checks: "UART_UNCORE:i_UART_UNCORE|UART_MIKE:i_top_UART_MIKE|counter:rx_counter_shift_en"                                                                                                             ;
+----------------+--------+----------+------------------------------------------------------------------------------------------------------------------------------------------------------------------------------------+
; Port           ; Type   ; Severity ; Details                                                                                                                                                                            ;
+----------------+--------+----------+------------------------------------------------------------------------------------------------------------------------------------------------------------------------------------+
; inc            ; Input  ; Info     ; Stuck at VCC                                                                                                                                                                       ;
; count          ; Output ; Info     ; Connected to dangling logic. Logic that only feeds a dangling port will be removed.                                                                                                ;
; cnt_goal       ; Input  ; Warning  ; Input port expression (32 bits) is wider than the input port (8 bits) it drives.  The 24 most-significant bit(s) in the expression will be dangling if they have no other fanouts. ;
; cnt_goal[5..1] ; Input  ; Info     ; Stuck at GND                                                                                                                                                                       ;
; cnt_goal[7]    ; Input  ; Info     ; Stuck at GND                                                                                                                                                                       ;
; cnt_goal[6]    ; Input  ; Info     ; Stuck at VCC                                                                                                                                                                       ;
; cnt_goal[0]    ; Input  ; Info     ; Stuck at VCC                                                                                                                                                                       ;
+----------------+--------+----------+------------------------------------------------------------------------------------------------------------------------------------------------------------------------------------+


+-------------------------------------------------------------------------------------------------------------------------------------------------------------------------------------------------------------------------+
; Port Connectivity Checks: "UART_UNCORE:i_UART_UNCORE|UART_MIKE:i_top_UART_MIKE|counter:rx_clk_counter"                                                                                                                  ;
+----------------+--------+----------+------------------------------------------------------------------------------------------------------------------------------------------------------------------------------------+
; Port           ; Type   ; Severity ; Details                                                                                                                                                                            ;
+----------------+--------+----------+------------------------------------------------------------------------------------------------------------------------------------------------------------------------------------+
; inc            ; Input  ; Info     ; Stuck at VCC                                                                                                                                                                       ;
; count          ; Output ; Info     ; Connected to dangling logic. Logic that only feeds a dangling port will be removed.                                                                                                ;
; cnt_goal       ; Input  ; Warning  ; Input port expression (32 bits) is wider than the input port (8 bits) it drives.  The 24 most-significant bit(s) in the expression will be dangling if they have no other fanouts. ;
; cnt_goal[6..2] ; Input  ; Info     ; Stuck at GND                                                                                                                                                                       ;
; cnt_goal[7]    ; Input  ; Info     ; Stuck at VCC                                                                                                                                                                       ;
; cnt_goal[1]    ; Input  ; Info     ; Stuck at VCC                                                                                                                                                                       ;
; cnt_goal[0]    ; Input  ; Info     ; Stuck at GND                                                                                                                                                                       ;
+----------------+--------+----------+------------------------------------------------------------------------------------------------------------------------------------------------------------------------------------+


+---------------------------------------------------------------------------------------------------------------------------------------------------------------------------------------------------------------------+
; Port Connectivity Checks: "UART_UNCORE:i_UART_UNCORE|UART_MIKE:i_top_UART_MIKE|counter:rx_counter"                                                                                                                  ;
+-------------+-------+----------+------------------------------------------------------------------------------------------------------------------------------------------------------------------------------------+
; Port        ; Type  ; Severity ; Details                                                                                                                                                                            ;
+-------------+-------+----------+------------------------------------------------------------------------------------------------------------------------------------------------------------------------------------+
; inc         ; Input ; Info     ; Stuck at VCC                                                                                                                                                                       ;
; cnt_goal    ; Input ; Warning  ; Input port expression (32 bits) is wider than the input port (4 bits) it drives.  The 28 most-significant bit(s) in the expression will be dangling if they have no other fanouts. ;
; cnt_goal[3] ; Input ; Info     ; Stuck at VCC                                                                                                                                                                       ;
; cnt_goal[2] ; Input ; Info     ; Stuck at GND                                                                                                                                                                       ;
; cnt_goal[1] ; Input ; Info     ; Stuck at VCC                                                                                                                                                                       ;
; cnt_goal[0] ; Input ; Info     ; Stuck at GND                                                                                                                                                                       ;
+-------------+-------+----------+------------------------------------------------------------------------------------------------------------------------------------------------------------------------------------+


+--------------------------------------------------------------------+
; Port Connectivity Checks: "risc_v_mem_ctrl:i_risc_v_mem_ctrl"      ;
+-----------------------+--------+----------+------------------------+
; Port                  ; Type   ; Severity ; Details                ;
+-----------------------+--------+----------+------------------------+
; data_text_wr_addr_val ; Output ; Info     ; Explicitly unconnected ;
; data_text_wr_addr     ; Output ; Info     ; Explicitly unconnected ;
; data_text_rd_addr_val ; Output ; Info     ; Explicitly unconnected ;
; mem_bus_read          ; Input  ; Info     ; Stuck at VCC           ;
; mem_bus_wr_addr_error ; Output ; Info     ; Explicitly unconnected ;
; mem_bus_rd_addr_error ; Output ; Info     ; Explicitly unconnected ;
; data_stack_rd_addr    ; Output ; Info     ; Explicitly unconnected ;
; data_mem_rd_addr      ; Output ; Info     ; Explicitly unconnected ;
; data_mmio_rd_addr     ; Output ; Info     ; Explicitly unconnected ;
+-----------------------+--------+----------+------------------------+


+---------------------------------------------------------------+
; Port Connectivity Checks: "risc_v_mike_alu:i_risc_v_mike_alu" ;
+------------+-------+----------+-------------------------------+
; Port       ; Type  ; Severity ; Details                       ;
+------------+-------+----------+-------------------------------+
; alu_signed ; Input ; Info     ; Stuck at GND                  ;
+------------+-------+----------+-------------------------------+


+------------------------------------------------------------------------------------------------------------------------------------------------------------------------------------+
; Port Connectivity Checks: "risc_v_mike_ctrl:i_risc_v_mike_ctrl"                                                                                                                    ;
+-----------------+--------+----------+----------------------------------------------------------------------------------------------------------------------------------------------+
; Port            ; Type   ; Severity ; Details                                                                                                                                      ;
+-----------------+--------+----------+----------------------------------------------------------------------------------------------------------------------------------------------+
; funct3          ; Output ; Info     ; Connected to dangling logic. Logic that only feeds a dangling port will be removed.                                                          ;
; funct7          ; Output ; Info     ; Connected to dangling logic. Logic that only feeds a dangling port will be removed.                                                          ;
; alu_signed      ; Output ; Info     ; Connected to dangling logic. Logic that only feeds a dangling port will be removed.                                                          ;
; intr_nmen_d     ; Output ; Info     ; Connected to dangling logic. Logic that only feeds a dangling port will be removed.                                                          ;
; intr_nmen_e     ; Output ; Info     ; Connected to dangling logic. Logic that only feeds a dangling port will be removed.                                                          ;
; intr_nmen_m     ; Output ; Info     ; Connected to dangling logic. Logic that only feeds a dangling port will be removed.                                                          ;
; intr_nmen_w     ; Output ; Info     ; Connected to dangling logic. Logic that only feeds a dangling port will be removed.                                                          ;
; data_hzd_nuke_e ; Output ; Info     ; Connected to dangling logic. Logic that only feeds a dangling port will be removed.                                                          ;
; rst             ; Input  ; Warning  ; Declared by entity but not connected by instance. If a default value exists, it will be used.  Otherwise, the port will be connected to GND. ;
; intr_nmen       ; Output ; Warning  ; Declared by entity but not connected by instance. Logic that only feeds a dangling port will be removed.                                     ;
+-----------------+--------+----------+----------------------------------------------------------------------------------------------------------------------------------------------+


+----------------------------------------------------------------------------------------------------------------+
; Port Connectivity Checks: "risc_v_mike_clk_divider:i_risc_v_mike_clk_divider"                                  ;
+------+--------+----------+-------------------------------------------------------------------------------------+
; Port ; Type   ; Severity ; Details                                                                             ;
+------+--------+----------+-------------------------------------------------------------------------------------+
; clk  ; Output ; Info     ; Connected to dangling logic. Logic that only feeds a dangling port will be removed. ;
+------+--------+----------+-------------------------------------------------------------------------------------+


+-----------------------------------------------------------+
; Port Connectivity Checks: "risv_mike_pll:i_risv_mike_pll" ;
+------+-------+----------+---------------------------------+
; Port ; Type  ; Severity ; Details                         ;
+------+-------+----------+---------------------------------+
; rst  ; Input ; Info     ; Stuck at GND                    ;
+------+-------+----------+---------------------------------+


+-----------------------------------------------------+
; Post-Synthesis Netlist Statistics for Top Partition ;
+-----------------------+-----------------------------+
; Type                  ; Count                       ;
+-----------------------+-----------------------------+
; arriav_ff             ; 18067                       ;
;     CLR               ; 3                           ;
;     ENA               ; 6                           ;
;     ENA SCLR          ; 17418                       ;
;     SCLR              ; 519                         ;
;     SLD               ; 1                           ;
;     plain             ; 120                         ;
; arriav_lcell_comb     ; 8248                        ;
;     arith             ; 203                         ;
;         1 data inputs ; 138                         ;
;         2 data inputs ; 65                          ;
;     extend            ; 20                          ;
;         7 data inputs ; 20                          ;
;     normal            ; 7993                        ;
;         0 data inputs ; 12                          ;
;         1 data inputs ; 51                          ;
;         2 data inputs ; 156                         ;
;         3 data inputs ; 86                          ;
;         4 data inputs ; 224                         ;
;         5 data inputs ; 481                         ;
;         6 data inputs ; 6983                        ;
;     shared            ; 32                          ;
;         2 data inputs ; 32                          ;
; boundary_port         ; 20                          ;
; generic_pll           ; 1                           ;
; stratixv_ram_block    ; 31                          ;
;                       ;                             ;
; Max LUT depth         ; 22.00                       ;
; Average LUT depth     ; 17.14                       ;
+-----------------------+-----------------------------+


+-------------------------------+
; Elapsed Time Per Partition    ;
+----------------+--------------+
; Partition Name ; Elapsed Time ;
+----------------+--------------+
; Top            ; 00:00:38     ;
+----------------+--------------+


+-------------------------------+
; Analysis & Synthesis Messages ;
+-------------------------------+
Info: *******************************************************************
Info: Running Quartus Prime Analysis & Synthesis
    Info: Version 22.1std.2 Build 922 07/20/2023 SC Lite Edition
    Info: Processing started: Wed May  8 18:13:14 2024
Info: Command: quartus_map --read_settings_files=on --write_settings_files=off proj_quartus_final -c risc_v_mike_top
Warning (18236): Number of processors has not been specified which may cause overloading on shared machines.  Set the global assignment NUM_PARALLEL_PROCESSORS in your QSF to an appropriate value for best performance.
Info (20030): Parallel compilation is enabled and will use 4 of the 4 processors detected
Info (12021): Found 1 design units, including 1 entities, in source file /users/matriana/personal/masters/diseno de micros/risc-v/risc-v_pipeline/src/rtl/uart/uart_uncore.sv
    Info (12023): Found entity 1: UART_UNCORE File: C:/Users/matriana/Personal/Masters/Diseno de Micros/RISC-V/RISC-V_Pipeline/src/rtl/uart/UART_UNCORE.sv Line: 9
Info (12021): Found 1 design units, including 0 entities, in source file /users/matriana/personal/masters/diseno de micros/risc-v/risc-v_pipeline/src/rtl/uart/uart_mike_pkg.sv
    Info (12022): Found design unit 1: UART_MIKE_pkg (SystemVerilog) File: C:/Users/matriana/Personal/Masters/Diseno de Micros/RISC-V/RISC-V_Pipeline/src/rtl/uart/UART_MIKE_pkg.sv Line: 1
Info (12021): Found 1 design units, including 1 entities, in source file /users/matriana/personal/masters/diseno de micros/risc-v/risc-v_pipeline/src/rtl/uart/uart_mike_ctrl.sv
    Info (12023): Found entity 1: UART_MIKE_ctrl File: C:/Users/matriana/Personal/Masters/Diseno de Micros/RISC-V/RISC-V_Pipeline/src/rtl/uart/UART_MIKE_ctrl.sv Line: 7
Info (12021): Found 1 design units, including 1 entities, in source file /users/matriana/personal/masters/diseno de micros/risc-v/risc-v_pipeline/src/rtl/uart/uart_mike.sv
    Info (12023): Found entity 1: UART_MIKE File: C:/Users/matriana/Personal/Masters/Diseno de Micros/RISC-V/RISC-V_Pipeline/src/rtl/uart/UART_MIKE.sv Line: 6
Info (12021): Found 1 design units, including 1 entities, in source file /users/matriana/personal/masters/diseno de micros/risc-v/risc-v_pipeline/src/rtl/uart/tx_shifter.sv
    Info (12023): Found entity 1: tx_shifter File: C:/Users/matriana/Personal/Masters/Diseno de Micros/RISC-V/RISC-V_Pipeline/src/rtl/uart/tx_shifter.sv Line: 5
Info (12021): Found 1 design units, including 1 entities, in source file /users/matriana/personal/masters/diseno de micros/risc-v/risc-v_pipeline/src/rtl/uart/top_uart_mike.sv
    Info (12023): Found entity 1: top_UART_MIKE File: C:/Users/matriana/Personal/Masters/Diseno de Micros/RISC-V/RISC-V_Pipeline/src/rtl/uart/top_UART_MIKE.sv Line: 6
Info (12021): Found 1 design units, including 1 entities, in source file /users/matriana/personal/masters/diseno de micros/risc-v/risc-v_pipeline/src/rtl/uart/rx_shifter.sv
    Info (12023): Found entity 1: rx_shifter File: C:/Users/matriana/Personal/Masters/Diseno de Micros/RISC-V/RISC-V_Pipeline/src/rtl/uart/rx_shifter.sv Line: 5
Info (12021): Found 1 design units, including 1 entities, in source file /users/matriana/personal/masters/diseno de micros/risc-v/risc-v_pipeline/src/rtl/uart/counter.sv
    Info (12023): Found entity 1: counter File: C:/Users/matriana/Personal/Masters/Diseno de Micros/RISC-V/RISC-V_Pipeline/src/rtl/uart/counter.sv Line: 6
Info (12021): Found 1 design units, including 1 entities, in source file /users/matriana/personal/masters/diseno de micros/risc-v/risc-v_pipeline/src/rtl/uart/ascii_dec_to_7_seg.v
    Info (12023): Found entity 1: ascii_dec_to_7_seg File: C:/Users/matriana/Personal/Masters/Diseno de Micros/RISC-V/RISC-V_Pipeline/src/rtl/uart/ascii_dec_to_7_seg.v Line: 2
Warning (10890): Verilog HDL Attribute warning at risc_v_mike_top.sv(65): overriding existing value for attribute "preserve" File: C:/Users/matriana/Personal/Masters/Diseno de Micros/RISC-V/RISC-V_Pipeline/src/rtl/risc_v_mike_top.sv Line: 65
Warning (10890): Verilog HDL Attribute warning at risc_v_mike_top.sv(69): overriding existing value for attribute "preserve" File: C:/Users/matriana/Personal/Masters/Diseno de Micros/RISC-V/RISC-V_Pipeline/src/rtl/risc_v_mike_top.sv Line: 69
Warning (10890): Verilog HDL Attribute warning at risc_v_mike_top.sv(70): overriding existing value for attribute "preserve" File: C:/Users/matriana/Personal/Masters/Diseno de Micros/RISC-V/RISC-V_Pipeline/src/rtl/risc_v_mike_top.sv Line: 70
Warning (10890): Verilog HDL Attribute warning at risc_v_mike_top.sv(72): overriding existing value for attribute "preserve" File: C:/Users/matriana/Personal/Masters/Diseno de Micros/RISC-V/RISC-V_Pipeline/src/rtl/risc_v_mike_top.sv Line: 72
Warning (10890): Verilog HDL Attribute warning at risc_v_mike_top.sv(73): overriding existing value for attribute "preserve" File: C:/Users/matriana/Personal/Masters/Diseno de Micros/RISC-V/RISC-V_Pipeline/src/rtl/risc_v_mike_top.sv Line: 73
Warning (10890): Verilog HDL Attribute warning at risc_v_mike_top.sv(90): overriding existing value for attribute "preserve" File: C:/Users/matriana/Personal/Masters/Diseno de Micros/RISC-V/RISC-V_Pipeline/src/rtl/risc_v_mike_top.sv Line: 90
Warning (10890): Verilog HDL Attribute warning at risc_v_mike_top.sv(111): overriding existing value for attribute "preserve" File: C:/Users/matriana/Personal/Masters/Diseno de Micros/RISC-V/RISC-V_Pipeline/src/rtl/risc_v_mike_top.sv Line: 111
Warning (10890): Verilog HDL Attribute warning at risc_v_mike_top.sv(147): overriding existing value for attribute "preserve" File: C:/Users/matriana/Personal/Masters/Diseno de Micros/RISC-V/RISC-V_Pipeline/src/rtl/risc_v_mike_top.sv Line: 147
Warning (10890): Verilog HDL Attribute warning at risc_v_mike_top.sv(148): overriding existing value for attribute "preserve" File: C:/Users/matriana/Personal/Masters/Diseno de Micros/RISC-V/RISC-V_Pipeline/src/rtl/risc_v_mike_top.sv Line: 148
Warning (10890): Verilog HDL Attribute warning at risc_v_mike_top.sv(149): overriding existing value for attribute "preserve" File: C:/Users/matriana/Personal/Masters/Diseno de Micros/RISC-V/RISC-V_Pipeline/src/rtl/risc_v_mike_top.sv Line: 149
Warning (10890): Verilog HDL Attribute warning at risc_v_mike_top.sv(150): overriding existing value for attribute "preserve" File: C:/Users/matriana/Personal/Masters/Diseno de Micros/RISC-V/RISC-V_Pipeline/src/rtl/risc_v_mike_top.sv Line: 150
Warning (10890): Verilog HDL Attribute warning at risc_v_mike_top.sv(151): overriding existing value for attribute "preserve" File: C:/Users/matriana/Personal/Masters/Diseno de Micros/RISC-V/RISC-V_Pipeline/src/rtl/risc_v_mike_top.sv Line: 151
Warning (10890): Verilog HDL Attribute warning at risc_v_mike_top.sv(169): overriding existing value for attribute "preserve" File: C:/Users/matriana/Personal/Masters/Diseno de Micros/RISC-V/RISC-V_Pipeline/src/rtl/risc_v_mike_top.sv Line: 169
Warning (10890): Verilog HDL Attribute warning at risc_v_mike_top.sv(170): overriding existing value for attribute "preserve" File: C:/Users/matriana/Personal/Masters/Diseno de Micros/RISC-V/RISC-V_Pipeline/src/rtl/risc_v_mike_top.sv Line: 170
Warning (10890): Verilog HDL Attribute warning at risc_v_mike_top.sv(171): overriding existing value for attribute "preserve" File: C:/Users/matriana/Personal/Masters/Diseno de Micros/RISC-V/RISC-V_Pipeline/src/rtl/risc_v_mike_top.sv Line: 171
Warning (10890): Verilog HDL Attribute warning at risc_v_mike_top.sv(172): overriding existing value for attribute "preserve" File: C:/Users/matriana/Personal/Masters/Diseno de Micros/RISC-V/RISC-V_Pipeline/src/rtl/risc_v_mike_top.sv Line: 172
Warning (10890): Verilog HDL Attribute warning at risc_v_mike_top.sv(393): overriding existing value for attribute "preserve" File: C:/Users/matriana/Personal/Masters/Diseno de Micros/RISC-V/RISC-V_Pipeline/src/rtl/risc_v_mike_top.sv Line: 393
Warning (10890): Verilog HDL Attribute warning at risc_v_mike_top.sv(397): overriding existing value for attribute "preserve" File: C:/Users/matriana/Personal/Masters/Diseno de Micros/RISC-V/RISC-V_Pipeline/src/rtl/risc_v_mike_top.sv Line: 397
Warning (10890): Verilog HDL Attribute warning at risc_v_mike_top.sv(401): overriding existing value for attribute "preserve" File: C:/Users/matriana/Personal/Masters/Diseno de Micros/RISC-V/RISC-V_Pipeline/src/rtl/risc_v_mike_top.sv Line: 401
Warning (10890): Verilog HDL Attribute warning at risc_v_mike_top.sv(402): overriding existing value for attribute "preserve" File: C:/Users/matriana/Personal/Masters/Diseno de Micros/RISC-V/RISC-V_Pipeline/src/rtl/risc_v_mike_top.sv Line: 402
Warning (10890): Verilog HDL Attribute warning at risc_v_mike_top.sv(565): overriding existing value for attribute "preserve" File: C:/Users/matriana/Personal/Masters/Diseno de Micros/RISC-V/RISC-V_Pipeline/src/rtl/risc_v_mike_top.sv Line: 565
Info (12021): Found 1 design units, including 1 entities, in source file /users/matriana/personal/masters/diseno de micros/risc-v/risc-v_pipeline/src/rtl/risc_v_mike_top.sv
    Info (12023): Found entity 1: risc_v_mike_top File: C:/Users/matriana/Personal/Masters/Diseno de Micros/RISC-V/RISC-V_Pipeline/src/rtl/risc_v_mike_top.sv Line: 6
Info (12021): Found 1 design units, including 1 entities, in source file /users/matriana/personal/masters/diseno de micros/risc-v/risc-v_pipeline/src/rtl/risc_v_mike_sign_extend.sv
    Info (12023): Found entity 1: risc_v_mike_sign_extend File: C:/Users/matriana/Personal/Masters/Diseno de Micros/RISC-V/RISC-V_Pipeline/src/rtl/risc_v_mike_sign_extend.sv Line: 5
Info (12021): Found 1 design units, including 1 entities, in source file /users/matriana/personal/masters/diseno de micros/risc-v/risc-v_pipeline/src/rtl/risc_v_mike_reg_file.sv
    Info (12023): Found entity 1: risc_v_mike_reg_file File: C:/Users/matriana/Personal/Masters/Diseno de Micros/RISC-V/RISC-V_Pipeline/src/rtl/risc_v_mike_reg_file.sv Line: 5
Info (12021): Found 1 design units, including 0 entities, in source file /users/matriana/personal/masters/diseno de micros/risc-v/risc-v_pipeline/src/rtl/risc_v_mike_pkg.sv
    Info (12022): Found design unit 1: risc_v_mike_pkg (SystemVerilog) File: C:/Users/matriana/Personal/Masters/Diseno de Micros/RISC-V/RISC-V_Pipeline/src/rtl/risc_v_mike_pkg.sv Line: 1
Info (12021): Found 1 design units, including 1 entities, in source file /users/matriana/personal/masters/diseno de micros/risc-v/risc-v_pipeline/src/rtl/risc_v_mike_instruction_memory.sv
    Info (12023): Found entity 1: risc_v_mike_instruction_memory File: C:/Users/matriana/Personal/Masters/Diseno de Micros/RISC-V/RISC-V_Pipeline/src/rtl/risc_v_mike_instruction_memory.sv Line: 5
Warning (10890): Verilog HDL Attribute warning at risc_v_mike_gpio_module.sv(28): overriding existing value for attribute "preserve" File: C:/Users/matriana/Personal/Masters/Diseno de Micros/RISC-V/RISC-V_Pipeline/src/rtl/risc_v_mike_gpio_module.sv Line: 28
Warning (10890): Verilog HDL Attribute warning at risc_v_mike_gpio_module.sv(29): overriding existing value for attribute "preserve" File: C:/Users/matriana/Personal/Masters/Diseno de Micros/RISC-V/RISC-V_Pipeline/src/rtl/risc_v_mike_gpio_module.sv Line: 29
Warning (10890): Verilog HDL Attribute warning at risc_v_mike_gpio_module.sv(30): overriding existing value for attribute "preserve" File: C:/Users/matriana/Personal/Masters/Diseno de Micros/RISC-V/RISC-V_Pipeline/src/rtl/risc_v_mike_gpio_module.sv Line: 30
Warning (10890): Verilog HDL Attribute warning at risc_v_mike_gpio_module.sv(31): overriding existing value for attribute "preserve" File: C:/Users/matriana/Personal/Masters/Diseno de Micros/RISC-V/RISC-V_Pipeline/src/rtl/risc_v_mike_gpio_module.sv Line: 31
Info (12021): Found 1 design units, including 1 entities, in source file /users/matriana/personal/masters/diseno de micros/risc-v/risc-v_pipeline/src/rtl/risc_v_mike_gpio_module.sv
    Info (12023): Found entity 1: risc_v_mike_gpio_module File: C:/Users/matriana/Personal/Masters/Diseno de Micros/RISC-V/RISC-V_Pipeline/src/rtl/risc_v_mike_gpio_module.sv Line: 9
Info (12021): Found 1 design units, including 1 entities, in source file /users/matriana/personal/masters/diseno de micros/risc-v/risc-v_pipeline/src/rtl/risc_v_mike_data_memory.sv
    Info (12023): Found entity 1: risc_v_mike_data_memory File: C:/Users/matriana/Personal/Masters/Diseno de Micros/RISC-V/RISC-V_Pipeline/src/rtl/risc_v_mike_data_memory.sv Line: 7
Warning (10890): Verilog HDL Attribute warning at risc_v_mike_ctrl.sv(89): overriding existing value for attribute "preserve" File: C:/Users/matriana/Personal/Masters/Diseno de Micros/RISC-V/RISC-V_Pipeline/src/rtl/risc_v_mike_ctrl.sv Line: 89
Warning (10890): Verilog HDL Attribute warning at risc_v_mike_ctrl.sv(90): overriding existing value for attribute "preserve" File: C:/Users/matriana/Personal/Masters/Diseno de Micros/RISC-V/RISC-V_Pipeline/src/rtl/risc_v_mike_ctrl.sv Line: 90
Warning (10890): Verilog HDL Attribute warning at risc_v_mike_ctrl.sv(91): overriding existing value for attribute "preserve" File: C:/Users/matriana/Personal/Masters/Diseno de Micros/RISC-V/RISC-V_Pipeline/src/rtl/risc_v_mike_ctrl.sv Line: 91
Warning (10890): Verilog HDL Attribute warning at risc_v_mike_ctrl.sv(92): overriding existing value for attribute "preserve" File: C:/Users/matriana/Personal/Masters/Diseno de Micros/RISC-V/RISC-V_Pipeline/src/rtl/risc_v_mike_ctrl.sv Line: 92
Warning (10890): Verilog HDL Attribute warning at risc_v_mike_ctrl.sv(93): overriding existing value for attribute "preserve" File: C:/Users/matriana/Personal/Masters/Diseno de Micros/RISC-V/RISC-V_Pipeline/src/rtl/risc_v_mike_ctrl.sv Line: 93
Info (12021): Found 1 design units, including 1 entities, in source file /users/matriana/personal/masters/diseno de micros/risc-v/risc-v_pipeline/src/rtl/risc_v_mike_ctrl.sv
    Info (12023): Found entity 1: risc_v_mike_ctrl File: C:/Users/matriana/Personal/Masters/Diseno de Micros/RISC-V/RISC-V_Pipeline/src/rtl/risc_v_mike_ctrl.sv Line: 5
Info (12021): Found 1 design units, including 1 entities, in source file /users/matriana/personal/masters/diseno de micros/risc-v/risc-v_pipeline/src/rtl/risc_v_mike_clk_divider.sv
    Info (12023): Found entity 1: risc_v_mike_clk_divider File: C:/Users/matriana/Personal/Masters/Diseno de Micros/RISC-V/RISC-V_Pipeline/src/rtl/risc_v_mike_clk_divider.sv Line: 9
Info (12021): Found 1 design units, including 1 entities, in source file /users/matriana/personal/masters/diseno de micros/risc-v/risc-v_pipeline/src/rtl/risc_v_mike_alu.sv
    Info (12023): Found entity 1: risc_v_mike_alu File: C:/Users/matriana/Personal/Masters/Diseno de Micros/RISC-V/RISC-V_Pipeline/src/rtl/risc_v_mike_alu.sv Line: 5
Info (12021): Found 1 design units, including 1 entities, in source file /users/matriana/personal/masters/diseno de micros/risc-v/risc-v_pipeline/src/rtl/risc_v_mem_ctrl.sv
    Info (12023): Found entity 1: risc_v_mem_ctrl File: C:/Users/matriana/Personal/Masters/Diseno de Micros/RISC-V/RISC-V_Pipeline/src/rtl/risc_v_mem_ctrl.sv Line: 7
Info (12021): Found 1 design units, including 1 entities, in source file /users/matriana/personal/masters/diseno de micros/risc-v/risc-v_pipeline/src/rtl/risc_v_data_fwd.sv
    Info (12023): Found entity 1: risc_v_data_fwd File: C:/Users/matriana/Personal/Masters/Diseno de Micros/RISC-V/RISC-V_Pipeline/src/rtl/risc_v_data_fwd.sv Line: 6
Info (12021): Found 1 design units, including 1 entities, in source file /users/matriana/personal/masters/diseno de micros/risc-v/risc-v_pipeline/src/rtl/risc_v_branch_hzd_detection.sv
    Info (12023): Found entity 1: risc_v_branch_hzd_detection File: C:/Users/matriana/Personal/Masters/Diseno de Micros/RISC-V/RISC-V_Pipeline/src/rtl/risc_v_branch_hzd_detection.sv Line: 6
Info (12021): Found 1 design units, including 1 entities, in source file risv_mike_pll.v
    Info (12023): Found entity 1: risv_mike_pll File: C:/Users/matriana/Personal/Masters/Diseno de Micros/RISC-V/RISC-V_Pipeline/proj_quartus_final/risv_mike_pll.v Line: 8
Info (12021): Found 1 design units, including 1 entities, in source file risv_mike_pll/risv_mike_pll_0002.v
    Info (12023): Found entity 1: risv_mike_pll_0002 File: C:/Users/matriana/Personal/Masters/Diseno de Micros/RISC-V/RISC-V_Pipeline/proj_quartus_final/risv_mike_pll/risv_mike_pll_0002.v Line: 2
Warning (10236): Verilog HDL Implicit Net warning at UART_MIKE.sv(128): created implicit net for "rx_start" File: C:/Users/matriana/Personal/Masters/Diseno de Micros/RISC-V/RISC-V_Pipeline/src/rtl/uart/UART_MIKE.sv Line: 128
Warning (10236): Verilog HDL Implicit Net warning at risc_v_mike_top.sv(448): created implicit net for "data_mem_read_m" File: C:/Users/matriana/Personal/Masters/Diseno de Micros/RISC-V/RISC-V_Pipeline/src/rtl/risc_v_mike_top.sv Line: 448
Warning (10222): Verilog HDL Parameter Declaration warning at risc_v_mike_data_memory.sv(19): Parameter Declaration in module "risc_v_mike_data_memory" behaves as a Local Parameter Declaration because the module has a Module Parameter Port List File: C:/Users/matriana/Personal/Masters/Diseno de Micros/RISC-V/RISC-V_Pipeline/src/rtl/risc_v_mike_data_memory.sv Line: 19
Info (12127): Elaborating entity "risc_v_mike_top" for the top level hierarchy
Warning (10036): Verilog HDL or VHDL warning at risc_v_mike_top.sv(448): object "data_mem_read_m" assigned a value but never read File: C:/Users/matriana/Personal/Masters/Diseno de Micros/RISC-V/RISC-V_Pipeline/src/rtl/risc_v_mike_top.sv Line: 448
Warning (10036): Verilog HDL or VHDL warning at risc_v_mike_top.sv(37): object "data_text_rd_data_m" assigned a value but never read File: C:/Users/matriana/Personal/Masters/Diseno de Micros/RISC-V/RISC-V_Pipeline/src/rtl/risc_v_mike_top.sv Line: 37
Warning (10036): Verilog HDL or VHDL warning at risc_v_mike_top.sv(44): object "rs1_w" assigned a value but never read File: C:/Users/matriana/Personal/Masters/Diseno de Micros/RISC-V/RISC-V_Pipeline/src/rtl/risc_v_mike_top.sv Line: 44
Warning (10036): Verilog HDL or VHDL warning at risc_v_mike_top.sv(45): object "rs2_w" assigned a value but never read File: C:/Users/matriana/Personal/Masters/Diseno de Micros/RISC-V/RISC-V_Pipeline/src/rtl/risc_v_mike_top.sv Line: 45
Warning (10036): Verilog HDL or VHDL warning at risc_v_mike_top.sv(84): object "alu_ctrl_m" assigned a value but never read File: C:/Users/matriana/Personal/Masters/Diseno de Micros/RISC-V/RISC-V_Pipeline/src/rtl/risc_v_mike_top.sv Line: 84
Warning (10036): Verilog HDL or VHDL warning at risc_v_mike_top.sv(121): object "mem_write_w" assigned a value but never read File: C:/Users/matriana/Personal/Masters/Diseno de Micros/RISC-V/RISC-V_Pipeline/src/rtl/risc_v_mike_top.sv Line: 121
Warning (10036): Verilog HDL or VHDL warning at risc_v_mike_top.sv(140): object "pc_addr_w" assigned a value but never read File: C:/Users/matriana/Personal/Masters/Diseno de Micros/RISC-V/RISC-V_Pipeline/src/rtl/risc_v_mike_top.sv Line: 140
Warning (10036): Verilog HDL or VHDL warning at risc_v_mike_top.sv(159): object "rst_internal_w" assigned a value but never read File: C:/Users/matriana/Personal/Masters/Diseno de Micros/RISC-V/RISC-V_Pipeline/src/rtl/risc_v_mike_top.sv Line: 159
Info (10264): Verilog HDL Case Statement information at risc_v_mike_top.sv(460): all case item expressions in this case statement are onehot File: C:/Users/matriana/Personal/Masters/Diseno de Micros/RISC-V/RISC-V_Pipeline/src/rtl/risc_v_mike_top.sv Line: 460
Warning (10030): Net "alu_signed_e" at risc_v_mike_top.sv(75) has no driver or initial value, using a default initial value '0' File: C:/Users/matriana/Personal/Masters/Diseno de Micros/RISC-V/RISC-V_Pipeline/src/rtl/risc_v_mike_top.sv Line: 75
Info (12128): Elaborating entity "risv_mike_pll" for hierarchy "risv_mike_pll:i_risv_mike_pll" File: C:/Users/matriana/Personal/Masters/Diseno de Micros/RISC-V/RISC-V_Pipeline/src/rtl/risc_v_mike_top.sv Line: 179
Info (12128): Elaborating entity "risv_mike_pll_0002" for hierarchy "risv_mike_pll:i_risv_mike_pll|risv_mike_pll_0002:risv_mike_pll_inst" File: C:/Users/matriana/Personal/Masters/Diseno de Micros/RISC-V/RISC-V_Pipeline/proj_quartus_final/risv_mike_pll.v Line: 19
Info (12128): Elaborating entity "altera_pll" for hierarchy "risv_mike_pll:i_risv_mike_pll|risv_mike_pll_0002:risv_mike_pll_inst|altera_pll:altera_pll_i" File: C:/Users/matriana/Personal/Masters/Diseno de Micros/RISC-V/RISC-V_Pipeline/proj_quartus_final/risv_mike_pll/risv_mike_pll_0002.v Line: 85
Info (10008): Verilog HDL or VHDL information: EDA Netlist Writer cannot regroup multidimensional array "wire_to_nowhere_64" into its bus
Info (12130): Elaborated megafunction instantiation "risv_mike_pll:i_risv_mike_pll|risv_mike_pll_0002:risv_mike_pll_inst|altera_pll:altera_pll_i" File: C:/Users/matriana/Personal/Masters/Diseno de Micros/RISC-V/RISC-V_Pipeline/proj_quartus_final/risv_mike_pll/risv_mike_pll_0002.v Line: 85
Info (12133): Instantiated megafunction "risv_mike_pll:i_risv_mike_pll|risv_mike_pll_0002:risv_mike_pll_inst|altera_pll:altera_pll_i" with the following parameter: File: C:/Users/matriana/Personal/Masters/Diseno de Micros/RISC-V/RISC-V_Pipeline/proj_quartus_final/risv_mike_pll/risv_mike_pll_0002.v Line: 85
    Info (12134): Parameter "fractional_vco_multiplier" = "false"
    Info (12134): Parameter "reference_clock_frequency" = "50.0 MHz"
    Info (12134): Parameter "operation_mode" = "direct"
    Info (12134): Parameter "number_of_clocks" = "1"
    Info (12134): Parameter "output_clock_frequency0" = "1.250000 MHz"
    Info (12134): Parameter "phase_shift0" = "0 ps"
    Info (12134): Parameter "duty_cycle0" = "50"
    Info (12134): Parameter "output_clock_frequency1" = "0 MHz"
    Info (12134): Parameter "phase_shift1" = "0 ps"
    Info (12134): Parameter "duty_cycle1" = "50"
    Info (12134): Parameter "output_clock_frequency2" = "0 MHz"
    Info (12134): Parameter "phase_shift2" = "0 ps"
    Info (12134): Parameter "duty_cycle2" = "50"
    Info (12134): Parameter "output_clock_frequency3" = "0 MHz"
    Info (12134): Parameter "phase_shift3" = "0 ps"
    Info (12134): Parameter "duty_cycle3" = "50"
    Info (12134): Parameter "output_clock_frequency4" = "0 MHz"
    Info (12134): Parameter "phase_shift4" = "0 ps"
    Info (12134): Parameter "duty_cycle4" = "50"
    Info (12134): Parameter "output_clock_frequency5" = "0 MHz"
    Info (12134): Parameter "phase_shift5" = "0 ps"
    Info (12134): Parameter "duty_cycle5" = "50"
    Info (12134): Parameter "output_clock_frequency6" = "0 MHz"
    Info (12134): Parameter "phase_shift6" = "0 ps"
    Info (12134): Parameter "duty_cycle6" = "50"
    Info (12134): Parameter "output_clock_frequency7" = "0 MHz"
    Info (12134): Parameter "phase_shift7" = "0 ps"
    Info (12134): Parameter "duty_cycle7" = "50"
    Info (12134): Parameter "output_clock_frequency8" = "0 MHz"
    Info (12134): Parameter "phase_shift8" = "0 ps"
    Info (12134): Parameter "duty_cycle8" = "50"
    Info (12134): Parameter "output_clock_frequency9" = "0 MHz"
    Info (12134): Parameter "phase_shift9" = "0 ps"
    Info (12134): Parameter "duty_cycle9" = "50"
    Info (12134): Parameter "output_clock_frequency10" = "0 MHz"
    Info (12134): Parameter "phase_shift10" = "0 ps"
    Info (12134): Parameter "duty_cycle10" = "50"
    Info (12134): Parameter "output_clock_frequency11" = "0 MHz"
    Info (12134): Parameter "phase_shift11" = "0 ps"
    Info (12134): Parameter "duty_cycle11" = "50"
    Info (12134): Parameter "output_clock_frequency12" = "0 MHz"
    Info (12134): Parameter "phase_shift12" = "0 ps"
    Info (12134): Parameter "duty_cycle12" = "50"
    Info (12134): Parameter "output_clock_frequency13" = "0 MHz"
    Info (12134): Parameter "phase_shift13" = "0 ps"
    Info (12134): Parameter "duty_cycle13" = "50"
    Info (12134): Parameter "output_clock_frequency14" = "0 MHz"
    Info (12134): Parameter "phase_shift14" = "0 ps"
    Info (12134): Parameter "duty_cycle14" = "50"
    Info (12134): Parameter "output_clock_frequency15" = "0 MHz"
    Info (12134): Parameter "phase_shift15" = "0 ps"
    Info (12134): Parameter "duty_cycle15" = "50"
    Info (12134): Parameter "output_clock_frequency16" = "0 MHz"
    Info (12134): Parameter "phase_shift16" = "0 ps"
    Info (12134): Parameter "duty_cycle16" = "50"
    Info (12134): Parameter "output_clock_frequency17" = "0 MHz"
    Info (12134): Parameter "phase_shift17" = "0 ps"
    Info (12134): Parameter "duty_cycle17" = "50"
    Info (12134): Parameter "pll_type" = "General"
    Info (12134): Parameter "pll_subtype" = "General"
Info (12128): Elaborating entity "risc_v_mike_clk_divider" for hierarchy "risc_v_mike_clk_divider:i_risc_v_mike_clk_divider" File: C:/Users/matriana/Personal/Masters/Diseno de Micros/RISC-V/RISC-V_Pipeline/src/rtl/risc_v_mike_top.sv Line: 190
Info (12128): Elaborating entity "risc_v_mike_ctrl" for hierarchy "risc_v_mike_ctrl:i_risc_v_mike_ctrl" File: C:/Users/matriana/Personal/Masters/Diseno de Micros/RISC-V/RISC-V_Pipeline/src/rtl/risc_v_mike_top.sv Line: 225
Warning (10036): Verilog HDL or VHDL warning at risc_v_mike_ctrl.sv(65): object "pc_src" assigned a value but never read File: C:/Users/matriana/Personal/Masters/Diseno de Micros/RISC-V/RISC-V_Pipeline/src/rtl/risc_v_mike_ctrl.sv Line: 65
Warning (10272): Verilog HDL Case Statement warning at risc_v_mike_ctrl.sv(363): case item expression covers a value already covered by a previous case item File: C:/Users/matriana/Personal/Masters/Diseno de Micros/RISC-V/RISC-V_Pipeline/src/rtl/risc_v_mike_ctrl.sv Line: 363
Info (12128): Elaborating entity "risc_v_data_fwd" for hierarchy "risc_v_data_fwd:i_risc_v_data_fwd" File: C:/Users/matriana/Personal/Masters/Diseno de Micros/RISC-V/RISC-V_Pipeline/src/rtl/risc_v_mike_top.sv Line: 288
Warning (10036): Verilog HDL or VHDL warning at risc_v_data_fwd.sv(43): object "alu_src_a_fwd" assigned a value but never read File: C:/Users/matriana/Personal/Masters/Diseno de Micros/RISC-V/RISC-V_Pipeline/src/rtl/risc_v_data_fwd.sv Line: 43
Warning (10036): Verilog HDL or VHDL warning at risc_v_data_fwd.sv(44): object "alu_src_b_fwd" assigned a value but never read File: C:/Users/matriana/Personal/Masters/Diseno de Micros/RISC-V/RISC-V_Pipeline/src/rtl/risc_v_data_fwd.sv Line: 44
Warning (10036): Verilog HDL or VHDL warning at risc_v_data_fwd.sv(50): object "data_mem_rd_data_w_plus1" assigned a value but never read File: C:/Users/matriana/Personal/Masters/Diseno de Micros/RISC-V/RISC-V_Pipeline/src/rtl/risc_v_data_fwd.sv Line: 50
Warning (10036): Verilog HDL or VHDL warning at risc_v_data_fwd.sv(52): object "reg_write_w_plus1" assigned a value but never read File: C:/Users/matriana/Personal/Masters/Diseno de Micros/RISC-V/RISC-V_Pipeline/src/rtl/risc_v_data_fwd.sv Line: 52
Info (12128): Elaborating entity "risc_v_mike_alu" for hierarchy "risc_v_mike_alu:i_risc_v_mike_alu" File: C:/Users/matriana/Personal/Masters/Diseno de Micros/RISC-V/RISC-V_Pipeline/src/rtl/risc_v_mike_top.sv Line: 322
Info (12128): Elaborating entity "risc_v_mike_reg_file" for hierarchy "risc_v_mike_reg_file:i_risc_v_mike_reg_file" File: C:/Users/matriana/Personal/Masters/Diseno de Micros/RISC-V/RISC-V_Pipeline/src/rtl/risc_v_mike_top.sv Line: 343
Info (12128): Elaborating entity "risc_v_mike_sign_extend" for hierarchy "risc_v_mike_sign_extend:i_risc_v_mike_sign_extend" File: C:/Users/matriana/Personal/Masters/Diseno de Micros/RISC-V/RISC-V_Pipeline/src/rtl/risc_v_mike_top.sv Line: 349
Info (12128): Elaborating entity "risc_v_mem_ctrl" for hierarchy "risc_v_mem_ctrl:i_risc_v_mem_ctrl" File: C:/Users/matriana/Personal/Masters/Diseno de Micros/RISC-V/RISC-V_Pipeline/src/rtl/risc_v_mike_top.sv Line: 440
Info (12128): Elaborating entity "risc_v_mike_data_memory" for hierarchy "risc_v_mike_data_memory:i_risc_v_mike_data_memory" File: C:/Users/matriana/Personal/Masters/Diseno de Micros/RISC-V/RISC-V_Pipeline/src/rtl/risc_v_mike_top.sv Line: 495
Info (12128): Elaborating entity "risc_v_mike_instruction_memory" for hierarchy "risc_v_mike_instruction_memory:i_risc_v_mike_instruction_memory" File: C:/Users/matriana/Personal/Masters/Diseno de Micros/RISC-V/RISC-V_Pipeline/src/rtl/risc_v_mike_top.sv Line: 507
Warning (10036): Verilog HDL or VHDL warning at risc_v_mike_instruction_memory.sv(16): object "error_addr" assigned a value but never read File: C:/Users/matriana/Personal/Masters/Diseno de Micros/RISC-V/RISC-V_Pipeline/src/rtl/risc_v_mike_instruction_memory.sv Line: 16
Warning (10030): Net "data_mem_ff[1023..200]" at risc_v_mike_instruction_memory.sv(19) has no driver or initial value, using a default initial value '0' File: C:/Users/matriana/Personal/Masters/Diseno de Micros/RISC-V/RISC-V_Pipeline/src/rtl/risc_v_mike_instruction_memory.sv Line: 19
Info (12128): Elaborating entity "UART_UNCORE" for hierarchy "UART_UNCORE:i_UART_UNCORE" File: C:/Users/matriana/Personal/Masters/Diseno de Micros/RISC-V/RISC-V_Pipeline/src/rtl/risc_v_mike_top.sv Line: 539
Info (12128): Elaborating entity "risc_v_mike_gpio_module" for hierarchy "UART_UNCORE:i_UART_UNCORE|risc_v_mike_gpio_module:i_risc_v_mike_gpio_module" File: C:/Users/matriana/Personal/Masters/Diseno de Micros/RISC-V/RISC-V_Pipeline/src/rtl/uart/UART_UNCORE.sv Line: 61
Warning (10036): Verilog HDL or VHDL warning at risc_v_mike_gpio_module.sv(49): object "parity_error_ff" assigned a value but never read File: C:/Users/matriana/Personal/Masters/Diseno de Micros/RISC-V/RISC-V_Pipeline/src/rtl/risc_v_mike_gpio_module.sv Line: 49
Warning (10762): Verilog HDL Case Statement warning at risc_v_mike_gpio_module.sv(62): can't check case statement for completeness because the case expression has too many possible states File: C:/Users/matriana/Personal/Masters/Diseno de Micros/RISC-V/RISC-V_Pipeline/src/rtl/risc_v_mike_gpio_module.sv Line: 62
Info (12128): Elaborating entity "UART_MIKE" for hierarchy "UART_UNCORE:i_UART_UNCORE|UART_MIKE:i_top_UART_MIKE" File: C:/Users/matriana/Personal/Masters/Diseno de Micros/RISC-V/RISC-V_Pipeline/src/rtl/uart/UART_UNCORE.sv Line: 93
Warning (10036): Verilog HDL or VHDL warning at UART_MIKE.sv(51): object "rx_clk_cnt_delete" assigned a value but never read File: C:/Users/matriana/Personal/Masters/Diseno de Micros/RISC-V/RISC-V_Pipeline/src/rtl/uart/UART_MIKE.sv Line: 51
Warning (10036): Verilog HDL or VHDL warning at UART_MIKE.sv(59): object "rx_shift_en_ff" assigned a value but never read File: C:/Users/matriana/Personal/Masters/Diseno de Micros/RISC-V/RISC-V_Pipeline/src/rtl/uart/UART_MIKE.sv Line: 59
Warning (10034): Output port "parity_error" at UART_MIKE.sv(15) has no driver File: C:/Users/matriana/Personal/Masters/Diseno de Micros/RISC-V/RISC-V_Pipeline/src/rtl/uart/UART_MIKE.sv Line: 15
Info (12128): Elaborating entity "counter" for hierarchy "UART_UNCORE:i_UART_UNCORE|UART_MIKE:i_top_UART_MIKE|counter:rx_counter" File: C:/Users/matriana/Personal/Masters/Diseno de Micros/RISC-V/RISC-V_Pipeline/src/rtl/uart/UART_MIKE.sv Line: 159
Warning (10230): Verilog HDL assignment warning at counter.sv(23): truncated value with size 32 to match size of target (4) File: C:/Users/matriana/Personal/Masters/Diseno de Micros/RISC-V/RISC-V_Pipeline/src/rtl/uart/counter.sv Line: 23
Info (12128): Elaborating entity "counter" for hierarchy "UART_UNCORE:i_UART_UNCORE|UART_MIKE:i_top_UART_MIKE|counter:rx_clk_counter" File: C:/Users/matriana/Personal/Masters/Diseno de Micros/RISC-V/RISC-V_Pipeline/src/rtl/uart/UART_MIKE.sv Line: 174
Warning (10230): Verilog HDL assignment warning at counter.sv(23): truncated value with size 32 to match size of target (8) File: C:/Users/matriana/Personal/Masters/Diseno de Micros/RISC-V/RISC-V_Pipeline/src/rtl/uart/counter.sv Line: 23
Info (12128): Elaborating entity "rx_shifter" for hierarchy "UART_UNCORE:i_UART_UNCORE|UART_MIKE:i_top_UART_MIKE|rx_shifter:rx_shifter" File: C:/Users/matriana/Personal/Masters/Diseno de Micros/RISC-V/RISC-V_Pipeline/src/rtl/uart/UART_MIKE.sv Line: 201
Warning (10230): Verilog HDL assignment warning at rx_shifter.sv(34): truncated value with size 11 to match size of target (10) File: C:/Users/matriana/Personal/Masters/Diseno de Micros/RISC-V/RISC-V_Pipeline/src/rtl/uart/rx_shifter.sv Line: 34
Info (12128): Elaborating entity "tx_shifter" for hierarchy "UART_UNCORE:i_UART_UNCORE|UART_MIKE:i_top_UART_MIKE|tx_shifter:tx_shifter" File: C:/Users/matriana/Personal/Masters/Diseno de Micros/RISC-V/RISC-V_Pipeline/src/rtl/uart/UART_MIKE.sv Line: 239
Warning (10230): Verilog HDL assignment warning at tx_shifter.sv(20): truncated value with size 32 to match size of target (4) File: C:/Users/matriana/Personal/Masters/Diseno de Micros/RISC-V/RISC-V_Pipeline/src/rtl/uart/tx_shifter.sv Line: 20
Info (12128): Elaborating entity "ascii_dec_to_7_seg" for hierarchy "UART_UNCORE:i_UART_UNCORE|UART_MIKE:i_top_UART_MIKE|ascii_dec_to_7_seg:RX_ascii_dec_to_7_seg" File: C:/Users/matriana/Personal/Masters/Diseno de Micros/RISC-V/RISC-V_Pipeline/src/rtl/uart/UART_MIKE.sv Line: 253
Warning (14284): Synthesized away the following node(s):
    Warning (14285): Synthesized away the following LCELL buffer node(s):
        Warning (14320): Synthesized away node "risc_v_mike_ctrl:i_risc_v_mike_ctrl|data_hzd_nuke_e_internal" File: C:/Users/matriana/Personal/Masters/Diseno de Micros/RISC-V/RISC-V_Pipeline/src/rtl/risc_v_mike_ctrl.sv Line: 89
Warning (13046): Tri-state node(s) do not directly drive top-level pin(s)
    Warning (13049): Converted tri-state buffer "UART_UNCORE:i_UART_UNCORE|UART_MIKE:i_top_UART_MIKE|rx_shifter:rx_shifter|rx_byte_nxt.rx_byte[7]" feeding internal logic into a wire File: C:/Users/matriana/Personal/Masters/Diseno de Micros/RISC-V/RISC-V_Pipeline/src/rtl/uart/rx_shifter.sv Line: 20
    Warning (13049): Converted tri-state buffer "UART_UNCORE:i_UART_UNCORE|UART_MIKE:i_top_UART_MIKE|rx_shifter:rx_shifter|rx_byte_nxt.rx_byte[6]" feeding internal logic into a wire File: C:/Users/matriana/Personal/Masters/Diseno de Micros/RISC-V/RISC-V_Pipeline/src/rtl/uart/rx_shifter.sv Line: 20
    Warning (13049): Converted tri-state buffer "UART_UNCORE:i_UART_UNCORE|UART_MIKE:i_top_UART_MIKE|rx_shifter:rx_shifter|rx_byte_nxt.rx_byte[5]" feeding internal logic into a wire File: C:/Users/matriana/Personal/Masters/Diseno de Micros/RISC-V/RISC-V_Pipeline/src/rtl/uart/rx_shifter.sv Line: 20
    Warning (13049): Converted tri-state buffer "UART_UNCORE:i_UART_UNCORE|UART_MIKE:i_top_UART_MIKE|rx_shifter:rx_shifter|rx_byte_nxt.rx_byte[4]" feeding internal logic into a wire File: C:/Users/matriana/Personal/Masters/Diseno de Micros/RISC-V/RISC-V_Pipeline/src/rtl/uart/rx_shifter.sv Line: 20
    Warning (13049): Converted tri-state buffer "UART_UNCORE:i_UART_UNCORE|UART_MIKE:i_top_UART_MIKE|rx_shifter:rx_shifter|rx_byte_nxt.rx_byte[3]" feeding internal logic into a wire File: C:/Users/matriana/Personal/Masters/Diseno de Micros/RISC-V/RISC-V_Pipeline/src/rtl/uart/rx_shifter.sv Line: 20
    Warning (13049): Converted tri-state buffer "UART_UNCORE:i_UART_UNCORE|UART_MIKE:i_top_UART_MIKE|rx_shifter:rx_shifter|rx_byte_nxt.rx_byte[2]" feeding internal logic into a wire File: C:/Users/matriana/Personal/Masters/Diseno de Micros/RISC-V/RISC-V_Pipeline/src/rtl/uart/rx_shifter.sv Line: 20
Info (19000): Inferred 1 megafunctions from design logic
    Info (276031): Inferred altsyncram megafunction from the following design logic: "risc_v_mike_instruction_memory:i_risc_v_mike_instruction_memory|Mux0_rtl_0"
        Info (286033): Parameter OPERATION_MODE set to ROM
        Info (286033): Parameter WIDTH_A set to 31
        Info (286033): Parameter WIDTHAD_A set to 10
        Info (286033): Parameter NUMWORDS_A set to 1024
        Info (286033): Parameter OUTDATA_REG_A set to UNREGISTERED
        Info (286033): Parameter RAM_BLOCK_TYPE set to AUTO
        Info (286033): Parameter INIT_FILE set to proj_quartus_final.risc_v_mike_top0.rtl.mif
Info (12130): Elaborated megafunction instantiation "risc_v_mike_instruction_memory:i_risc_v_mike_instruction_memory|altsyncram:Mux0_rtl_0"
Info (12133): Instantiated megafunction "risc_v_mike_instruction_memory:i_risc_v_mike_instruction_memory|altsyncram:Mux0_rtl_0" with the following parameter:
    Info (12134): Parameter "OPERATION_MODE" = "ROM"
    Info (12134): Parameter "WIDTH_A" = "31"
    Info (12134): Parameter "WIDTHAD_A" = "10"
    Info (12134): Parameter "NUMWORDS_A" = "1024"
    Info (12134): Parameter "OUTDATA_REG_A" = "UNREGISTERED"
    Info (12134): Parameter "RAM_BLOCK_TYPE" = "AUTO"
    Info (12134): Parameter "INIT_FILE" = "proj_quartus_final.risc_v_mike_top0.rtl.mif"
Info (12021): Found 1 design units, including 1 entities, in source file db/altsyncram_rt71.tdf
    Info (12023): Found entity 1: altsyncram_rt71 File: C:/Users/matriana/Personal/Masters/Diseno de Micros/RISC-V/RISC-V_Pipeline/proj_quartus_final/db/altsyncram_rt71.tdf Line: 28
Warning (12241): 6 hierarchies have connectivity warnings - see the Connectivity Checks report folder
Info (286030): Timing-Driven Synthesis is running
Info (17049): 31 registers lost all their fanouts during netlist optimizations.
Info (17016): Found the following redundant logic cells in design
    Info (17048): Logic cell "data_hzd_nuke_w" File: C:/Users/matriana/Personal/Masters/Diseno de Micros/RISC-V/RISC-V_Pipeline/src/rtl/risc_v_mike_top.sv Line: 148
    Info (17048): Logic cell "data_hzd_nuke_w_plus1" File: C:/Users/matriana/Personal/Masters/Diseno de Micros/RISC-V/RISC-V_Pipeline/src/rtl/risc_v_mike_top.sv Line: 149
    Info (17048): Logic cell "data_mmio_wr_addr_m[4]" File: C:/Users/matriana/Personal/Masters/Diseno de Micros/RISC-V/RISC-V_Pipeline/src/rtl/risc_v_mike_top.sv Line: 401
    Info (17048): Logic cell "data_mmio_wr_addr_m[2]" File: C:/Users/matriana/Personal/Masters/Diseno de Micros/RISC-V/RISC-V_Pipeline/src/rtl/risc_v_mike_top.sv Line: 401
    Info (17048): Logic cell "data_mmio_wr_addr_m[3]" File: C:/Users/matriana/Personal/Masters/Diseno de Micros/RISC-V/RISC-V_Pipeline/src/rtl/risc_v_mike_top.sv Line: 401
    Info (17048): Logic cell "data_mmio_wr_addr_m[26]" File: C:/Users/matriana/Personal/Masters/Diseno de Micros/RISC-V/RISC-V_Pipeline/src/rtl/risc_v_mike_top.sv Line: 401
    Info (17048): Logic cell "data_mmio_wr_addr_m[25]" File: C:/Users/matriana/Personal/Masters/Diseno de Micros/RISC-V/RISC-V_Pipeline/src/rtl/risc_v_mike_top.sv Line: 401
    Info (17048): Logic cell "data_mmio_wr_addr_m[24]" File: C:/Users/matriana/Personal/Masters/Diseno de Micros/RISC-V/RISC-V_Pipeline/src/rtl/risc_v_mike_top.sv Line: 401
    Info (17048): Logic cell "data_mmio_wr_addr_m[23]" File: C:/Users/matriana/Personal/Masters/Diseno de Micros/RISC-V/RISC-V_Pipeline/src/rtl/risc_v_mike_top.sv Line: 401
    Info (17048): Logic cell "data_mmio_wr_addr_m[27]" File: C:/Users/matriana/Personal/Masters/Diseno de Micros/RISC-V/RISC-V_Pipeline/src/rtl/risc_v_mike_top.sv Line: 401
    Info (17048): Logic cell "data_mmio_wr_addr_m[15]" File: C:/Users/matriana/Personal/Masters/Diseno de Micros/RISC-V/RISC-V_Pipeline/src/rtl/risc_v_mike_top.sv Line: 401
    Info (17048): Logic cell "data_mmio_wr_addr_m[14]" File: C:/Users/matriana/Personal/Masters/Diseno de Micros/RISC-V/RISC-V_Pipeline/src/rtl/risc_v_mike_top.sv Line: 401
    Info (17048): Logic cell "data_mmio_wr_addr_m[13]" File: C:/Users/matriana/Personal/Masters/Diseno de Micros/RISC-V/RISC-V_Pipeline/src/rtl/risc_v_mike_top.sv Line: 401
    Info (17048): Logic cell "data_mmio_wr_addr_m[11]" File: C:/Users/matriana/Personal/Masters/Diseno de Micros/RISC-V/RISC-V_Pipeline/src/rtl/risc_v_mike_top.sv Line: 401
    Info (17048): Logic cell "data_mmio_wr_addr_m[12]" File: C:/Users/matriana/Personal/Masters/Diseno de Micros/RISC-V/RISC-V_Pipeline/src/rtl/risc_v_mike_top.sv Line: 401
    Info (17048): Logic cell "data_mmio_wr_addr_m[16]" File: C:/Users/matriana/Personal/Masters/Diseno de Micros/RISC-V/RISC-V_Pipeline/src/rtl/risc_v_mike_top.sv Line: 401
    Info (17048): Logic cell "data_mmio_wr_addr_m[22]" File: C:/Users/matriana/Personal/Masters/Diseno de Micros/RISC-V/RISC-V_Pipeline/src/rtl/risc_v_mike_top.sv Line: 401
    Info (17048): Logic cell "data_mmio_wr_addr_m[31]" File: C:/Users/matriana/Personal/Masters/Diseno de Micros/RISC-V/RISC-V_Pipeline/src/rtl/risc_v_mike_top.sv Line: 401
    Info (17048): Logic cell "data_mmio_wr_addr_m[30]" File: C:/Users/matriana/Personal/Masters/Diseno de Micros/RISC-V/RISC-V_Pipeline/src/rtl/risc_v_mike_top.sv Line: 401
    Info (17048): Logic cell "data_mmio_wr_addr_m[29]" File: C:/Users/matriana/Personal/Masters/Diseno de Micros/RISC-V/RISC-V_Pipeline/src/rtl/risc_v_mike_top.sv Line: 401
    Info (17048): Logic cell "data_mmio_wr_addr_m[28]" File: C:/Users/matriana/Personal/Masters/Diseno de Micros/RISC-V/RISC-V_Pipeline/src/rtl/risc_v_mike_top.sv Line: 401
    Info (17048): Logic cell "data_mmio_wr_addr_m[21]" File: C:/Users/matriana/Personal/Masters/Diseno de Micros/RISC-V/RISC-V_Pipeline/src/rtl/risc_v_mike_top.sv Line: 401
    Info (17048): Logic cell "data_mmio_wr_addr_m[20]" File: C:/Users/matriana/Personal/Masters/Diseno de Micros/RISC-V/RISC-V_Pipeline/src/rtl/risc_v_mike_top.sv Line: 401
    Info (17048): Logic cell "data_mmio_wr_addr_m[19]" File: C:/Users/matriana/Personal/Masters/Diseno de Micros/RISC-V/RISC-V_Pipeline/src/rtl/risc_v_mike_top.sv Line: 401
    Info (17048): Logic cell "data_mmio_wr_addr_m[18]" File: C:/Users/matriana/Personal/Masters/Diseno de Micros/RISC-V/RISC-V_Pipeline/src/rtl/risc_v_mike_top.sv Line: 401
    Info (17048): Logic cell "data_mmio_wr_addr_m[17]" File: C:/Users/matriana/Personal/Masters/Diseno de Micros/RISC-V/RISC-V_Pipeline/src/rtl/risc_v_mike_top.sv Line: 401
    Info (17048): Logic cell "data_mmio_wr_addr_m[6]" File: C:/Users/matriana/Personal/Masters/Diseno de Micros/RISC-V/RISC-V_Pipeline/src/rtl/risc_v_mike_top.sv Line: 401
    Info (17048): Logic cell "data_mmio_wr_addr_m[5]" File: C:/Users/matriana/Personal/Masters/Diseno de Micros/RISC-V/RISC-V_Pipeline/src/rtl/risc_v_mike_top.sv Line: 401
    Info (17048): Logic cell "data_mmio_wr_addr_m[10]" File: C:/Users/matriana/Personal/Masters/Diseno de Micros/RISC-V/RISC-V_Pipeline/src/rtl/risc_v_mike_top.sv Line: 401
    Info (17048): Logic cell "data_mmio_wr_addr_m[9]" File: C:/Users/matriana/Personal/Masters/Diseno de Micros/RISC-V/RISC-V_Pipeline/src/rtl/risc_v_mike_top.sv Line: 401
    Info (17048): Logic cell "data_mmio_wr_addr_m[8]" File: C:/Users/matriana/Personal/Masters/Diseno de Micros/RISC-V/RISC-V_Pipeline/src/rtl/risc_v_mike_top.sv Line: 401
    Info (17048): Logic cell "data_mmio_wr_addr_m[7]" File: C:/Users/matriana/Personal/Masters/Diseno de Micros/RISC-V/RISC-V_Pipeline/src/rtl/risc_v_mike_top.sv Line: 401
    Info (17048): Logic cell "data_mmio_wr_addr_m[1]" File: C:/Users/matriana/Personal/Masters/Diseno de Micros/RISC-V/RISC-V_Pipeline/src/rtl/risc_v_mike_top.sv Line: 401
    Info (17048): Logic cell "data_mmio_wr_addr_m[0]" File: C:/Users/matriana/Personal/Masters/Diseno de Micros/RISC-V/RISC-V_Pipeline/src/rtl/risc_v_mike_top.sv Line: 401
    Info (17048): Logic cell "data_hzd_nuke_m" File: C:/Users/matriana/Personal/Masters/Diseno de Micros/RISC-V/RISC-V_Pipeline/src/rtl/risc_v_mike_top.sv Line: 147
    Info (17048): Logic cell "intr_opcode_m[0]" File: C:/Users/matriana/Personal/Masters/Diseno de Micros/RISC-V/RISC-V_Pipeline/src/rtl/risc_v_mike_top.sv Line: 171
    Info (17048): Logic cell "intr_opcode_m[6]" File: C:/Users/matriana/Personal/Masters/Diseno de Micros/RISC-V/RISC-V_Pipeline/src/rtl/risc_v_mike_top.sv Line: 171
    Info (17048): Logic cell "intr_opcode_m[5]" File: C:/Users/matriana/Personal/Masters/Diseno de Micros/RISC-V/RISC-V_Pipeline/src/rtl/risc_v_mike_top.sv Line: 171
    Info (17048): Logic cell "intr_opcode_m[4]" File: C:/Users/matriana/Personal/Masters/Diseno de Micros/RISC-V/RISC-V_Pipeline/src/rtl/risc_v_mike_top.sv Line: 171
    Info (17048): Logic cell "intr_opcode_m[3]" File: C:/Users/matriana/Personal/Masters/Diseno de Micros/RISC-V/RISC-V_Pipeline/src/rtl/risc_v_mike_top.sv Line: 171
    Info (17048): Logic cell "intr_opcode_m[2]" File: C:/Users/matriana/Personal/Masters/Diseno de Micros/RISC-V/RISC-V_Pipeline/src/rtl/risc_v_mike_top.sv Line: 171
    Info (17048): Logic cell "intr_opcode_m[1]" File: C:/Users/matriana/Personal/Masters/Diseno de Micros/RISC-V/RISC-V_Pipeline/src/rtl/risc_v_mike_top.sv Line: 171
    Info (17048): Logic cell "intr_opcode_w[1]" File: C:/Users/matriana/Personal/Masters/Diseno de Micros/RISC-V/RISC-V_Pipeline/src/rtl/risc_v_mike_top.sv Line: 172
    Info (17048): Logic cell "intr_opcode_w[0]" File: C:/Users/matriana/Personal/Masters/Diseno de Micros/RISC-V/RISC-V_Pipeline/src/rtl/risc_v_mike_top.sv Line: 172
    Info (17048): Logic cell "intr_opcode_w[6]" File: C:/Users/matriana/Personal/Masters/Diseno de Micros/RISC-V/RISC-V_Pipeline/src/rtl/risc_v_mike_top.sv Line: 172
    Info (17048): Logic cell "intr_opcode_w[5]" File: C:/Users/matriana/Personal/Masters/Diseno de Micros/RISC-V/RISC-V_Pipeline/src/rtl/risc_v_mike_top.sv Line: 172
    Info (17048): Logic cell "intr_opcode_w[4]" File: C:/Users/matriana/Personal/Masters/Diseno de Micros/RISC-V/RISC-V_Pipeline/src/rtl/risc_v_mike_top.sv Line: 172
    Info (17048): Logic cell "intr_opcode_w[3]" File: C:/Users/matriana/Personal/Masters/Diseno de Micros/RISC-V/RISC-V_Pipeline/src/rtl/risc_v_mike_top.sv Line: 172
    Info (17048): Logic cell "intr_opcode_w[2]" File: C:/Users/matriana/Personal/Masters/Diseno de Micros/RISC-V/RISC-V_Pipeline/src/rtl/risc_v_mike_top.sv Line: 172
    Info (17048): Logic cell "data_hzd_nuke_w_plus2" File: C:/Users/matriana/Personal/Masters/Diseno de Micros/RISC-V/RISC-V_Pipeline/src/rtl/risc_v_mike_top.sv Line: 150
    Info (17048): Logic cell "data_mmio_rd_data_m[8]" File: C:/Users/matriana/Personal/Masters/Diseno de Micros/RISC-V/RISC-V_Pipeline/src/rtl/risc_v_mike_top.sv Line: 111
    Info (17048): Logic cell "data_mmio_rd_data_m[17]" File: C:/Users/matriana/Personal/Masters/Diseno de Micros/RISC-V/RISC-V_Pipeline/src/rtl/risc_v_mike_top.sv Line: 111
    Info (17048): Logic cell "data_mmio_rd_data_m[14]" File: C:/Users/matriana/Personal/Masters/Diseno de Micros/RISC-V/RISC-V_Pipeline/src/rtl/risc_v_mike_top.sv Line: 111
    Info (17048): Logic cell "data_mmio_rd_data_m[29]" File: C:/Users/matriana/Personal/Masters/Diseno de Micros/RISC-V/RISC-V_Pipeline/src/rtl/risc_v_mike_top.sv Line: 111
    Info (17048): Logic cell "data_mmio_rd_data_m[24]" File: C:/Users/matriana/Personal/Masters/Diseno de Micros/RISC-V/RISC-V_Pipeline/src/rtl/risc_v_mike_top.sv Line: 111
    Info (17048): Logic cell "data_mmio_rd_data_m[22]" File: C:/Users/matriana/Personal/Masters/Diseno de Micros/RISC-V/RISC-V_Pipeline/src/rtl/risc_v_mike_top.sv Line: 111
    Info (17048): Logic cell "data_mmio_rd_data_m[20]" File: C:/Users/matriana/Personal/Masters/Diseno de Micros/RISC-V/RISC-V_Pipeline/src/rtl/risc_v_mike_top.sv Line: 111
Info (16010): Generating hard_block partition "hard_block:auto_generated_inst"
    Info (16011): Adding 3 node(s), including 0 DDIO, 1 PLL, 0 transceiver and 0 LCELL
Warning: RST port on the PLL is not properly connected on instance risv_mike_pll:i_risv_mike_pll|risv_mike_pll_0002:risv_mike_pll_inst|altera_pll:altera_pll_i|general[0].gpll. The reset port on the PLL should be connected. If the PLL loses lock for any reason, you might need to manually reset the PLL in order to re-establish lock to the reference clock. File: c:/intelfpga_lite/22.1std/quartus/libraries/megafunctions/altera_pll.v Line: 749
    Info: Must be connected
Info (21057): Implemented 26156 device resources after synthesis - the final resource count might be different
    Info (21058): Implemented 5 input pins
    Info (21059): Implemented 15 output pins
    Info (21061): Implemented 26104 logic cells
    Info (21064): Implemented 31 RAM segments
    Info (21065): Implemented 1 PLLs
Info: Quartus Prime Analysis & Synthesis was successful. 0 errors, 72 warnings
    Info: Peak virtual memory: 5069 megabytes
    Info: Processing ended: Wed May  8 18:14:16 2024
    Info: Elapsed time: 00:01:02
    Info: Total CPU time (on all processors): 00:00:43


