Fitter report for RISC_V_multi_UART
Thu Apr 11 23:58:02 2024
Quartus Prime Version 22.1std.2 Build 922 07/20/2023 SC Lite Edition


---------------------
; Table of Contents ;
---------------------
  1. Legal Notice
  2. Fitter Summary
  3. Fitter Settings
  4. Parallel Compilation
  5. Fitter Netlist Optimizations
  6. Incremental Compilation Preservation Summary
  7. Incremental Compilation Partition Settings
  8. Incremental Compilation Placement Preservation
  9. Pin-Out File
 10. Fitter Resource Usage Summary
 11. Fitter Partition Statistics
 12. Input Pins
 13. Output Pins
 14. I/O Bank Usage
 15. All Package Pins
 16. I/O Assignment Warnings
 17. Fitter Resource Utilization by Entity
 18. Delay Chain Summary
 19. Pad To Core Delay Chain Fanout
 20. Control Signals
 21. Global & Other Fast Signals
 22. Non-Global High Fan-Out Signals
 23. Routing Usage Summary
 24. I/O Rules Summary
 25. I/O Rules Details
 26. I/O Rules Matrix
 27. Fitter Device Options
 28. Operating Settings and Conditions
 29. Estimated Delay Added for Hold Timing Summary
 30. Estimated Delay Added for Hold Timing Details
 31. Fitter Messages
 32. Fitter Suppressed Messages



----------------
; Legal Notice ;
----------------
Copyright (C) 2023  Intel Corporation. All rights reserved.
Your use of Intel Corporation's design tools, logic functions 
and other software and tools, and any partner logic 
functions, and any output files from any of the foregoing 
(including device programming or simulation files), and any 
associated documentation or information are expressly subject 
to the terms and conditions of the Intel Program License 
Subscription Agreement, the Intel Quartus Prime License Agreement,
the Intel FPGA IP License Agreement, or other applicable license
agreement, including, without limitation, that your use is for
the sole purpose of programming logic devices manufactured by
Intel and sold by Intel or its authorized distributors.  Please
refer to the applicable agreement for further details, at
https://fpgasoftware.intel.com/eula.



+----------------------------------------------------------------------------------+
; Fitter Summary                                                                   ;
+---------------------------------+------------------------------------------------+
; Fitter Status                   ; Successful - Thu Apr 11 23:58:01 2024          ;
; Quartus Prime Version           ; 22.1std.2 Build 922 07/20/2023 SC Lite Edition ;
; Revision Name                   ; RISC_V_multi_UART                              ;
; Top-level Entity Name           ; risc_v_mike_top                                ;
; Family                          ; Cyclone V                                      ;
; Device                          ; 5CSXFC6D6F31C6                                 ;
; Timing Models                   ; Final                                          ;
; Logic utilization (in ALMs)     ; 10,323 / 41,910 ( 25 % )                       ;
; Total registers                 ; 17509                                          ;
; Total pins                      ; 20 / 499 ( 4 % )                               ;
; Total virtual pins              ; 0                                              ;
; Total block memory bits         ; 0 / 5,662,720 ( 0 % )                          ;
; Total RAM Blocks                ; 0 / 553 ( 0 % )                                ;
; Total DSP Blocks                ; 0 / 112 ( 0 % )                                ;
; Total HSSI RX PCSs              ; 0 / 9 ( 0 % )                                  ;
; Total HSSI PMA RX Deserializers ; 0 / 9 ( 0 % )                                  ;
; Total HSSI TX PCSs              ; 0 / 9 ( 0 % )                                  ;
; Total HSSI PMA TX Serializers   ; 0 / 9 ( 0 % )                                  ;
; Total PLLs                      ; 0 / 15 ( 0 % )                                 ;
; Total DLLs                      ; 0 / 4 ( 0 % )                                  ;
+---------------------------------+------------------------------------------------+


+----------------------------------------------------------------------------------------------------------------------------------------------------+
; Fitter Settings                                                                                                                                    ;
+--------------------------------------------------------------------+---------------------------------------+---------------------------------------+
; Option                                                             ; Setting                               ; Default Value                         ;
+--------------------------------------------------------------------+---------------------------------------+---------------------------------------+
; Device                                                             ; 5CSXFC6D6F31C6                        ;                                       ;
; Minimum Core Junction Temperature                                  ; 0                                     ;                                       ;
; Maximum Core Junction Temperature                                  ; 85                                    ;                                       ;
; Use smart compilation                                              ; Off                                   ; Off                                   ;
; Enable parallel Assembler and Timing Analyzer during compilation   ; On                                    ; On                                    ;
; Enable compact report table                                        ; Off                                   ; Off                                   ;
; Router Timing Optimization Level                                   ; Normal                                ; Normal                                ;
; Perform Clocking Topology Analysis During Routing                  ; Off                                   ; Off                                   ;
; Placement Effort Multiplier                                        ; 1.0                                   ; 1.0                                   ;
; Device initialization clock source                                 ; INIT_INTOSC                           ; INIT_INTOSC                           ;
; Optimize Hold Timing                                               ; All Paths                             ; All Paths                             ;
; Optimize Multi-Corner Timing                                       ; On                                    ; On                                    ;
; Auto RAM to MLAB Conversion                                        ; On                                    ; On                                    ;
; Equivalent RAM and MLAB Power Up                                   ; Auto                                  ; Auto                                  ;
; Equivalent RAM and MLAB Paused Read Capabilities                   ; Care                                  ; Care                                  ;
; Power Optimization During Fitting                                  ; Normal compilation                    ; Normal compilation                    ;
; SSN Optimization                                                   ; Off                                   ; Off                                   ;
; Optimize Timing                                                    ; Normal compilation                    ; Normal compilation                    ;
; Optimize Timing for ECOs                                           ; Off                                   ; Off                                   ;
; Regenerate Full Fit Report During ECO Compiles                     ; Off                                   ; Off                                   ;
; Optimize IOC Register Placement for Timing                         ; Normal                                ; Normal                                ;
; Final Placement Optimizations                                      ; Automatically                         ; Automatically                         ;
; Fitter Aggressive Routability Optimizations                        ; Automatically                         ; Automatically                         ;
; Fitter Initial Placement Seed                                      ; 1                                     ; 1                                     ;
; Periphery to Core Placement and Routing Optimization               ; Off                                   ; Off                                   ;
; Weak Pull-Up Resistor                                              ; Off                                   ; Off                                   ;
; Enable Bus-Hold Circuitry                                          ; Off                                   ; Off                                   ;
; Auto Packed Registers                                              ; Auto                                  ; Auto                                  ;
; Auto Delay Chains                                                  ; On                                    ; On                                    ;
; Auto Delay Chains for High Fanout Input Pins                       ; Off                                   ; Off                                   ;
; Treat Bidirectional Pin as Output Pin                              ; Off                                   ; Off                                   ;
; Perform Physical Synthesis for Combinational Logic for Fitting     ; Off                                   ; Off                                   ;
; Perform Physical Synthesis for Combinational Logic for Performance ; Off                                   ; Off                                   ;
; Perform Register Duplication for Performance                       ; Off                                   ; Off                                   ;
; Perform Register Retiming for Performance                          ; Off                                   ; Off                                   ;
; Perform Asynchronous Signal Pipelining                             ; Off                                   ; Off                                   ;
; Fitter Effort                                                      ; Auto Fit                              ; Auto Fit                              ;
; Physical Synthesis Effort Level                                    ; Normal                                ; Normal                                ;
; Logic Cell Insertion - Logic Duplication                           ; Auto                                  ; Auto                                  ;
; Auto Register Duplication                                          ; Auto                                  ; Auto                                  ;
; Auto Global Clock                                                  ; On                                    ; On                                    ;
; Auto Global Register Control Signals                               ; On                                    ; On                                    ;
; Reserve all unused pins                                            ; As input tri-stated with weak pull-up ; As input tri-stated with weak pull-up ;
; Synchronizer Identification                                        ; Auto                                  ; Auto                                  ;
; Enable Beneficial Skew Optimization                                ; On                                    ; On                                    ;
; Optimize Design for Metastability                                  ; On                                    ; On                                    ;
; Active Serial clock source                                         ; FREQ_100MHz                           ; FREQ_100MHz                           ;
; Force Fitter to Avoid Periphery Placement Warnings                 ; Off                                   ; Off                                   ;
; Clamping Diode                                                     ; Off                                   ; Off                                   ;
; Enable input tri-state on active configuration pins in user mode   ; Off                                   ; Off                                   ;
; Advanced Physical Optimization                                     ; On                                    ; On                                    ;
+--------------------------------------------------------------------+---------------------------------------+---------------------------------------+


+------------------------------------------+
; Parallel Compilation                     ;
+----------------------------+-------------+
; Processors                 ; Number      ;
+----------------------------+-------------+
; Number detected on machine ; 8           ;
; Maximum allowed            ; 4           ;
;                            ;             ;
; Average used               ; 1.11        ;
; Maximum used               ; 4           ;
;                            ;             ;
; Usage by Processor         ; % Time Used ;
;     Processor 1            ; 100.0%      ;
;     Processor 2            ;   3.9%      ;
;     Processor 3            ;   3.7%      ;
;     Processor 4            ;   3.6%      ;
+----------------------------+-------------+


+------------------------------------------------------------------------------------------------------------------------------------------------------------------------------------------------------------------------+
; Fitter Netlist Optimizations                                                                                                                                                                                           ;
+--------------------------------------------------------------------------+---------+-----------+----------------------------+-----------+----------------+------------------+------------------+-----------------------+
; Node                                                                     ; Action  ; Operation ; Reason                     ; Node Port ; Node Port Name ; Destination Node ; Destination Port ; Destination Port Name ;
+--------------------------------------------------------------------------+---------+-----------+----------------------------+-----------+----------------+------------------+------------------+-----------------------+
; clk_in~inputCLKENA0                                                      ; Created ; Placement ; Fitter Periphery Placement ;           ;                ;                  ;                  ;                       ;
; risc_v_mike_clk_divider:i_risc_v_mike_clk_divider|pre_clk_cnt[0]~CLKENA0 ; Created ; Placement ; Fitter Periphery Placement ;           ;                ;                  ;                  ;                       ;
+--------------------------------------------------------------------------+---------+-----------+----------------------------+-----------+----------------+------------------+------------------+-----------------------+


+----------------------------------------------------------------------------------------------------+
; Incremental Compilation Preservation Summary                                                       ;
+---------------------+----------------------+----------------------------+--------------------------+
; Type                ; Total [A + B]        ; From Design Partitions [A] ; From Rapid Recompile [B] ;
+---------------------+----------------------+----------------------------+--------------------------+
; Placement (by node) ;                      ;                            ;                          ;
;     -- Requested    ; 0.00 % ( 0 / 25670 ) ; 0.00 % ( 0 / 25670 )       ; 0.00 % ( 0 / 25670 )     ;
;     -- Achieved     ; 0.00 % ( 0 / 25670 ) ; 0.00 % ( 0 / 25670 )       ; 0.00 % ( 0 / 25670 )     ;
;                     ;                      ;                            ;                          ;
; Routing (by net)    ;                      ;                            ;                          ;
;     -- Requested    ; 0.00 % ( 0 / 0 )     ; 0.00 % ( 0 / 0 )           ; 0.00 % ( 0 / 0 )         ;
;     -- Achieved     ; 0.00 % ( 0 / 0 )     ; 0.00 % ( 0 / 0 )           ; 0.00 % ( 0 / 0 )         ;
+---------------------+----------------------+----------------------------+--------------------------+


+----------------------------------------------------------------------------------------------------------------------------------------------------------------------------------------+
; Incremental Compilation Partition Settings                                                                                                                                             ;
+--------------------------------+----------------+-------------------+-------------------------+------------------------+------------------------------+--------------------------------+
; Partition Name                 ; Partition Type ; Netlist Type Used ; Preservation Level Used ; Netlist Type Requested ; Preservation Level Requested ; Contents                       ;
+--------------------------------+----------------+-------------------+-------------------------+------------------------+------------------------------+--------------------------------+
; Top                            ; User-created   ; Source File       ; N/A                     ; Source File            ; N/A                          ;                                ;
; hard_block:auto_generated_inst ; Auto-generated ; Source File       ; N/A                     ; Source File            ; N/A                          ; hard_block:auto_generated_inst ;
+--------------------------------+----------------+-------------------+-------------------------+------------------------+------------------------------+--------------------------------+


+------------------------------------------------------------------------------------------------------------------------------------+
; Incremental Compilation Placement Preservation                                                                                     ;
+--------------------------------+-----------------------+-------------------------+-------------------+---------------------+-------+
; Partition Name                 ; Preservation Achieved ; Preservation Level Used ; Netlist Type Used ; Preservation Method ; Notes ;
+--------------------------------+-----------------------+-------------------------+-------------------+---------------------+-------+
; Top                            ; 0.00 % ( 0 / 25670 )  ; N/A                     ; Source File       ; N/A                 ;       ;
; hard_block:auto_generated_inst ; 0.00 % ( 0 / 0 )      ; N/A                     ; Source File       ; N/A                 ;       ;
+--------------------------------+-----------------------+-------------------------+-------------------+---------------------+-------+


+--------------+
; Pin-Out File ;
+--------------+
The pin-out file can be found in C:/Users/matriana/Personal/Masters/Diseno de Micros/RISC-V/RISC-V_unicycle/proj_quartus_w_UART/output_files/RISC_V_multi_UART.pin.


+---------------------------------------------------------------------------------------------+
; Fitter Resource Usage Summary                                                               ;
+-------------------------------------------------------------+-----------------------+-------+
; Resource                                                    ; Usage                 ; %     ;
+-------------------------------------------------------------+-----------------------+-------+
; Logic utilization (ALMs needed / total ALMs on device)      ; 10,323 / 41,910       ; 25 %  ;
; ALMs needed [=A-B+C]                                        ; 10,323                ;       ;
;     [A] ALMs used in final placement [=a+b+c+d]             ; 12,533 / 41,910       ; 30 %  ;
;         [a] ALMs used for LUT logic and registers           ; 2,130                 ;       ;
;         [b] ALMs used for LUT logic                         ; 4,543                 ;       ;
;         [c] ALMs used for registers                         ; 5,860                 ;       ;
;         [d] ALMs used for memory (up to half of total ALMs) ; 0                     ;       ;
;     [B] Estimate of ALMs recoverable by dense packing       ; 2,560 / 41,910        ; 6 %   ;
;     [C] Estimate of ALMs unavailable [=a+b+c+d]             ; 350 / 41,910          ; < 1 % ;
;         [a] Due to location constrained logic               ; 0                     ;       ;
;         [b] Due to LAB-wide signal conflicts                ; 302                   ;       ;
;         [c] Due to LAB input limits                         ; 48                    ;       ;
;         [d] Due to virtual I/Os                             ; 0                     ;       ;
;                                                             ;                       ;       ;
; Difficulty packing design                                   ; Low                   ;       ;
;                                                             ;                       ;       ;
; Total LABs:  partially or completely used                   ; 1,952 / 4,191         ; 47 %  ;
;     -- Logic LABs                                           ; 1,952                 ;       ;
;     -- Memory LABs (up to half of total LABs)               ; 0                     ;       ;
;                                                             ;                       ;       ;
; Combinational ALUT usage for logic                          ; 8,120                 ;       ;
;     -- 7 input functions                                    ; 14                    ;       ;
;     -- 6 input functions                                    ; 7,024                 ;       ;
;     -- 5 input functions                                    ; 512                   ;       ;
;     -- 4 input functions                                    ; 239                   ;       ;
;     -- <=3 input functions                                  ; 331                   ;       ;
; Combinational ALUT usage for route-throughs                 ; 6,335                 ;       ;
;                                                             ;                       ;       ;
; Dedicated logic registers                                   ; 17,509                ;       ;
;     -- By type:                                             ;                       ;       ;
;         -- Primary logic registers                          ; 15,978 / 83,820       ; 19 %  ;
;         -- Secondary logic registers                        ; 1,531 / 83,820        ; 2 %   ;
;     -- By function:                                         ;                       ;       ;
;         -- Design implementation registers                  ; 17,509                ;       ;
;         -- Routing optimization registers                   ; 0                     ;       ;
;                                                             ;                       ;       ;
; Virtual pins                                                ; 0                     ;       ;
; I/O pins                                                    ; 20 / 499              ; 4 %   ;
;     -- Clock pins                                           ; 3 / 11                ; 27 %  ;
;     -- Dedicated input pins                                 ; 0 / 39                ; 0 %   ;
;                                                             ;                       ;       ;
; Hard processor system peripheral utilization                ;                       ;       ;
;     -- Boot from FPGA                                       ; 0 / 1 ( 0 % )         ;       ;
;     -- Clock resets                                         ; 0 / 1 ( 0 % )         ;       ;
;     -- Cross trigger                                        ; 0 / 1 ( 0 % )         ;       ;
;     -- S2F AXI                                              ; 0 / 1 ( 0 % )         ;       ;
;     -- F2S AXI                                              ; 0 / 1 ( 0 % )         ;       ;
;     -- AXI Lightweight                                      ; 0 / 1 ( 0 % )         ;       ;
;     -- SDRAM                                                ; 0 / 1 ( 0 % )         ;       ;
;     -- Interrupts                                           ; 0 / 1 ( 0 % )         ;       ;
;     -- JTAG                                                 ; 0 / 1 ( 0 % )         ;       ;
;     -- Loan I/O                                             ; 0 / 1 ( 0 % )         ;       ;
;     -- MPU event standby                                    ; 0 / 1 ( 0 % )         ;       ;
;     -- MPU general purpose                                  ; 0 / 1 ( 0 % )         ;       ;
;     -- STM event                                            ; 0 / 1 ( 0 % )         ;       ;
;     -- TPIU trace                                           ; 0 / 1 ( 0 % )         ;       ;
;     -- DMA                                                  ; 0 / 1 ( 0 % )         ;       ;
;     -- CAN                                                  ; 0 / 2 ( 0 % )         ;       ;
;     -- EMAC                                                 ; 0 / 2 ( 0 % )         ;       ;
;     -- I2C                                                  ; 0 / 4 ( 0 % )         ;       ;
;     -- NAND Flash                                           ; 0 / 1 ( 0 % )         ;       ;
;     -- QSPI                                                 ; 0 / 1 ( 0 % )         ;       ;
;     -- SDMMC                                                ; 0 / 1 ( 0 % )         ;       ;
;     -- SPI Master                                           ; 0 / 2 ( 0 % )         ;       ;
;     -- SPI Slave                                            ; 0 / 2 ( 0 % )         ;       ;
;     -- UART                                                 ; 0 / 2 ( 0 % )         ;       ;
;     -- USB                                                  ; 0 / 2 ( 0 % )         ;       ;
;                                                             ;                       ;       ;
; M10K blocks                                                 ; 0 / 553               ; 0 %   ;
; Total MLAB memory bits                                      ; 0                     ;       ;
; Total block memory bits                                     ; 0 / 5,662,720         ; 0 %   ;
; Total block memory implementation bits                      ; 0 / 5,662,720         ; 0 %   ;
;                                                             ;                       ;       ;
; Total DSP Blocks                                            ; 0 / 112               ; 0 %   ;
;                                                             ;                       ;       ;
; Fractional PLLs                                             ; 0 / 6                 ; 0 %   ;
; Global signals                                              ; 2                     ;       ;
;     -- Global clocks                                        ; 2 / 16                ; 13 %  ;
;     -- Quadrant clocks                                      ; 0 / 66                ; 0 %   ;
;     -- Horizontal periphery clocks                          ; 0 / 18                ; 0 %   ;
; SERDES Transmitters                                         ; 0 / 100               ; 0 %   ;
; SERDES Receivers                                            ; 0 / 100               ; 0 %   ;
; JTAGs                                                       ; 0 / 1                 ; 0 %   ;
; ASMI blocks                                                 ; 0 / 1                 ; 0 %   ;
; CRC blocks                                                  ; 0 / 1                 ; 0 %   ;
; Remote update blocks                                        ; 0 / 1                 ; 0 %   ;
; Oscillator blocks                                           ; 0 / 1                 ; 0 %   ;
; Hard IPs                                                    ; 0 / 2                 ; 0 %   ;
; Standard RX PCSs                                            ; 0 / 9                 ; 0 %   ;
; HSSI PMA RX Deserializers                                   ; 0 / 9                 ; 0 %   ;
; Standard TX PCSs                                            ; 0 / 9                 ; 0 %   ;
; HSSI PMA TX Serializers                                     ; 0 / 9                 ; 0 %   ;
; Channel PLLs                                                ; 0 / 9                 ; 0 %   ;
; Impedance control blocks                                    ; 0 / 4                 ; 0 %   ;
; Hard Memory Controllers                                     ; 0 / 2                 ; 0 %   ;
; Average interconnect usage (total/H/V)                      ; 25.9% / 24.8% / 29.3% ;       ;
; Peak interconnect usage (total/H/V)                         ; 80.7% / 78.5% / 90.5% ;       ;
; Maximum fan-out                                             ; 18022                 ;       ;
; Highest non-global fan-out                                  ; 18022                 ;       ;
; Total fan-out                                               ; 122931                ;       ;
; Average fan-out                                             ; 3.84                  ;       ;
+-------------------------------------------------------------+-----------------------+-------+


+-----------------------------------------------------------------------------------------------------------------------+
; Fitter Partition Statistics                                                                                           ;
+-------------------------------------------------------------+------------------------+--------------------------------+
; Statistic                                                   ; Top                    ; hard_block:auto_generated_inst ;
+-------------------------------------------------------------+------------------------+--------------------------------+
; Logic utilization (ALMs needed / total ALMs on device)      ; 10323 / 41910 ( 25 % ) ; 0 / 41910 ( 0 % )              ;
; ALMs needed [=A-B+C]                                        ; 10323                  ; 0                              ;
;     [A] ALMs used in final placement [=a+b+c+d]             ; 12533 / 41910 ( 30 % ) ; 0 / 41910 ( 0 % )              ;
;         [a] ALMs used for LUT logic and registers           ; 2130                   ; 0                              ;
;         [b] ALMs used for LUT logic                         ; 4543                   ; 0                              ;
;         [c] ALMs used for registers                         ; 5860                   ; 0                              ;
;         [d] ALMs used for memory (up to half of total ALMs) ; 0                      ; 0                              ;
;     [B] Estimate of ALMs recoverable by dense packing       ; 2560 / 41910 ( 6 % )   ; 0 / 41910 ( 0 % )              ;
;     [C] Estimate of ALMs unavailable [=a+b+c+d]             ; 350 / 41910 ( < 1 % )  ; 0 / 41910 ( 0 % )              ;
;         [a] Due to location constrained logic               ; 0                      ; 0                              ;
;         [b] Due to LAB-wide signal conflicts                ; 302                    ; 0                              ;
;         [c] Due to LAB input limits                         ; 48                     ; 0                              ;
;         [d] Due to virtual I/Os                             ; 0                      ; 0                              ;
;                                                             ;                        ;                                ;
; Difficulty packing design                                   ; Low                    ; Low                            ;
;                                                             ;                        ;                                ;
; Total LABs:  partially or completely used                   ; 1952 / 4191 ( 47 % )   ; 0 / 4191 ( 0 % )               ;
;     -- Logic LABs                                           ; 1952                   ; 0                              ;
;     -- Memory LABs (up to half of total LABs)               ; 0                      ; 0                              ;
;                                                             ;                        ;                                ;
; Combinational ALUT usage for logic                          ; 8120                   ; 0                              ;
;     -- 7 input functions                                    ; 14                     ; 0                              ;
;     -- 6 input functions                                    ; 7024                   ; 0                              ;
;     -- 5 input functions                                    ; 512                    ; 0                              ;
;     -- 4 input functions                                    ; 239                    ; 0                              ;
;     -- <=3 input functions                                  ; 331                    ; 0                              ;
; Combinational ALUT usage for route-throughs                 ; 6335                   ; 0                              ;
; Memory ALUT usage                                           ; 0                      ; 0                              ;
;     -- 64-address deep                                      ; 0                      ; 0                              ;
;     -- 32-address deep                                      ; 0                      ; 0                              ;
;                                                             ;                        ;                                ;
; Dedicated logic registers                                   ; 0                      ; 0                              ;
;     -- By type:                                             ;                        ;                                ;
;         -- Primary logic registers                          ; 15978 / 83820 ( 19 % ) ; 0 / 83820 ( 0 % )              ;
;         -- Secondary logic registers                        ; 1531 / 83820 ( 2 % )   ; 0 / 83820 ( 0 % )              ;
;     -- By function:                                         ;                        ;                                ;
;         -- Design implementation registers                  ; 17509                  ; 0                              ;
;         -- Routing optimization registers                   ; 0                      ; 0                              ;
;                                                             ;                        ;                                ;
;                                                             ;                        ;                                ;
; Virtual pins                                                ; 0                      ; 0                              ;
; I/O pins                                                    ; 20                     ; 0                              ;
; I/O registers                                               ; 0                      ; 0                              ;
; Total block memory bits                                     ; 0                      ; 0                              ;
; Total block memory implementation bits                      ; 0                      ; 0                              ;
; Clock enable block                                          ; 2 / 116 ( 1 % )        ; 0 / 116 ( 0 % )                ;
;                                                             ;                        ;                                ;
; Connections                                                 ;                        ;                                ;
;     -- Input Connections                                    ; 0                      ; 0                              ;
;     -- Registered Input Connections                         ; 0                      ; 0                              ;
;     -- Output Connections                                   ; 0                      ; 0                              ;
;     -- Registered Output Connections                        ; 0                      ; 0                              ;
;                                                             ;                        ;                                ;
; Internal Connections                                        ;                        ;                                ;
;     -- Total Connections                                    ; 122931                 ; 0                              ;
;     -- Registered Connections                               ; 37519                  ; 0                              ;
;                                                             ;                        ;                                ;
; External Connections                                        ;                        ;                                ;
;     -- Top                                                  ; 0                      ; 0                              ;
;     -- hard_block:auto_generated_inst                       ; 0                      ; 0                              ;
;                                                             ;                        ;                                ;
; Partition Interface                                         ;                        ;                                ;
;     -- Input Ports                                          ; 5                      ; 0                              ;
;     -- Output Ports                                         ; 15                     ; 0                              ;
;     -- Bidir Ports                                          ; 0                      ; 0                              ;
;                                                             ;                        ;                                ;
; Registered Ports                                            ;                        ;                                ;
;     -- Registered Input Ports                               ; 0                      ; 0                              ;
;     -- Registered Output Ports                              ; 0                      ; 0                              ;
;                                                             ;                        ;                                ;
; Port Connectivity                                           ;                        ;                                ;
;     -- Input Ports driven by GND                            ; 0                      ; 0                              ;
;     -- Output Ports driven by GND                           ; 0                      ; 0                              ;
;     -- Input Ports driven by VCC                            ; 0                      ; 0                              ;
;     -- Output Ports driven by VCC                           ; 0                      ; 0                              ;
;     -- Input Ports with no Source                           ; 0                      ; 0                              ;
;     -- Output Ports with no Source                          ; 0                      ; 0                              ;
;     -- Input Ports with no Fanout                           ; 0                      ; 0                              ;
;     -- Output Ports with no Fanout                          ; 0                      ; 0                              ;
+-------------------------------------------------------------+------------------------+--------------------------------+


+------------------------------------------------------------------------------------------------------------------------------------------------------------------------------------------------------------------------------------------------------------------------------------------------+
; Input Pins                                                                                                                                                                                                                                                                                     ;
+-----------------+-------+----------+--------------+--------------+--------------+-----------------------+--------------------+--------+----------------+-----------------+----------+--------------+--------------+-------------+---------------------------+----------------------+-----------+
; Name            ; Pin # ; I/O Bank ; X coordinate ; Y coordinate ; Z coordinate ; Combinational Fan-Out ; Registered Fan-Out ; Global ; Input Register ; PCI I/O Enabled ; Bus Hold ; Weak Pull Up ; I/O Standard ; Termination ; Termination Control Block ; Location assigned by ; Slew Rate ;
+-----------------+-------+----------+--------------+--------------+--------------+-----------------------+--------------------+--------+----------------+-----------------+----------+--------------+--------------+-------------+---------------------------+----------------------+-----------+
; asci_or_hexa_rx ; AB30  ; 5B       ; 89           ; 21           ; 3            ; 10                    ; 0                  ; no     ; no             ; no              ; no       ; Off          ; 2.5 V        ; Off         ; --                        ; User                 ; no        ;
; asci_or_hexa_tx ; Y27   ; 5B       ; 89           ; 25           ; 20           ; 10                    ; 0                  ; no     ; no             ; no              ; no       ; Off          ; 2.5 V        ; Off         ; --                        ; User                 ; no        ;
; clk_in          ; AF14  ; 3B       ; 32           ; 0            ; 0            ; 3                     ; 0                  ; yes    ; no             ; no              ; no       ; Off          ; 2.5 V        ; Off         ; --                        ; User                 ; no        ;
; rst             ; AA30  ; 5B       ; 89           ; 21           ; 20           ; 3                     ; 0                  ; no     ; no             ; no              ; no       ; Off          ; 2.5 V        ; Off         ; --                        ; User                 ; no        ;
; rx              ; AH5   ; 3A       ; 14           ; 0            ; 51           ; 5                     ; 0                  ; no     ; no             ; no              ; no       ; Off          ; 2.5 V        ; Off         ; --                        ; User                 ; no        ;
+-----------------+-------+----------+--------------+--------------+--------------+-----------------------+--------------------+--------+----------------+-----------------+----------+--------------+--------------+-------------+---------------------------+----------------------+-----------+


+-----------------------------------------------------------------------------------------------------------------------------------------------------------------------------------------------------------------------------------------------------------------------------------------------------------------------------------------------------------------------------------------------------------------------------------------------------------------------------------------------+
; Output Pins                                                                                                                                                                                                                                                                                                                                                                                                                                                                                   ;
+----------+-------+----------+--------------+--------------+--------------+-----------------+------------------------+-----------+-----------------+------------+---------------+----------+--------------+--------------+------------------+-----------------------------------+---------------------------+----------------------------+-----------------------------+---------------------+-----------------------------+----------------------+----------------------+---------------------+
; Name     ; Pin # ; I/O Bank ; X coordinate ; Y coordinate ; Z coordinate ; Output Register ; Output Enable Register ; Slew Rate ; PCI I/O Enabled ; Open Drain ; TRI Primitive ; Bus Hold ; Weak Pull Up ; I/O Standard ; Current Strength ; Termination                       ; Termination Control Block ; Output Buffer Pre-emphasis ; Voltage Output Differential ; Output Buffer Delay ; Output Buffer Delay Control ; Location assigned by ; Output Enable Source ; Output Enable Group ;
+----------+-------+----------+--------------+--------------+--------------+-----------------+------------------------+-----------+-----------------+------------+---------------+----------+--------------+--------------+------------------+-----------------------------------+---------------------------+----------------------------+-----------------------------+---------------------+-----------------------------+----------------------+----------------------+---------------------+
; seg_a    ; W17   ; 4A       ; 60           ; 0            ; 17           ; no              ; no                     ; 1         ; no              ; no         ; no            ; no       ; Off          ; 2.5 V        ; Default          ; Series 50 Ohm without Calibration ; --                        ; no                         ; no                          ; 0                   ; Off                         ; User                 ; -                    ; -                   ;
; seg_b    ; V18   ; 4A       ; 80           ; 0            ; 0            ; no              ; no                     ; 1         ; no              ; no         ; no            ; no       ; Off          ; 2.5 V        ; Default          ; Series 50 Ohm without Calibration ; --                        ; no                         ; no                          ; 0                   ; Off                         ; User                 ; -                    ; -                   ;
; seg_c    ; AG17  ; 4A       ; 50           ; 0            ; 91           ; no              ; no                     ; 1         ; no              ; no         ; no            ; no       ; Off          ; 2.5 V        ; Default          ; Series 50 Ohm without Calibration ; --                        ; no                         ; no                          ; 0                   ; Off                         ; User                 ; -                    ; -                   ;
; seg_d    ; AG16  ; 4A       ; 50           ; 0            ; 74           ; no              ; no                     ; 1         ; no              ; no         ; no            ; no       ; Off          ; 2.5 V        ; Default          ; Series 50 Ohm without Calibration ; --                        ; no                         ; no                          ; 0                   ; Off                         ; User                 ; -                    ; -                   ;
; seg_e    ; AH17  ; 4A       ; 56           ; 0            ; 34           ; no              ; no                     ; 1         ; no              ; no         ; no            ; no       ; Off          ; 2.5 V        ; Default          ; Series 50 Ohm without Calibration ; --                        ; no                         ; no                          ; 0                   ; Off                         ; User                 ; -                    ; -                   ;
; seg_f    ; AG18  ; 4A       ; 58           ; 0            ; 74           ; no              ; no                     ; 1         ; no              ; no         ; no            ; no       ; Off          ; 2.5 V        ; Default          ; Series 50 Ohm without Calibration ; --                        ; no                         ; no                          ; 0                   ; Off                         ; User                 ; -                    ; -                   ;
; seg_g    ; AH18  ; 4A       ; 56           ; 0            ; 51           ; no              ; no                     ; 1         ; no              ; no         ; no            ; no       ; Off          ; 2.5 V        ; Default          ; Series 50 Ohm without Calibration ; --                        ; no                         ; no                          ; 0                   ; Off                         ; User                 ; -                    ; -                   ;
; tx       ; AH3   ; 3A       ; 16           ; 0            ; 51           ; no              ; no                     ; 1         ; no              ; no         ; no            ; no       ; Off          ; 2.5 V        ; Default          ; Series 50 Ohm without Calibration ; --                        ; no                         ; no                          ; 0                   ; Off                         ; User                 ; -                    ; -                   ;
; tx_seg_a ; AF16  ; 4A       ; 52           ; 0            ; 51           ; no              ; no                     ; 1         ; no              ; no         ; no            ; no       ; Off          ; 2.5 V        ; Default          ; Series 50 Ohm without Calibration ; --                        ; no                         ; no                          ; 0                   ; Off                         ; User                 ; -                    ; -                   ;
; tx_seg_b ; V16   ; 4A       ; 52           ; 0            ; 0            ; no              ; no                     ; 1         ; no              ; no         ; no            ; no       ; Off          ; 2.5 V        ; Default          ; Series 50 Ohm without Calibration ; --                        ; no                         ; no                          ; 0                   ; Off                         ; User                 ; -                    ; -                   ;
; tx_seg_c ; AE16  ; 4A       ; 52           ; 0            ; 34           ; no              ; no                     ; 1         ; no              ; no         ; no            ; no       ; Off          ; 2.5 V        ; Default          ; Series 50 Ohm without Calibration ; --                        ; no                         ; no                          ; 0                   ; Off                         ; User                 ; -                    ; -                   ;
; tx_seg_d ; AD17  ; 4A       ; 64           ; 0            ; 17           ; no              ; no                     ; 1         ; no              ; no         ; no            ; no       ; Off          ; 2.5 V        ; Default          ; Series 50 Ohm without Calibration ; --                        ; no                         ; no                          ; 0                   ; Off                         ; User                 ; -                    ; -                   ;
; tx_seg_e ; AE18  ; 4A       ; 66           ; 0            ; 40           ; no              ; no                     ; 1         ; no              ; no         ; no            ; no       ; Off          ; 2.5 V        ; Default          ; Series 50 Ohm without Calibration ; --                        ; no                         ; no                          ; 0                   ; Off                         ; User                 ; -                    ; -                   ;
; tx_seg_f ; AE17  ; 4A       ; 50           ; 0            ; 40           ; no              ; no                     ; 1         ; no              ; no         ; no            ; no       ; Off          ; 2.5 V        ; Default          ; Series 50 Ohm without Calibration ; --                        ; no                         ; no                          ; 0                   ; Off                         ; User                 ; -                    ; -                   ;
; tx_seg_g ; V17   ; 4A       ; 60           ; 0            ; 0            ; no              ; no                     ; 1         ; no              ; no         ; no            ; no       ; Off          ; 2.5 V        ; Default          ; Series 50 Ohm without Calibration ; --                        ; no                         ; no                          ; 0                   ; Off                         ; User                 ; -                    ; -                   ;
+----------+-------+----------+--------------+--------------+--------------+-----------------+------------------------+-----------+-----------------+------------+---------------+----------+--------------+--------------+------------------+-----------------------------------+---------------------------+----------------------------+-----------------------------+---------------------+-----------------------------+----------------------+----------------------+---------------------+


+----------------------------------------------------------------------------+
; I/O Bank Usage                                                             ;
+----------+------------------+---------------+--------------+---------------+
; I/O Bank ; Usage            ; VCCIO Voltage ; VREF Voltage ; VCCPD Voltage ;
+----------+------------------+---------------+--------------+---------------+
; B2L      ; 0 / 14 ( 0 % )   ; --            ; --           ; --            ;
; B1L      ; 0 / 14 ( 0 % )   ; --            ; --           ; --            ;
; B0L      ; 0 / 14 ( 0 % )   ; --            ; --           ; --            ;
; 3A       ; 2 / 32 ( 6 % )   ; 2.5V          ; --           ; 2.5V          ;
; 3B       ; 1 / 48 ( 2 % )   ; 2.5V          ; --           ; 2.5V          ;
; 4A       ; 14 / 80 ( 18 % ) ; 2.5V          ; --           ; 2.5V          ;
; 5A       ; 0 / 32 ( 0 % )   ; 2.5V          ; --           ; 2.5V          ;
; 5B       ; 3 / 16 ( 19 % )  ; 2.5V          ; --           ; 2.5V          ;
; 6B       ; 0 / 44 ( 0 % )   ; 2.5V          ; --           ; 2.5V          ;
; 6A       ; 0 / 56 ( 0 % )   ; 2.5V          ; --           ; 2.5V          ;
; 7A       ; 0 / 19 ( 0 % )   ; 2.5V          ; --           ; 2.5V          ;
; 7B       ; 0 / 22 ( 0 % )   ; 2.5V          ; --           ; 2.5V          ;
; 7C       ; 0 / 12 ( 0 % )   ; 2.5V          ; --           ; 2.5V          ;
; 7D       ; 0 / 14 ( 0 % )   ; 2.5V          ; --           ; 2.5V          ;
; 8A       ; 0 / 80 ( 0 % )   ; 2.5V          ; --           ; 2.5V          ;
+----------+------------------+---------------+--------------+---------------+


+-----------------------------------------------------------------------------------------------------------------------------------------------------------------------------------+
; All Package Pins                                                                                                                                                                  ;
+----------+------------+----------------+---------------------------------+--------+--------------+---------------------+--------------+-----------------+----------+--------------+
; Location ; Pad Number ; I/O Bank       ; Pin Name/Usage                  ; Dir.   ; I/O Standard ; Voltage             ; I/O Type     ; User Assignment ; Bus Hold ; Weak Pull Up ;
+----------+------------+----------------+---------------------------------+--------+--------------+---------------------+--------------+-----------------+----------+--------------+
; A2       ;            ;                ; GND                             ; gnd    ;              ;                     ; --           ;                 ; --       ; --           ;
; A3       ; 493        ; 8A             ; RESERVED_INPUT_WITH_WEAK_PULLUP ;        ;              ;                     ; Column I/O   ;                 ; no       ; On           ;
; A4       ; 491        ; 8A             ; RESERVED_INPUT_WITH_WEAK_PULLUP ;        ;              ;                     ; Column I/O   ;                 ; no       ; On           ;
; A5       ; 489        ; 8A             ; RESERVED_INPUT_WITH_WEAK_PULLUP ;        ;              ;                     ; Column I/O   ;                 ; no       ; On           ;
; A6       ; 487        ; 8A             ; RESERVED_INPUT_WITH_WEAK_PULLUP ;        ;              ;                     ; Column I/O   ;                 ; no       ; On           ;
; A7       ;            ; 8A             ; VCCIO8A                         ; power  ;              ; 2.5V                ; --           ;                 ; --       ; --           ;
; A8       ; 473        ; 8A             ; RESERVED_INPUT_WITH_WEAK_PULLUP ;        ;              ;                     ; Column I/O   ;                 ; no       ; On           ;
; A9       ; 471        ; 8A             ; RESERVED_INPUT_WITH_WEAK_PULLUP ;        ;              ;                     ; Column I/O   ;                 ; no       ; On           ;
; A10      ; 465        ; 8A             ; RESERVED_INPUT_WITH_WEAK_PULLUP ;        ;              ;                     ; Column I/O   ;                 ; no       ; On           ;
; A11      ; 463        ; 8A             ; RESERVED_INPUT_WITH_WEAK_PULLUP ;        ;              ;                     ; Column I/O   ;                 ; no       ; On           ;
; A12      ;            ;                ; GND                             ; gnd    ;              ;                     ; --           ;                 ; --       ; --           ;
; A13      ; 461        ; 8A             ; RESERVED_INPUT_WITH_WEAK_PULLUP ;        ;              ;                     ; Column I/O   ;                 ; no       ; On           ;
; A14      ; 455        ; 7D             ; RESERVED_INPUT_WITH_WEAK_PULLUP ;        ;              ;                     ; Column I/O   ;                 ; no       ; On           ;
; A15      ; 447        ; 7D             ; RESERVED_INPUT_WITH_WEAK_PULLUP ;        ;              ;                     ; Column I/O   ;                 ; no       ; On           ;
; A16      ; 439        ; 7C             ; RESERVED_INPUT_WITH_WEAK_PULLUP ;        ;              ;                     ; Column I/O   ;                 ; no       ; On           ;
; A17      ;            ;                ; GND                             ; gnd    ;              ;                     ; --           ;                 ; --       ; --           ;
; A18      ; 425        ; 7B             ; RESERVED_INPUT_WITH_WEAK_PULLUP ;        ;              ;                     ; Column I/O   ;                 ; no       ; On           ;
; A19      ; 423        ; 7B             ; RESERVED_INPUT_WITH_WEAK_PULLUP ;        ;              ;                     ; Column I/O   ;                 ; no       ; On           ;
; A20      ; 415        ; 7B             ; RESERVED_INPUT_WITH_WEAK_PULLUP ;        ;              ;                     ; Column I/O   ;                 ; no       ; On           ;
; A21      ; 411        ; 7B             ; RESERVED_INPUT_WITH_WEAK_PULLUP ;        ;              ;                     ; Column I/O   ;                 ; no       ; On           ;
; A22      ;            ;                ; GND                             ; gnd    ;              ;                     ; --           ;                 ; --       ; --           ;
; A23      ; 395        ; 7A             ; RESERVED_INPUT_WITH_WEAK_PULLUP ;        ;              ;                     ; Column I/O   ;                 ; no       ; On           ;
; A24      ; 391        ; 7A             ; RESERVED_INPUT_WITH_WEAK_PULLUP ;        ;              ;                     ; Column I/O   ;                 ; no       ; On           ;
; A25      ; 389        ; 7A             ; RESERVED_INPUT_WITH_WEAK_PULLUP ;        ;              ;                     ; Column I/O   ;                 ; no       ; On           ;
; A26      ; 382        ; 7A             ; ^GND                            ;        ;              ;                     ; --           ;                 ; --       ; --           ;
; A27      ;            ;                ; GND                             ; gnd    ;              ;                     ; --           ;                 ; --       ; --           ;
; A28      ; 380        ; 7A             ; ^HPS_TRST                       ;        ;              ;                     ; --           ;                 ; --       ; --           ;
; A29      ; 378        ; 7A             ; ^HPS_TMS                        ;        ;              ;                     ; --           ;                 ; --       ; --           ;
; AA1      ; 31         ; B0L            ; GND                             ;        ;              ;                     ; --           ;                 ; --       ; --           ;
; AA2      ; 30         ; B0L            ; GND                             ;        ;              ;                     ; --           ;                 ; --       ; --           ;
; AA3      ;            ;                ; GND                             ; gnd    ;              ;                     ; --           ;                 ; --       ; --           ;
; AA4      ;            ;                ; GND                             ; gnd    ;              ;                     ; --           ;                 ; --       ; --           ;
; AA5      ;            ; --             ; VCCE_GXBL                       ; power  ;              ; 1.1V                ; --           ;                 ; --       ; --           ;
; AA6      ;            ;                ; GND                             ; gnd    ;              ;                     ; --           ;                 ; --       ; --           ;
; AA7      ;            ;                ; DNU                             ;        ;              ;                     ; --           ;                 ; --       ; --           ;
; AA8      ;            ; --             ; VCCA_FPLL                       ; power  ;              ; 2.5V                ; --           ;                 ; --       ; --           ;
; AA9      ;            ;                ; GND                             ; gnd    ;              ;                     ; --           ;                 ; --       ; --           ;
; AA10     ;            ; 3A             ; VCCPD3A                         ; power  ;              ; 2.5V                ; --           ;                 ; --       ; --           ;
; AA11     ;            ;                ; GND                             ; gnd    ;              ;                     ; --           ;                 ; --       ; --           ;
; AA12     ; 74         ; 3A             ; RESERVED_INPUT_WITH_WEAK_PULLUP ;        ;              ;                     ; Column I/O   ;                 ; no       ; On           ;
; AA13     ; 90         ; 3B             ; RESERVED_INPUT_WITH_WEAK_PULLUP ;        ;              ;                     ; Column I/O   ;                 ; no       ; On           ;
; AA14     ; 122        ; 3B             ; RESERVED_INPUT_WITH_WEAK_PULLUP ;        ;              ;                     ; Column I/O   ;                 ; no       ; On           ;
; AA15     ; 120        ; 3B             ; RESERVED_INPUT_WITH_WEAK_PULLUP ;        ;              ;                     ; Column I/O   ;                 ; no       ; On           ;
; AA16     ; 146        ; 4A             ; RESERVED_INPUT_WITH_WEAK_PULLUP ;        ;              ;                     ; Column I/O   ;                 ; no       ; On           ;
; AA17     ;            ; 4A             ; VCCIO4A                         ; power  ;              ; 2.5V                ; --           ;                 ; --       ; --           ;
; AA18     ; 168        ; 4A             ; RESERVED_INPUT_WITH_WEAK_PULLUP ;        ;              ;                     ; Column I/O   ;                 ; no       ; On           ;
; AA19     ; 176        ; 4A             ; RESERVED_INPUT_WITH_WEAK_PULLUP ;        ;              ;                     ; Column I/O   ;                 ; no       ; On           ;
; AA20     ; 200        ; 4A             ; RESERVED_INPUT_WITH_WEAK_PULLUP ;        ;              ;                     ; Column I/O   ;                 ; no       ; On           ;
; AA21     ; 210        ; 4A             ; RESERVED_INPUT_WITH_WEAK_PULLUP ;        ;              ;                     ; Column I/O   ;                 ; no       ; On           ;
; AA22     ;            ;                ; GND                             ; gnd    ;              ;                     ; --           ;                 ; --       ; --           ;
; AA23     ;            ; --             ; VCCPGM                          ; power  ;              ; 1.8V/2.5V/3.0V/3.3V ; --           ;                 ; --       ; --           ;
; AA24     ; 228        ; 5A             ; RESERVED_INPUT_WITH_WEAK_PULLUP ;        ;              ;                     ; Row I/O      ;                 ; no       ; On           ;
; AA25     ; 224        ; 5A             ; RESERVED_INPUT_WITH_WEAK_PULLUP ;        ;              ;                     ; Row I/O      ;                 ; no       ; On           ;
; AA26     ; 252        ; 5B             ; RESERVED_INPUT_WITH_WEAK_PULLUP ;        ;              ;                     ; Row I/O      ;                 ; no       ; On           ;
; AA27     ;            ; 5B             ; VCCIO5B                         ; power  ;              ; 2.5V                ; --           ;                 ; --       ; --           ;
; AA28     ; 251        ; 5B             ; RESERVED_INPUT_WITH_WEAK_PULLUP ;        ;              ;                     ; Row I/O      ;                 ; no       ; On           ;
; AA29     ;            ; 5B             ; VREFB5BN0                       ; power  ;              ;                     ; --           ;                 ; --       ; --           ;
; AA30     ; 250        ; 5B             ; rst                             ; input  ; 2.5 V        ;                     ; Row I/O      ; Y               ; no       ; Off          ;
; AB1      ;            ;                ; GND                             ; gnd    ;              ;                     ; --           ;                 ; --       ; --           ;
; AB2      ;            ;                ; GND                             ; gnd    ;              ;                     ; --           ;                 ; --       ; --           ;
; AB3      ; 32         ; B0L            ; GXB_NC                          ;        ;              ;                     ; --           ;                 ; --       ; --           ;
; AB4      ; 33         ; B0L            ; GXB_NC                          ;        ;              ;                     ; --           ;                 ; --       ; --           ;
; AB5      ;            ;                ; GND                             ; gnd    ;              ;                     ; --           ;                 ; --       ; --           ;
; AB6      ;            ; --             ; VCCH_GXBL                       ; power  ;              ; 2.5V                ; --           ;                 ; --       ; --           ;
; AB7      ;            ;                ; GND                             ; gnd    ;              ;                     ; --           ;                 ; --       ; --           ;
; AB8      ; 43         ; 3A             ; ^nCSO, DATA4                    ;        ;              ;                     ; Weak Pull Up ;                 ; --       ; On           ;
; AB9      ; 42         ; 3A             ; #TDO                            ; output ;              ;                     ; --           ;                 ; --       ; --           ;
; AB10     ;            ; --             ; VCCPGM                          ; power  ;              ; 1.8V/2.5V/3.0V/3.3V ; --           ;                 ; --       ; --           ;
; AB11     ;            ; --             ; VCC_AUX                         ; power  ;              ; 2.5V                ; --           ;                 ; --       ; --           ;
; AB12     ; 72         ; 3A             ; RESERVED_INPUT_WITH_WEAK_PULLUP ;        ;              ;                     ; Column I/O   ;                 ; no       ; On           ;
; AB13     ; 88         ; 3B             ; RESERVED_INPUT_WITH_WEAK_PULLUP ;        ;              ;                     ; Column I/O   ;                 ; no       ; On           ;
; AB14     ;            ; 3B             ; VCCIO3B                         ; power  ;              ; 2.5V                ; --           ;                 ; --       ; --           ;
; AB15     ; 106        ; 3B             ; RESERVED_INPUT_WITH_WEAK_PULLUP ;        ;              ;                     ; Column I/O   ;                 ; no       ; On           ;
; AB16     ;            ; --             ; VCC_AUX                         ; power  ;              ; 2.5V                ; --           ;                 ; --       ; --           ;
; AB17     ; 144        ; 4A             ; RESERVED_INPUT_WITH_WEAK_PULLUP ;        ;              ;                     ; Column I/O   ;                 ; no       ; On           ;
; AB18     ;            ; 3B, 4A         ; VCCPD3B4A                       ; power  ;              ; 2.5V                ; --           ;                 ; --       ; --           ;
; AB19     ;            ;                ; GND                             ; gnd    ;              ;                     ; --           ;                 ; --       ; --           ;
; AB20     ;            ; 3B, 4A         ; VCCPD3B4A                       ; power  ;              ; 2.5V                ; --           ;                 ; --       ; --           ;
; AB21     ; 208        ; 4A             ; RESERVED_INPUT_WITH_WEAK_PULLUP ;        ;              ;                     ; Column I/O   ;                 ; no       ; On           ;
; AB22     ; 225        ; 5A             ; RESERVED_INPUT_WITH_WEAK_PULLUP ;        ;              ;                     ; Row I/O      ;                 ; no       ; On           ;
; AB23     ; 227        ; 5A             ; RESERVED_INPUT_WITH_WEAK_PULLUP ;        ;              ;                     ; Row I/O      ;                 ; no       ; On           ;
; AB24     ;            ; 5A             ; VCCIO5A                         ; power  ;              ; 2.5V                ; --           ;                 ; --       ; --           ;
; AB25     ; 230        ; 5A             ; RESERVED_INPUT_WITH_WEAK_PULLUP ;        ;              ;                     ; Row I/O      ;                 ; no       ; On           ;
; AB26     ; 226        ; 5A             ; RESERVED_INPUT_WITH_WEAK_PULLUP ;        ;              ;                     ; Row I/O      ;                 ; no       ; On           ;
; AB27     ; 254        ; 5B             ; RESERVED_INPUT_WITH_WEAK_PULLUP ;        ;              ;                     ; Row I/O      ;                 ; no       ; On           ;
; AB28     ; 249        ; 5B             ; RESERVED_INPUT_WITH_WEAK_PULLUP ;        ;              ;                     ; Row I/O      ;                 ; no       ; On           ;
; AB29     ;            ;                ; GND                             ; gnd    ;              ;                     ; --           ;                 ; --       ; --           ;
; AB30     ; 248        ; 5B             ; asci_or_hexa_rx                 ; input  ; 2.5 V        ;                     ; Row I/O      ; Y               ; no       ; Off          ;
; AC1      ; 35         ; B0L            ; GND                             ;        ;              ;                     ; --           ;                 ; --       ; --           ;
; AC2      ; 34         ; B0L            ; GND                             ;        ;              ;                     ; --           ;                 ; --       ; --           ;
; AC3      ;            ;                ; GND                             ; gnd    ;              ;                     ; --           ;                 ; --       ; --           ;
; AC4      ;            ;                ; GND                             ; gnd    ;              ;                     ; --           ;                 ; --       ; --           ;
; AC5      ; 46         ; 3A             ; #TCK                            ; input  ;              ;                     ; --           ;                 ; --       ; --           ;
; AC6      ;            ;                ; GND                             ; gnd    ;              ;                     ; --           ;                 ; --       ; --           ;
; AC7      ; 45         ; 3A             ; ^AS_DATA3, DATA3                ;        ;              ;                     ; Weak Pull Up ;                 ; --       ; On           ;
; AC8      ;            ;                ; GND                             ; gnd    ;              ;                     ; --           ;                 ; --       ; --           ;
; AC9      ; 58         ; 3A             ; RESERVED_INPUT_WITH_WEAK_PULLUP ;        ;              ;                     ; Column I/O   ;                 ; no       ; On           ;
; AC10     ;            ; 3A             ; VCCPD3A                         ; power  ;              ; 2.5V                ; --           ;                 ; --       ; --           ;
; AC11     ;            ; 3A             ; VCCIO3A                         ; power  ;              ; 2.5V                ; --           ;                 ; --       ; --           ;
; AC12     ; 82         ; 3A             ; RESERVED_INPUT_WITH_WEAK_PULLUP ;        ;              ;                     ; Column I/O   ;                 ; no       ; On           ;
; AC13     ;            ; 3B, 4A         ; VCCPD3B4A                       ; power  ;              ; 2.5V                ; --           ;                 ; --       ; --           ;
; AC14     ; 104        ; 3B             ; RESERVED_INPUT_WITH_WEAK_PULLUP ;        ;              ;                     ; Column I/O   ;                 ; no       ; On           ;
; AC15     ;            ; 3B, 4A         ; VCCPD3B4A                       ; power  ;              ; 2.5V                ; --           ;                 ; --       ; --           ;
; AC16     ;            ;                ; GND                             ; gnd    ;              ;                     ; --           ;                 ; --       ; --           ;
; AC17     ;            ; 3B, 4A         ; VCCPD3B4A                       ; power  ;              ; 2.5V                ; --           ;                 ; --       ; --           ;
; AC18     ; 162        ; 4A             ; RESERVED_INPUT_WITH_WEAK_PULLUP ;        ;              ;                     ; Column I/O   ;                 ; no       ; On           ;
; AC19     ;            ; 3B, 4A         ; VCCPD3B4A                       ; power  ;              ; 2.5V                ; --           ;                 ; --       ; --           ;
; AC20     ; 186        ; 4A             ; RESERVED_INPUT_WITH_WEAK_PULLUP ;        ;              ;                     ; Column I/O   ;                 ; no       ; On           ;
; AC21     ;            ; 4A             ; VCCIO4A                         ; power  ;              ; 2.5V                ; --           ;                 ; --       ; --           ;
; AC22     ; 207        ; 4A             ; RESERVED_INPUT_WITH_WEAK_PULLUP ;        ;              ;                     ; Column I/O   ;                 ; no       ; On           ;
; AC23     ; 205        ; 4A             ; RESERVED_INPUT_WITH_WEAK_PULLUP ;        ;              ;                     ; Column I/O   ;                 ; no       ; On           ;
; AC24     ;            ; 5A             ; VREFB5AN0                       ; power  ;              ;                     ; --           ;                 ; --       ; --           ;
; AC25     ; 215        ; 5A             ; RESERVED_INPUT_WITH_WEAK_PULLUP ;        ;              ;                     ; Row I/O      ;                 ; no       ; On           ;
; AC26     ;            ;                ; GND                             ; gnd    ;              ;                     ; --           ;                 ; --       ; --           ;
; AC27     ; 242        ; 5A             ; RESERVED_INPUT_WITH_WEAK_PULLUP ;        ;              ;                     ; Row I/O      ;                 ; no       ; On           ;
; AC28     ; 245        ; 5B             ; RESERVED_INPUT_WITH_WEAK_PULLUP ;        ;              ;                     ; Row I/O      ;                 ; no       ; On           ;
; AC29     ; 247        ; 5B             ; RESERVED_INPUT_WITH_WEAK_PULLUP ;        ;              ;                     ; Row I/O      ;                 ; no       ; On           ;
; AC30     ; 259        ; 5B             ; RESERVED_INPUT_WITH_WEAK_PULLUP ;        ;              ;                     ; Row I/O      ;                 ; no       ; On           ;
; AD1      ;            ;                ; GND                             ; gnd    ;              ;                     ; --           ;                 ; --       ; --           ;
; AD2      ;            ;                ; GND                             ; gnd    ;              ;                     ; --           ;                 ; --       ; --           ;
; AD3      ; 36         ; B0L            ; GXB_NC                          ;        ;              ;                     ; --           ;                 ; --       ; --           ;
; AD4      ; 37         ; B0L            ; GXB_NC                          ;        ;              ;                     ; --           ;                 ; --       ; --           ;
; AD5      ;            ;                ; GND                             ; gnd    ;              ;                     ; --           ;                 ; --       ; --           ;
; AD6      ;            ; 3A             ; VREFB3AN0                       ; power  ;              ;                     ; --           ;                 ; --       ; --           ;
; AD7      ; 62         ; 3A             ; RESERVED_INPUT_WITH_WEAK_PULLUP ;        ;              ;                     ; Column I/O   ;                 ; no       ; On           ;
; AD8      ;            ; 3A             ; VCCIO3A                         ; power  ;              ; 2.5V                ; --           ;                 ; --       ; --           ;
; AD9      ; 55         ; 3A             ; RESERVED_INPUT_WITH_WEAK_PULLUP ;        ;              ;                     ; Column I/O   ;                 ; no       ; On           ;
; AD10     ; 56         ; 3A             ; RESERVED_INPUT_WITH_WEAK_PULLUP ;        ;              ;                     ; Column I/O   ;                 ; no       ; On           ;
; AD11     ; 54         ; 3A             ; RESERVED_INPUT_WITH_WEAK_PULLUP ;        ;              ;                     ; Column I/O   ;                 ; no       ; On           ;
; AD12     ; 80         ; 3A             ; RESERVED_INPUT_WITH_WEAK_PULLUP ;        ;              ;                     ; Column I/O   ;                 ; no       ; On           ;
; AD13     ;            ; 3B             ; VCCIO3B                         ; power  ;              ; 2.5V                ; --           ;                 ; --       ; --           ;
; AD14     ; 98         ; 3B             ; RESERVED_INPUT_WITH_WEAK_PULLUP ;        ;              ;                     ; Column I/O   ;                 ; no       ; On           ;
; AD15     ;            ;                ; DNU                             ;        ;              ;                     ; --           ;                 ; --       ; --           ;
; AD16     ;            ; 3B, 4A         ; VCCPD3B4A                       ; power  ;              ; 2.5V                ; --           ;                 ; --       ; --           ;
; AD17     ; 160        ; 4A             ; tx_seg_d                        ; output ; 2.5 V        ;                     ; Column I/O   ; Y               ; no       ; Off          ;
; AD18     ;            ; 4A             ; VCCIO4A                         ; power  ;              ; 2.5V                ; --           ;                 ; --       ; --           ;
; AD19     ; 184        ; 4A             ; RESERVED_INPUT_WITH_WEAK_PULLUP ;        ;              ;                     ; Column I/O   ;                 ; no       ; On           ;
; AD20     ; 199        ; 4A             ; RESERVED_INPUT_WITH_WEAK_PULLUP ;        ;              ;                     ; Column I/O   ;                 ; no       ; On           ;
; AD21     ; 197        ; 4A             ; RESERVED_INPUT_WITH_WEAK_PULLUP ;        ;              ;                     ; Column I/O   ;                 ; no       ; On           ;
; AD22     ;            ; --             ; VCC_AUX                         ; power  ;              ; 2.5V                ; --           ;                 ; --       ; --           ;
; AD23     ;            ;                ; GND                             ; gnd    ;              ;                     ; --           ;                 ; --       ; --           ;
; AD24     ; 211        ; 4A             ; RESERVED_INPUT_WITH_WEAK_PULLUP ;        ;              ;                     ; Column I/O   ;                 ; no       ; On           ;
; AD25     ; 213        ; 5A             ; RESERVED_INPUT_WITH_WEAK_PULLUP ;        ;              ;                     ; Row I/O      ;                 ; no       ; On           ;
; AD26     ; 240        ; 5A             ; RESERVED_INPUT_WITH_WEAK_PULLUP ;        ;              ;                     ; Row I/O      ;                 ; no       ; On           ;
; AD27     ; 222        ; 5A             ; RESERVED_INPUT_WITH_WEAK_PULLUP ;        ;              ;                     ; Row I/O      ;                 ; no       ; On           ;
; AD28     ;            ; 5A             ; VCCIO5A                         ; power  ;              ; 2.5V                ; --           ;                 ; --       ; --           ;
; AD29     ; 255        ; 5B             ; RESERVED_INPUT_WITH_WEAK_PULLUP ;        ;              ;                     ; Row I/O      ;                 ; no       ; On           ;
; AD30     ; 257        ; 5B             ; RESERVED_INPUT_WITH_WEAK_PULLUP ;        ;              ;                     ; Row I/O      ;                 ; no       ; On           ;
; AE1      ; 39         ; B0L            ; GND                             ;        ;              ;                     ; --           ;                 ; --       ; --           ;
; AE2      ; 38         ; B0L            ; GND                             ;        ;              ;                     ; --           ;                 ; --       ; --           ;
; AE3      ;            ;                ; GND                             ; gnd    ;              ;                     ; --           ;                 ; --       ; --           ;
; AE4      ;            ;                ; GND                             ; gnd    ;              ;                     ; --           ;                 ; --       ; --           ;
; AE5      ; 49         ; 3A             ; ^AS_DATA1, DATA1                ;        ;              ;                     ; Weak Pull Up ;                 ; --       ; On           ;
; AE6      ; 51         ; 3A             ; ^AS_DATA0, ASDO, DATA0          ;        ;              ;                     ; Weak Pull Up ;                 ; --       ; On           ;
; AE7      ; 60         ; 3A             ; RESERVED_INPUT_WITH_WEAK_PULLUP ;        ;              ;                     ; Column I/O   ;                 ; no       ; On           ;
; AE8      ; 47         ; 3A             ; ^AS_DATA2, DATA2                ;        ;              ;                     ; Weak Pull Up ;                 ; --       ; On           ;
; AE9      ; 53         ; 3A             ; RESERVED_INPUT_WITH_WEAK_PULLUP ;        ;              ;                     ; Column I/O   ;                 ; no       ; On           ;
; AE10     ;            ;                ; GND                             ; gnd    ;              ;                     ; --           ;                 ; --       ; --           ;
; AE11     ; 59         ; 3A             ; RESERVED_INPUT_WITH_WEAK_PULLUP ;        ;              ;                     ; Column I/O   ;                 ; no       ; On           ;
; AE12     ; 52         ; 3A             ; RESERVED_INPUT_WITH_WEAK_PULLUP ;        ;              ;                     ; Column I/O   ;                 ; no       ; On           ;
; AE13     ; 95         ; 3B             ; RESERVED_INPUT_WITH_WEAK_PULLUP ;        ;              ;                     ; Column I/O   ;                 ; no       ; On           ;
; AE14     ; 96         ; 3B             ; RESERVED_INPUT_WITH_WEAK_PULLUP ;        ;              ;                     ; Column I/O   ;                 ; no       ; On           ;
; AE15     ;            ; 3B             ; VCCIO3B                         ; power  ;              ; 2.5V                ; --           ;                 ; --       ; --           ;
; AE16     ; 139        ; 4A             ; tx_seg_c                        ; output ; 2.5 V        ;                     ; Column I/O   ; Y               ; no       ; Off          ;
; AE17     ; 135        ; 4A             ; tx_seg_f                        ; output ; 2.5 V        ;                     ; Column I/O   ; Y               ; no       ; Off          ;
; AE18     ; 167        ; 4A             ; tx_seg_e                        ; output ; 2.5 V        ;                     ; Column I/O   ; Y               ; no       ; Off          ;
; AE19     ; 165        ; 4A             ; RESERVED_INPUT_WITH_WEAK_PULLUP ;        ;              ;                     ; Column I/O   ;                 ; no       ; On           ;
; AE20     ;            ;                ; GND                             ; gnd    ;              ;                     ; --           ;                 ; --       ; --           ;
; AE21     ;            ; 3B, 4A         ; VCCPD3B4A                       ; power  ;              ; 2.5V                ; --           ;                 ; --       ; --           ;
; AE22     ; 191        ; 4A             ; RESERVED_INPUT_WITH_WEAK_PULLUP ;        ;              ;                     ; Column I/O   ;                 ; no       ; On           ;
; AE23     ; 189        ; 4A             ; RESERVED_INPUT_WITH_WEAK_PULLUP ;        ;              ;                     ; Column I/O   ;                 ; no       ; On           ;
; AE24     ; 209        ; 4A             ; RESERVED_INPUT_WITH_WEAK_PULLUP ;        ;              ;                     ; Column I/O   ;                 ; no       ; On           ;
; AE25     ;            ; 4A             ; VCCIO4A                         ; power  ;              ; 2.5V                ; --           ;                 ; --       ; --           ;
; AE26     ; 220        ; 5A             ; RESERVED_INPUT_WITH_WEAK_PULLUP ;        ;              ;                     ; Row I/O      ;                 ; no       ; On           ;
; AE27     ; 229        ; 5A             ; RESERVED_INPUT_WITH_WEAK_PULLUP ;        ;              ;                     ; Row I/O      ;                 ; no       ; On           ;
; AE28     ; 231        ; 5A             ; RESERVED_INPUT_WITH_WEAK_PULLUP ;        ;              ;                     ; Row I/O      ;                 ; no       ; On           ;
; AE29     ; 253        ; 5B             ; RESERVED_INPUT_WITH_WEAK_PULLUP ;        ;              ;                     ; Row I/O      ;                 ; no       ; On           ;
; AE30     ;            ; 5B             ; VCCIO5B                         ; power  ;              ; 2.5V                ; --           ;                 ; --       ; --           ;
; AF1      ;            ;                ; GND                             ; gnd    ;              ;                     ; --           ;                 ; --       ; --           ;
; AF2      ;            ;                ; GND                             ; gnd    ;              ;                     ; --           ;                 ; --       ; --           ;
; AF3      ;            ;                ; GND                             ; gnd    ;              ;                     ; --           ;                 ; --       ; --           ;
; AF4      ; 66         ; 3A             ; RESERVED_INPUT_WITH_WEAK_PULLUP ;        ;              ;                     ; Column I/O   ;                 ; no       ; On           ;
; AF5      ; 64         ; 3A             ; RESERVED_INPUT_WITH_WEAK_PULLUP ;        ;              ;                     ; Column I/O   ;                 ; no       ; On           ;
; AF6      ; 75         ; 3A             ; RESERVED_INPUT_WITH_WEAK_PULLUP ;        ;              ;                     ; Column I/O   ;                 ; no       ; On           ;
; AF7      ;            ; 3A             ; VCCIO3A                         ; power  ;              ; 2.5V                ; --           ;                 ; --       ; --           ;
; AF8      ; 70         ; 3A             ; RESERVED_INPUT_WITH_WEAK_PULLUP ;        ;              ;                     ; Column I/O   ;                 ; no       ; On           ;
; AF9      ; 67         ; 3A             ; RESERVED_INPUT_WITH_WEAK_PULLUP ;        ;              ;                     ; Column I/O   ;                 ; no       ; On           ;
; AF10     ; 57         ; 3A             ; RESERVED_INPUT_WITH_WEAK_PULLUP ;        ;              ;                     ; Column I/O   ;                 ; no       ; On           ;
; AF11     ; 87         ; 3B             ; RESERVED_INPUT_WITH_WEAK_PULLUP ;        ;              ;                     ; Column I/O   ;                 ; no       ; On           ;
; AF12     ;            ;                ; GND                             ; gnd    ;              ;                     ; --           ;                 ; --       ; --           ;
; AF13     ; 93         ; 3B             ; RESERVED_INPUT_WITH_WEAK_PULLUP ;        ;              ;                     ; Column I/O   ;                 ; no       ; On           ;
; AF14     ; 114        ; 3B             ; clk_in                          ; input  ; 2.5 V        ;                     ; Column I/O   ; Y               ; no       ; Off          ;
; AF15     ; 112        ; 3B             ; RESERVED_INPUT_WITH_WEAK_PULLUP ;        ;              ;                     ; Column I/O   ;                 ; no       ; On           ;
; AF16     ; 137        ; 4A             ; tx_seg_a                        ; output ; 2.5 V        ;                     ; Column I/O   ; Y               ; no       ; Off          ;
; AF17     ;            ;                ; GND                             ; gnd    ;              ;                     ; --           ;                 ; --       ; --           ;
; AF18     ; 133        ; 4A             ; RESERVED_INPUT_WITH_WEAK_PULLUP ;        ;              ;                     ; Column I/O   ;                 ; no       ; On           ;
; AF19     ; 159        ; 4A             ; RESERVED_INPUT_WITH_WEAK_PULLUP ;        ;              ;                     ; Column I/O   ;                 ; no       ; On           ;
; AF20     ; 175        ; 4A             ; RESERVED_INPUT_WITH_WEAK_PULLUP ;        ;              ;                     ; Column I/O   ;                 ; no       ; On           ;
; AF21     ; 173        ; 4A             ; RESERVED_INPUT_WITH_WEAK_PULLUP ;        ;              ;                     ; Column I/O   ;                 ; no       ; On           ;
; AF22     ;            ; 4A             ; VCCIO4A                         ; power  ;              ; 2.5V                ; --           ;                 ; --       ; --           ;
; AF23     ; 183        ; 4A             ; RESERVED_INPUT_WITH_WEAK_PULLUP ;        ;              ;                     ; Column I/O   ;                 ; no       ; On           ;
; AF24     ; 181        ; 4A             ; RESERVED_INPUT_WITH_WEAK_PULLUP ;        ;              ;                     ; Column I/O   ;                 ; no       ; On           ;
; AF25     ; 206        ; 4A             ; RESERVED_INPUT_WITH_WEAK_PULLUP ;        ;              ;                     ; Column I/O   ;                 ; no       ; On           ;
; AF26     ; 204        ; 4A             ; RESERVED_INPUT_WITH_WEAK_PULLUP ;        ;              ;                     ; Column I/O   ;                 ; no       ; On           ;
; AF27     ;            ;                ; GND                             ; gnd    ;              ;                     ; --           ;                 ; --       ; --           ;
; AF28     ; 235        ; 5A             ; RESERVED_INPUT_WITH_WEAK_PULLUP ;        ;              ;                     ; Row I/O      ;                 ; no       ; On           ;
; AF29     ; 237        ; 5A             ; RESERVED_INPUT_WITH_WEAK_PULLUP ;        ;              ;                     ; Row I/O      ;                 ; no       ; On           ;
; AF30     ; 239        ; 5A             ; RESERVED_INPUT_WITH_WEAK_PULLUP ;        ;              ;                     ; Row I/O      ;                 ; no       ; On           ;
; AG1      ; 71         ; 3A             ; RESERVED_INPUT_WITH_WEAK_PULLUP ;        ;              ;                     ; Column I/O   ;                 ; no       ; On           ;
; AG2      ; 83         ; 3A             ; RESERVED_INPUT_WITH_WEAK_PULLUP ;        ;              ;                     ; Column I/O   ;                 ; no       ; On           ;
; AG3      ; 63         ; 3A             ; RESERVED_INPUT_WITH_WEAK_PULLUP ;        ;              ;                     ; Column I/O   ;                 ; no       ; On           ;
; AG4      ;            ; 3A             ; VCCIO3A                         ; power  ;              ; 2.5V                ; --           ;                 ; --       ; --           ;
; AG5      ; 78         ; 3A             ; RESERVED_INPUT_WITH_WEAK_PULLUP ;        ;              ;                     ; Column I/O   ;                 ; no       ; On           ;
; AG6      ; 73         ; 3A             ; RESERVED_INPUT_WITH_WEAK_PULLUP ;        ;              ;                     ; Column I/O   ;                 ; no       ; On           ;
; AG7      ; 68         ; 3A             ; RESERVED_INPUT_WITH_WEAK_PULLUP ;        ;              ;                     ; Column I/O   ;                 ; no       ; On           ;
; AG8      ; 65         ; 3A             ; RESERVED_INPUT_WITH_WEAK_PULLUP ;        ;              ;                     ; Column I/O   ;                 ; no       ; On           ;
; AG9      ;            ;                ; GND                             ; gnd    ;              ;                     ; --           ;                 ; --       ; --           ;
; AG10     ; 86         ; 3B             ; RESERVED_INPUT_WITH_WEAK_PULLUP ;        ;              ;                     ; Column I/O   ;                 ; no       ; On           ;
; AG11     ; 85         ; 3B             ; RESERVED_INPUT_WITH_WEAK_PULLUP ;        ;              ;                     ; Column I/O   ;                 ; no       ; On           ;
; AG12     ; 103        ; 3B             ; RESERVED_INPUT_WITH_WEAK_PULLUP ;        ;              ;                     ; Column I/O   ;                 ; no       ; On           ;
; AG13     ; 101        ; 3B             ; RESERVED_INPUT_WITH_WEAK_PULLUP ;        ;              ;                     ; Column I/O   ;                 ; no       ; On           ;
; AG14     ;            ;                ; GND                             ; gnd    ;              ;                     ; --           ;                 ; --       ; --           ;
; AG15     ; 127        ; 3B             ; RESERVED_INPUT_WITH_WEAK_PULLUP ;        ;              ;                     ; Column I/O   ;                 ; no       ; On           ;
; AG16     ; 134        ; 4A             ; seg_d                           ; output ; 2.5 V        ;                     ; Column I/O   ; Y               ; no       ; Off          ;
; AG17     ; 132        ; 4A             ; seg_c                           ; output ; 2.5 V        ;                     ; Column I/O   ; Y               ; no       ; Off          ;
; AG18     ; 150        ; 4A             ; seg_f                           ; output ; 2.5 V        ;                     ; Column I/O   ; Y               ; no       ; Off          ;
; AG19     ;            ; 4A             ; VCCIO4A                         ; power  ;              ; 2.5V                ; --           ;                 ; --       ; --           ;
; AG20     ; 157        ; 4A             ; RESERVED_INPUT_WITH_WEAK_PULLUP ;        ;              ;                     ; Column I/O   ;                 ; no       ; On           ;
; AG21     ; 143        ; 4A             ; RESERVED_INPUT_WITH_WEAK_PULLUP ;        ;              ;                     ; Column I/O   ;                 ; no       ; On           ;
; AG22     ; 166        ; 4A             ; RESERVED_INPUT_WITH_WEAK_PULLUP ;        ;              ;                     ; Column I/O   ;                 ; no       ; On           ;
; AG23     ; 163        ; 4A             ; RESERVED_INPUT_WITH_WEAK_PULLUP ;        ;              ;                     ; Column I/O   ;                 ; no       ; On           ;
; AG24     ;            ;                ; GND                             ; gnd    ;              ;                     ; --           ;                 ; --       ; --           ;
; AG25     ; 190        ; 4A             ; RESERVED_INPUT_WITH_WEAK_PULLUP ;        ;              ;                     ; Column I/O   ;                 ; no       ; On           ;
; AG26     ; 203        ; 4A             ; RESERVED_INPUT_WITH_WEAK_PULLUP ;        ;              ;                     ; Column I/O   ;                 ; no       ; On           ;
; AG27     ; 212        ; 5A             ; RESERVED_INPUT_WITH_WEAK_PULLUP ;        ;              ;                     ; Row I/O      ;                 ; no       ; On           ;
; AG28     ; 233        ; 5A             ; RESERVED_INPUT_WITH_WEAK_PULLUP ;        ;              ;                     ; Row I/O      ;                 ; no       ; On           ;
; AG29     ;            ; 5A             ; VCCIO5A                         ; power  ;              ; 2.5V                ; --           ;                 ; --       ; --           ;
; AG30     ; 243        ; 5A             ; RESERVED_INPUT_WITH_WEAK_PULLUP ;        ;              ;                     ; Row I/O      ;                 ; no       ; On           ;
; AH1      ;            ;                ; GND                             ; gnd    ;              ;                     ; --           ;                 ; --       ; --           ;
; AH2      ; 69         ; 3A             ; RESERVED_INPUT_WITH_WEAK_PULLUP ;        ;              ;                     ; Column I/O   ;                 ; no       ; On           ;
; AH3      ; 81         ; 3A             ; tx                              ; output ; 2.5 V        ;                     ; Column I/O   ; Y               ; no       ; Off          ;
; AH4      ; 61         ; 3A             ; RESERVED_INPUT_WITH_WEAK_PULLUP ;        ;              ;                     ; Column I/O   ;                 ; no       ; On           ;
; AH5      ; 76         ; 3A             ; rx                              ; input  ; 2.5 V        ;                     ; Column I/O   ; Y               ; no       ; Off          ;
; AH6      ;            ;                ; GND                             ; gnd    ;              ;                     ; --           ;                 ; --       ; --           ;
; AH7      ; 115        ; 3B             ; RESERVED_INPUT_WITH_WEAK_PULLUP ;        ;              ;                     ; Column I/O   ;                 ; no       ; On           ;
; AH8      ; 113        ; 3B             ; RESERVED_INPUT_WITH_WEAK_PULLUP ;        ;              ;                     ; Column I/O   ;                 ; no       ; On           ;
; AH9      ; 84         ; 3B             ; RESERVED_INPUT_WITH_WEAK_PULLUP ;        ;              ;                     ; Column I/O   ;                 ; no       ; On           ;
; AH10     ; 118        ; 3B             ; RESERVED_INPUT_WITH_WEAK_PULLUP ;        ;              ;                     ; Column I/O   ;                 ; no       ; On           ;
; AH11     ;            ;                ; GND                             ; gnd    ;              ;                     ; --           ;                 ; --       ; --           ;
; AH12     ; 126        ; 3B             ; RESERVED_INPUT_WITH_WEAK_PULLUP ;        ;              ;                     ; Column I/O   ;                 ; no       ; On           ;
; AH13     ; 111        ; 3B             ; RESERVED_INPUT_WITH_WEAK_PULLUP ;        ;              ;                     ; Column I/O   ;                 ; no       ; On           ;
; AH14     ; 109        ; 3B             ; RESERVED_INPUT_WITH_WEAK_PULLUP ;        ;              ;                     ; Column I/O   ;                 ; no       ; On           ;
; AH15     ; 125        ; 3B             ; RESERVED_INPUT_WITH_WEAK_PULLUP ;        ;              ;                     ; Column I/O   ;                 ; no       ; On           ;
; AH16     ;            ; 4A             ; VCCIO4A                         ; power  ;              ; 2.5V                ; --           ;                 ; --       ; --           ;
; AH17     ; 147        ; 4A             ; seg_e                           ; output ; 2.5 V        ;                     ; Column I/O   ; Y               ; no       ; Off          ;
; AH18     ; 145        ; 4A             ; seg_g                           ; output ; 2.5 V        ;                     ; Column I/O   ; Y               ; no       ; Off          ;
; AH19     ; 148        ; 4A             ; RESERVED_INPUT_WITH_WEAK_PULLUP ;        ;              ;                     ; Column I/O   ;                 ; no       ; On           ;
; AH20     ; 141        ; 4A             ; RESERVED_INPUT_WITH_WEAK_PULLUP ;        ;              ;                     ; Column I/O   ;                 ; no       ; On           ;
; AH21     ;            ;                ; GND                             ; gnd    ;              ;                     ; --           ;                 ; --       ; --           ;
; AH22     ; 164        ; 4A             ; RESERVED_INPUT_WITH_WEAK_PULLUP ;        ;              ;                     ; Column I/O   ;                 ; no       ; On           ;
; AH23     ; 174        ; 4A             ; RESERVED_INPUT_WITH_WEAK_PULLUP ;        ;              ;                     ; Column I/O   ;                 ; no       ; On           ;
; AH24     ; 161        ; 4A             ; RESERVED_INPUT_WITH_WEAK_PULLUP ;        ;              ;                     ; Column I/O   ;                 ; no       ; On           ;
; AH25     ; 188        ; 4A             ; RESERVED_INPUT_WITH_WEAK_PULLUP ;        ;              ;                     ; Column I/O   ;                 ; no       ; On           ;
; AH26     ;            ; 4A             ; VCCIO4A                         ; power  ;              ; 2.5V                ; --           ;                 ; --       ; --           ;
; AH27     ; 201        ; 4A             ; RESERVED_INPUT_WITH_WEAK_PULLUP ;        ;              ;                     ; Column I/O   ;                 ; no       ; On           ;
; AH28     ; 214        ; 5A             ; RESERVED_INPUT_WITH_WEAK_PULLUP ;        ;              ;                     ; Row I/O      ;                 ; no       ; On           ;
; AH29     ; 218        ; 5A             ; RESERVED_INPUT_WITH_WEAK_PULLUP ;        ;              ;                     ; Row I/O      ;                 ; no       ; On           ;
; AH30     ; 241        ; 5A             ; RESERVED_INPUT_WITH_WEAK_PULLUP ;        ;              ;                     ; Row I/O      ;                 ; no       ; On           ;
; AJ1      ; 79         ; 3A             ; RESERVED_INPUT_WITH_WEAK_PULLUP ;        ;              ;                     ; Column I/O   ;                 ; no       ; On           ;
; AJ2      ; 77         ; 3A             ; RESERVED_INPUT_WITH_WEAK_PULLUP ;        ;              ;                     ; Column I/O   ;                 ; no       ; On           ;
; AJ3      ;            ;                ; GND                             ; gnd    ;              ;                     ; --           ;                 ; --       ; --           ;
; AJ4      ; 94         ; 3B             ; RESERVED_INPUT_WITH_WEAK_PULLUP ;        ;              ;                     ; Column I/O   ;                 ; no       ; On           ;
; AJ5      ; 99         ; 3B             ; RESERVED_INPUT_WITH_WEAK_PULLUP ;        ;              ;                     ; Column I/O   ;                 ; no       ; On           ;
; AJ6      ; 102        ; 3B             ; RESERVED_INPUT_WITH_WEAK_PULLUP ;        ;              ;                     ; Column I/O   ;                 ; no       ; On           ;
; AJ7      ; 100        ; 3B             ; RESERVED_INPUT_WITH_WEAK_PULLUP ;        ;              ;                     ; Column I/O   ;                 ; no       ; On           ;
; AJ8      ;            ; 3B             ; VCCIO3B                         ; power  ;              ; 2.5V                ; --           ;                 ; --       ; --           ;
; AJ9      ; 110        ; 3B             ; RESERVED_INPUT_WITH_WEAK_PULLUP ;        ;              ;                     ; Column I/O   ;                 ; no       ; On           ;
; AJ10     ; 116        ; 3B             ; RESERVED_INPUT_WITH_WEAK_PULLUP ;        ;              ;                     ; Column I/O   ;                 ; no       ; On           ;
; AJ11     ; 119        ; 3B             ; RESERVED_INPUT_WITH_WEAK_PULLUP ;        ;              ;                     ; Column I/O   ;                 ; no       ; On           ;
; AJ12     ; 124        ; 3B             ; RESERVED_INPUT_WITH_WEAK_PULLUP ;        ;              ;                     ; Column I/O   ;                 ; no       ; On           ;
; AJ13     ;            ; 3B             ; VCCIO3B                         ; power  ;              ; 2.5V                ; --           ;                 ; --       ; --           ;
; AJ14     ; 131        ; 3B             ; RESERVED_INPUT_WITH_WEAK_PULLUP ;        ;              ;                     ; Column I/O   ;                 ; no       ; On           ;
; AJ15     ;            ; 3B             ; VREFB3BN0                       ; power  ;              ;                     ; --           ;                 ; --       ; --           ;
; AJ16     ; 142        ; 4A             ; RESERVED_INPUT_WITH_WEAK_PULLUP ;        ;              ;                     ; Column I/O   ;                 ; no       ; On           ;
; AJ17     ; 151        ; 4A             ; RESERVED_INPUT_WITH_WEAK_PULLUP ;        ;              ;                     ; Column I/O   ;                 ; no       ; On           ;
; AJ18     ;            ;                ; GND                             ; gnd    ;              ;                     ; --           ;                 ; --       ; --           ;
; AJ19     ; 155        ; 4A             ; RESERVED_INPUT_WITH_WEAK_PULLUP ;        ;              ;                     ; Column I/O   ;                 ; no       ; On           ;
; AJ20     ; 158        ; 4A             ; RESERVED_INPUT_WITH_WEAK_PULLUP ;        ;              ;                     ; Column I/O   ;                 ; no       ; On           ;
; AJ21     ; 156        ; 4A             ; RESERVED_INPUT_WITH_WEAK_PULLUP ;        ;              ;                     ; Column I/O   ;                 ; no       ; On           ;
; AJ22     ; 172        ; 4A             ; RESERVED_INPUT_WITH_WEAK_PULLUP ;        ;              ;                     ; Column I/O   ;                 ; no       ; On           ;
; AJ23     ;            ; 4A             ; VCCIO4A                         ; power  ;              ; 2.5V                ; --           ;                 ; --       ; --           ;
; AJ24     ; 182        ; 4A             ; RESERVED_INPUT_WITH_WEAK_PULLUP ;        ;              ;                     ; Column I/O   ;                 ; no       ; On           ;
; AJ25     ; 180        ; 4A             ; RESERVED_INPUT_WITH_WEAK_PULLUP ;        ;              ;                     ; Column I/O   ;                 ; no       ; On           ;
; AJ26     ; 187        ; 4A             ; RESERVED_INPUT_WITH_WEAK_PULLUP ;        ;              ;                     ; Column I/O   ;                 ; no       ; On           ;
; AJ27     ; 195        ; 4A             ; RESERVED_INPUT_WITH_WEAK_PULLUP ;        ;              ;                     ; Column I/O   ;                 ; no       ; On           ;
; AJ28     ;            ;                ; GND                             ; gnd    ;              ;                     ; --           ;                 ; --       ; --           ;
; AJ29     ; 216        ; 5A             ; RESERVED_INPUT_WITH_WEAK_PULLUP ;        ;              ;                     ; Row I/O      ;                 ; no       ; On           ;
; AJ30     ;            ;                ; GND                             ; gnd    ;              ;                     ; --           ;                 ; --       ; --           ;
; AK2      ; 91         ; 3B             ; RESERVED_INPUT_WITH_WEAK_PULLUP ;        ;              ;                     ; Column I/O   ;                 ; no       ; On           ;
; AK3      ; 89         ; 3B             ; RESERVED_INPUT_WITH_WEAK_PULLUP ;        ;              ;                     ; Column I/O   ;                 ; no       ; On           ;
; AK4      ; 92         ; 3B             ; RESERVED_INPUT_WITH_WEAK_PULLUP ;        ;              ;                     ; Column I/O   ;                 ; no       ; On           ;
; AK5      ;            ;                ; GND                             ; gnd    ;              ;                     ; --           ;                 ; --       ; --           ;
; AK6      ; 97         ; 3B             ; RESERVED_INPUT_WITH_WEAK_PULLUP ;        ;              ;                     ; Column I/O   ;                 ; no       ; On           ;
; AK7      ; 107        ; 3B             ; RESERVED_INPUT_WITH_WEAK_PULLUP ;        ;              ;                     ; Column I/O   ;                 ; no       ; On           ;
; AK8      ; 105        ; 3B             ; RESERVED_INPUT_WITH_WEAK_PULLUP ;        ;              ;                     ; Column I/O   ;                 ; no       ; On           ;
; AK9      ; 108        ; 3B             ; RESERVED_INPUT_WITH_WEAK_PULLUP ;        ;              ;                     ; Column I/O   ;                 ; no       ; On           ;
; AK10     ;            ; 3B             ; VCCIO3B                         ; power  ;              ; 2.5V                ; --           ;                 ; --       ; --           ;
; AK11     ; 117        ; 3B             ; RESERVED_INPUT_WITH_WEAK_PULLUP ;        ;              ;                     ; Column I/O   ;                 ; no       ; On           ;
; AK12     ; 123        ; 3B             ; RESERVED_INPUT_WITH_WEAK_PULLUP ;        ;              ;                     ; Column I/O   ;                 ; no       ; On           ;
; AK13     ; 121        ; 3B             ; RESERVED_INPUT_WITH_WEAK_PULLUP ;        ;              ;                     ; Column I/O   ;                 ; no       ; On           ;
; AK14     ; 129        ; 3B             ; RESERVED_INPUT_WITH_WEAK_PULLUP ;        ;              ;                     ; Column I/O   ;                 ; no       ; On           ;
; AK15     ;            ;                ; GND                             ; gnd    ;              ;                     ; --           ;                 ; --       ; --           ;
; AK16     ; 140        ; 4A             ; RESERVED_INPUT_WITH_WEAK_PULLUP ;        ;              ;                     ; Column I/O   ;                 ; no       ; On           ;
; AK17     ;            ; 4A             ; VREFB4AN0                       ; power  ;              ;                     ; --           ;                 ; --       ; --           ;
; AK18     ; 149        ; 4A             ; RESERVED_INPUT_WITH_WEAK_PULLUP ;        ;              ;                     ; Column I/O   ;                 ; no       ; On           ;
; AK19     ; 153        ; 4A             ; RESERVED_INPUT_WITH_WEAK_PULLUP ;        ;              ;                     ; Column I/O   ;                 ; no       ; On           ;
; AK20     ;            ; 4A             ; VCCIO4A                         ; power  ;              ; 2.5V                ; --           ;                 ; --       ; --           ;
; AK21     ; 171        ; 4A             ; RESERVED_INPUT_WITH_WEAK_PULLUP ;        ;              ;                     ; Column I/O   ;                 ; no       ; On           ;
; AK22     ; 169        ; 4A             ; RESERVED_INPUT_WITH_WEAK_PULLUP ;        ;              ;                     ; Column I/O   ;                 ; no       ; On           ;
; AK23     ; 179        ; 4A             ; RESERVED_INPUT_WITH_WEAK_PULLUP ;        ;              ;                     ; Column I/O   ;                 ; no       ; On           ;
; AK24     ; 177        ; 4A             ; RESERVED_INPUT_WITH_WEAK_PULLUP ;        ;              ;                     ; Column I/O   ;                 ; no       ; On           ;
; AK25     ;            ;                ; GND                             ; gnd    ;              ;                     ; --           ;                 ; --       ; --           ;
; AK26     ; 185        ; 4A             ; RESERVED_INPUT_WITH_WEAK_PULLUP ;        ;              ;                     ; Column I/O   ;                 ; no       ; On           ;
; AK27     ; 193        ; 4A             ; RESERVED_INPUT_WITH_WEAK_PULLUP ;        ;              ;                     ; Column I/O   ;                 ; no       ; On           ;
; AK28     ; 198        ; 4A             ; RESERVED_INPUT_WITH_WEAK_PULLUP ;        ;              ;                     ; Column I/O   ;                 ; no       ; On           ;
; AK29     ; 196        ; 4A             ; RESERVED_INPUT_WITH_WEAK_PULLUP ;        ;              ;                     ; Column I/O   ;                 ; no       ; On           ;
; B1       ; 509        ; 8A             ; RESERVED_INPUT_WITH_WEAK_PULLUP ;        ;              ;                     ; Column I/O   ;                 ; no       ; On           ;
; B2       ; 507        ; 8A             ; RESERVED_INPUT_WITH_WEAK_PULLUP ;        ;              ;                     ; Column I/O   ;                 ; no       ; On           ;
; B3       ; 513        ; 8A             ; RESERVED_INPUT_WITH_WEAK_PULLUP ;        ;              ;                     ; Column I/O   ;                 ; no       ; On           ;
; B4       ;            ; 8A             ; VCCIO8A                         ; power  ;              ; 2.5V                ; --           ;                 ; --       ; --           ;
; B5       ; 512        ; 8A             ; RESERVED_INPUT_WITH_WEAK_PULLUP ;        ;              ;                     ; Column I/O   ;                 ; no       ; On           ;
; B6       ; 510        ; 8A             ; RESERVED_INPUT_WITH_WEAK_PULLUP ;        ;              ;                     ; Column I/O   ;                 ; no       ; On           ;
; B7       ; 477        ; 8A             ; RESERVED_INPUT_WITH_WEAK_PULLUP ;        ;              ;                     ; Column I/O   ;                 ; no       ; On           ;
; B8       ; 481        ; 8A             ; RESERVED_INPUT_WITH_WEAK_PULLUP ;        ;              ;                     ; Column I/O   ;                 ; no       ; On           ;
; B9       ;            ;                ; GND                             ; gnd    ;              ;                     ; --           ;                 ; --       ; --           ;
; B10      ;            ; 8A             ; VREFB8AN0                       ; power  ;              ;                     ; --           ;                 ; --       ; --           ;
; B11      ; 469        ; 8A             ; RESERVED_INPUT_WITH_WEAK_PULLUP ;        ;              ;                     ; Column I/O   ;                 ; no       ; On           ;
; B12      ; 464        ; 8A             ; RESERVED_INPUT_WITH_WEAK_PULLUP ;        ;              ;                     ; Column I/O   ;                 ; no       ; On           ;
; B13      ; 459        ; 8A             ; RESERVED_INPUT_WITH_WEAK_PULLUP ;        ;              ;                     ; Column I/O   ;                 ; no       ; On           ;
; B14      ;            ;                ; GND                             ; gnd    ;              ;                     ; --           ;                 ; --       ; --           ;
; B15      ; 451        ; 7D             ; RESERVED_INPUT_WITH_WEAK_PULLUP ;        ;              ;                     ; Column I/O   ;                 ; no       ; On           ;
; B16      ; 441        ; 7C             ; RESERVED_INPUT_WITH_WEAK_PULLUP ;        ;              ;                     ; Column I/O   ;                 ; no       ; On           ;
; B17      ; 431        ; 7C             ; RESERVED_INPUT_WITH_WEAK_PULLUP ;        ;              ;                     ; Column I/O   ;                 ; no       ; On           ;
; B18      ; 418        ; 7B             ; RESERVED_INPUT_WITH_WEAK_PULLUP ;        ;              ;                     ; Column I/O   ;                 ; no       ; On           ;
; B19      ;            ;                ; GND                             ; gnd    ;              ;                     ; --           ;                 ; --       ; --           ;
; B20      ; 417        ; 7B             ; RESERVED_INPUT_WITH_WEAK_PULLUP ;        ;              ;                     ; Column I/O   ;                 ; no       ; On           ;
; B21      ; 413        ; 7B             ; RESERVED_INPUT_WITH_WEAK_PULLUP ;        ;              ;                     ; Column I/O   ;                 ; no       ; On           ;
; B22      ; 399        ; 7A             ; RESERVED_INPUT_WITH_WEAK_PULLUP ;        ;              ;                     ; Column I/O   ;                 ; no       ; On           ;
; B23      ; 397        ; 7A             ; RESERVED_INPUT_WITH_WEAK_PULLUP ;        ;              ;                     ; Column I/O   ;                 ; no       ; On           ;
; B24      ;            ;                ; GND                             ; gnd    ;              ;                     ; --           ;                 ; --       ; --           ;
; B25      ; 387        ; 7A             ; RESERVED_INPUT_WITH_WEAK_PULLUP ;        ;              ;                     ; Column I/O   ;                 ; no       ; On           ;
; B26      ; 386        ; 7A             ; RESERVED_INPUT_WITH_WEAK_PULLUP ;        ;              ;                     ; Column I/O   ;                 ; no       ; On           ;
; B27      ; 381        ; 7A             ; ^HPS_TDI                        ;        ;              ;                     ; --           ;                 ; --       ; --           ;
; B28      ; 376        ; 7A             ; ^HPS_TDO                        ;        ;              ;                     ; --           ;                 ; --       ; --           ;
; B29      ;            ;                ; GND                             ; gnd    ;              ;                     ; --           ;                 ; --       ; --           ;
; B30      ; 365        ; 6A             ; RESERVED_INPUT_WITH_WEAK_PULLUP ;        ;              ;                     ; Row I/O      ;                 ; no       ; On           ;
; C1       ;            ;                ; GND                             ; gnd    ;              ;                     ; --           ;                 ; --       ; --           ;
; C2       ; 517        ; 8A             ; RESERVED_INPUT_WITH_WEAK_PULLUP ;        ;              ;                     ; Column I/O   ;                 ; no       ; On           ;
; C3       ; 511        ; 8A             ; RESERVED_INPUT_WITH_WEAK_PULLUP ;        ;              ;                     ; Column I/O   ;                 ; no       ; On           ;
; C4       ; 501        ; 8A             ; RESERVED_INPUT_WITH_WEAK_PULLUP ;        ;              ;                     ; Column I/O   ;                 ; no       ; On           ;
; C5       ; 497        ; 8A             ; RESERVED_INPUT_WITH_WEAK_PULLUP ;        ;              ;                     ; Column I/O   ;                 ; no       ; On           ;
; C6       ;            ;                ; GND                             ; gnd    ;              ;                     ; --           ;                 ; --       ; --           ;
; C7       ; 475        ; 8A             ; RESERVED_INPUT_WITH_WEAK_PULLUP ;        ;              ;                     ; Column I/O   ;                 ; no       ; On           ;
; C8       ; 479        ; 8A             ; RESERVED_INPUT_WITH_WEAK_PULLUP ;        ;              ;                     ; Column I/O   ;                 ; no       ; On           ;
; C9       ; 485        ; 8A             ; RESERVED_INPUT_WITH_WEAK_PULLUP ;        ;              ;                     ; Column I/O   ;                 ; no       ; On           ;
; C10      ; 483        ; 8A             ; RESERVED_INPUT_WITH_WEAK_PULLUP ;        ;              ;                     ; Column I/O   ;                 ; no       ; On           ;
; C11      ;            ; 8A             ; VCCIO8A                         ; power  ;              ; 2.5V                ; --           ;                 ; --       ; --           ;
; C12      ; 467        ; 8A             ; RESERVED_INPUT_WITH_WEAK_PULLUP ;        ;              ;                     ; Column I/O   ;                 ; no       ; On           ;
; C13      ; 462        ; 8A             ; RESERVED_INPUT_WITH_WEAK_PULLUP ;        ;              ;                     ; Column I/O   ;                 ; no       ; On           ;
; C14      ; 448        ; 7D             ; RESERVED_INPUT_WITH_WEAK_PULLUP ;        ;              ;                     ; Column I/O   ;                 ; no       ; On           ;
; C15      ; 453        ; 7D             ; RESERVED_INPUT_WITH_WEAK_PULLUP ;        ;              ;                     ; Column I/O   ;                 ; no       ; On           ;
; C16      ;            ;                ; GND                             ; gnd    ;              ;                     ; --           ;                 ; --       ; --           ;
; C17      ; 433        ; 7C             ; RESERVED_INPUT_WITH_WEAK_PULLUP ;        ;              ;                     ; Column I/O   ;                 ; no       ; On           ;
; C18      ; 435        ; 7C             ; RESERVED_INPUT_WITH_WEAK_PULLUP ;        ;              ;                     ; Column I/O   ;                 ; no       ; On           ;
; C19      ; 427        ; 7B             ; RESERVED_INPUT_WITH_WEAK_PULLUP ;        ;              ;                     ; Column I/O   ;                 ; no       ; On           ;
; C20      ; 421        ; 7B             ; RESERVED_INPUT_WITH_WEAK_PULLUP ;        ;              ;                     ; Column I/O   ;                 ; no       ; On           ;
; C21      ;            ;                ; GND                             ; gnd    ;              ;                     ; --           ;                 ; --       ; --           ;
; C22      ; 396        ; 7A             ; RESERVED_INPUT_WITH_WEAK_PULLUP ;        ;              ;                     ; Column I/O   ;                 ; no       ; On           ;
; C23      ; 401        ; 7A             ; RESERVED_INPUT_WITH_WEAK_PULLUP ;        ;              ;                     ; Column I/O   ;                 ; no       ; On           ;
; C24      ; 393        ; 7A             ; RESERVED_INPUT_WITH_WEAK_PULLUP ;        ;              ;                     ; Column I/O   ;                 ; no       ; On           ;
; C25      ; 388        ; 7A             ; RESERVED_INPUT_WITH_WEAK_PULLUP ;        ;              ;                     ; Column I/O   ;                 ; no       ; On           ;
; C26      ;            ;                ; GND                             ; gnd    ;              ;                     ; --           ;                 ; --       ; --           ;
; C27      ; 374        ; 7A             ; ^HPS_nRST                       ;        ;              ;                     ; --           ;                 ; --       ; --           ;
; C28      ; 369        ; 6A             ; RESERVED_INPUT_WITH_WEAK_PULLUP ;        ;              ;                     ; Row I/O      ;                 ; no       ; On           ;
; C29      ; 367        ; 6A             ; RESERVED_INPUT_WITH_WEAK_PULLUP ;        ;              ;                     ; Row I/O      ;                 ; no       ; On           ;
; C30      ; 363        ; 6A             ; RESERVED_INPUT_WITH_WEAK_PULLUP ;        ;              ;                     ; Row I/O      ;                 ; no       ; On           ;
; D1       ; 529        ; 8A             ; RESERVED_INPUT_WITH_WEAK_PULLUP ;        ;              ;                     ; Column I/O   ;                 ; no       ; On           ;
; D2       ; 515        ; 8A             ; RESERVED_INPUT_WITH_WEAK_PULLUP ;        ;              ;                     ; Column I/O   ;                 ; no       ; On           ;
; D3       ;            ;                ; GND                             ; gnd    ;              ;                     ; --           ;                 ; --       ; --           ;
; D4       ; 521        ; 8A             ; RESERVED_INPUT_WITH_WEAK_PULLUP ;        ;              ;                     ; Column I/O   ;                 ; no       ; On           ;
; D5       ; 499        ; 8A             ; RESERVED_INPUT_WITH_WEAK_PULLUP ;        ;              ;                     ; Column I/O   ;                 ; no       ; On           ;
; D6       ; 495        ; 8A             ; RESERVED_INPUT_WITH_WEAK_PULLUP ;        ;              ;                     ; Column I/O   ;                 ; no       ; On           ;
; D7       ; 505        ; 8A             ; RESERVED_INPUT_WITH_WEAK_PULLUP ;        ;              ;                     ; Column I/O   ;                 ; no       ; On           ;
; D8       ;            ; 8A             ; VCCIO8A                         ; power  ;              ; 2.5V                ; --           ;                 ; --       ; --           ;
; D9       ; 480        ; 8A             ; RESERVED_INPUT_WITH_WEAK_PULLUP ;        ;              ;                     ; Column I/O   ;                 ; no       ; On           ;
; D10      ; 472        ; 8A             ; RESERVED_INPUT_WITH_WEAK_PULLUP ;        ;              ;                     ; Column I/O   ;                 ; no       ; On           ;
; D11      ; 470        ; 8A             ; RESERVED_INPUT_WITH_WEAK_PULLUP ;        ;              ;                     ; Column I/O   ;                 ; no       ; On           ;
; D12      ; 496        ; 8A             ; RESERVED_INPUT_WITH_WEAK_PULLUP ;        ;              ;                     ; Column I/O   ;                 ; no       ; On           ;
; D13      ;            ;                ; GND                             ; gnd    ;              ;                     ; --           ;                 ; --       ; --           ;
; D14      ; 446        ; 7D             ; RESERVED_INPUT_WITH_WEAK_PULLUP ;        ;              ;                     ; Column I/O   ;                 ; no       ; On           ;
; D15      ; 449        ; 7D             ; RESERVED_INPUT_WITH_WEAK_PULLUP ;        ;              ;                     ; Column I/O   ;                 ; no       ; On           ;
; D16      ; 445        ; 7D             ; RESERVED_INPUT_WITH_WEAK_PULLUP ;        ;              ;                     ; Column I/O   ;                 ; no       ; On           ;
; D17      ; 440        ; 7C             ; RESERVED_INPUT_WITH_WEAK_PULLUP ;        ;              ;                     ; Column I/O   ;                 ; no       ; On           ;
; D18      ;            ; 7C             ; VCCIO7C_HPS                     ; power  ;              ; 2.5V                ; --           ;                 ; --       ; --           ;
; D19      ; 426        ; 7B             ; RESERVED_INPUT_WITH_WEAK_PULLUP ;        ;              ;                     ; Column I/O   ;                 ; no       ; On           ;
; D20      ; 420        ; 7B             ; RESERVED_INPUT_WITH_WEAK_PULLUP ;        ;              ;                     ; Column I/O   ;                 ; no       ; On           ;
; D21      ; 419        ; 7B             ; RESERVED_INPUT_WITH_WEAK_PULLUP ;        ;              ;                     ; Column I/O   ;                 ; no       ; On           ;
; D22      ; 402        ; 7A             ; RESERVED_INPUT_WITH_WEAK_PULLUP ;        ;              ;                     ; Column I/O   ;                 ; no       ; On           ;
; D23      ;            ;                ; GND                             ; gnd    ;              ;                     ; --           ;                 ; --       ; --           ;
; D24      ; 404        ; 7A             ; RESERVED_INPUT_WITH_WEAK_PULLUP ;        ;              ;                     ; Column I/O   ;                 ; no       ; On           ;
; D25      ; 384        ; 7A             ; ^HPS_CLK1                       ;        ;              ;                     ; --           ;                 ; --       ; --           ;
; D26      ; 373        ; 7A             ; ^GND                            ;        ;              ;                     ; --           ;                 ; --       ; --           ;
; D27      ; 371        ; 6A             ; HPS_RZQ_0                       ;        ;              ;                     ; --           ;                 ; no       ; On           ;
; D28      ;            ; 6A             ; VCCIO6A_HPS                     ; power  ;              ; 2.5V                ; --           ;                 ; --       ; --           ;
; D29      ; 361        ; 6A             ; RESERVED_INPUT_WITH_WEAK_PULLUP ;        ;              ;                     ; Row I/O      ;                 ; no       ; On           ;
; D30      ; 359        ; 6A             ; RESERVED_INPUT_WITH_WEAK_PULLUP ;        ;              ;                     ; Row I/O      ;                 ; no       ; On           ;
; E1       ; 527        ; 8A             ; RESERVED_INPUT_WITH_WEAK_PULLUP ;        ;              ;                     ; Column I/O   ;                 ; no       ; On           ;
; E2       ; 525        ; 8A             ; RESERVED_INPUT_WITH_WEAK_PULLUP ;        ;              ;                     ; Column I/O   ;                 ; no       ; On           ;
; E3       ; 523        ; 8A             ; RESERVED_INPUT_WITH_WEAK_PULLUP ;        ;              ;                     ; Column I/O   ;                 ; no       ; On           ;
; E4       ; 519        ; 8A             ; RESERVED_INPUT_WITH_WEAK_PULLUP ;        ;              ;                     ; Column I/O   ;                 ; no       ; On           ;
; E5       ;            ; 8A             ; VCCIO8A                         ; power  ;              ; 2.5V                ; --           ;                 ; --       ; --           ;
; E6       ; 533        ; 8A             ; RESERVED_INPUT_WITH_WEAK_PULLUP ;        ;              ;                     ; Column I/O   ;                 ; no       ; On           ;
; E7       ; 531        ; 8A             ; RESERVED_INPUT_WITH_WEAK_PULLUP ;        ;              ;                     ; Column I/O   ;                 ; no       ; On           ;
; E8       ; 503        ; 8A             ; RESERVED_INPUT_WITH_WEAK_PULLUP ;        ;              ;                     ; Column I/O   ;                 ; no       ; On           ;
; E9       ; 478        ; 8A             ; RESERVED_INPUT_WITH_WEAK_PULLUP ;        ;              ;                     ; Column I/O   ;                 ; no       ; On           ;
; E10      ;            ;                ; GND                             ; gnd    ;              ;                     ; --           ;                 ; --       ; --           ;
; E11      ; 504        ; 8A             ; RESERVED_INPUT_WITH_WEAK_PULLUP ;        ;              ;                     ; Column I/O   ;                 ; no       ; On           ;
; E12      ; 494        ; 8A             ; RESERVED_INPUT_WITH_WEAK_PULLUP ;        ;              ;                     ; Column I/O   ;                 ; no       ; On           ;
; E13      ; 488        ; 8A             ; RESERVED_INPUT_WITH_WEAK_PULLUP ;        ;              ;                     ; Column I/O   ;                 ; no       ; On           ;
; E14      ; 454        ; 7D             ; RESERVED_INPUT_WITH_WEAK_PULLUP ;        ;              ;                     ; Column I/O   ;                 ; no       ; On           ;
; E15      ;            ; 7D             ; VCCIO7D_HPS                     ; power  ;              ; 2.5V                ; --           ;                 ; --       ; --           ;
; E16      ; 443        ; 7D             ; RESERVED_INPUT_WITH_WEAK_PULLUP ;        ;              ;                     ; Column I/O   ;                 ; no       ; On           ;
; E17      ; 438        ; 7C             ; RESERVED_INPUT_WITH_WEAK_PULLUP ;        ;              ;                     ; Column I/O   ;                 ; no       ; On           ;
; E18      ; 437        ; 7C             ; RESERVED_INPUT_WITH_WEAK_PULLUP ;        ;              ;                     ; Column I/O   ;                 ; no       ; On           ;
; E19      ; 424        ; 7B             ; RESERVED_INPUT_WITH_WEAK_PULLUP ;        ;              ;                     ; Column I/O   ;                 ; no       ; On           ;
; E20      ;            ; 7B             ; VCCIO7B_HPS                     ; power  ;              ; 2.5V                ; --           ;                 ; --       ; --           ;
; E21      ; 412        ; 7B             ; RESERVED_INPUT_WITH_WEAK_PULLUP ;        ;              ;                     ; Column I/O   ;                 ; no       ; On           ;
; E22      ;            ; 7A, 7B, 7C, 7D ; VREFB7A7B7C7DN0_HPS             ; power  ;              ;                     ; --           ;                 ; --       ; --           ;
; E23      ; 394        ; 7A             ; RESERVED_INPUT_WITH_WEAK_PULLUP ;        ;              ;                     ; Column I/O   ;                 ; no       ; On           ;
; E24      ; 403        ; 7A             ; RESERVED_INPUT_WITH_WEAK_PULLUP ;        ;              ;                     ; Column I/O   ;                 ; no       ; On           ;
; E25      ;            ;                ; GND                             ; gnd    ;              ;                     ; --           ;                 ; --       ; --           ;
; E26      ;            ;                ; DNU                             ;        ;              ;                     ; --           ;                 ; --       ; --           ;
; E27      ; 357        ; 6A             ; RESERVED_INPUT_WITH_WEAK_PULLUP ;        ;              ;                     ; Row I/O      ;                 ; no       ; On           ;
; E28      ; 351        ; 6A             ; RESERVED_INPUT_WITH_WEAK_PULLUP ;        ;              ;                     ; Row I/O      ;                 ; no       ; On           ;
; E29      ; 353        ; 6A             ; RESERVED_INPUT_WITH_WEAK_PULLUP ;        ;              ;                     ; Row I/O      ;                 ; no       ; On           ;
; E30      ;            ;                ; GND                             ; gnd    ;              ;                     ; --           ;                 ; --       ; --           ;
; F1       ;            ;                ; DNU                             ;        ;              ;                     ; --           ;                 ; --       ; --           ;
; F2       ;            ;                ; GND                             ; gnd    ;              ;                     ; --           ;                 ; --       ; --           ;
; F3       ; 539        ; 9A             ; ^CONF_DONE                      ;        ;              ;                     ; --           ;                 ; --       ; --           ;
; F4       ; 541        ; 9A             ; ^nSTATUS                        ;        ;              ;                     ; --           ;                 ; --       ; --           ;
; F5       ;            ;                ; GND                             ; gnd    ;              ;                     ; --           ;                 ; --       ; --           ;
; F6       ; 537        ; 8A             ; RESERVED_INPUT_WITH_WEAK_PULLUP ;        ;              ;                     ; Column I/O   ;                 ; no       ; On           ;
; F7       ;            ;                ; GND                             ; gnd    ;              ;                     ; --           ;                 ; --       ; --           ;
; F8       ; 536        ; 8A             ; RESERVED_INPUT_WITH_WEAK_PULLUP ;        ;              ;                     ; Column I/O   ;                 ; no       ; On           ;
; F9       ; 534        ; 8A             ; RESERVED_INPUT_WITH_WEAK_PULLUP ;        ;              ;                     ; Column I/O   ;                 ; no       ; On           ;
; F10      ; 528        ; 8A             ; RESERVED_INPUT_WITH_WEAK_PULLUP ;        ;              ;                     ; Column I/O   ;                 ; no       ; On           ;
; F11      ; 502        ; 8A             ; RESERVED_INPUT_WITH_WEAK_PULLUP ;        ;              ;                     ; Column I/O   ;                 ; no       ; On           ;
; F12      ;            ; 8A             ; VCCIO8A                         ; power  ;              ; 2.5V                ; --           ;                 ; --       ; --           ;
; F13      ; 486        ; 8A             ; RESERVED_INPUT_WITH_WEAK_PULLUP ;        ;              ;                     ; Column I/O   ;                 ; no       ; On           ;
; F14      ; 468        ; 8A             ; RESERVED_INPUT_WITH_WEAK_PULLUP ;        ;              ;                     ; Column I/O   ;                 ; no       ; On           ;
; F15      ; 466        ; 8A             ; RESERVED_INPUT_WITH_WEAK_PULLUP ;        ;              ;                     ; Column I/O   ;                 ; no       ; On           ;
; F16      ; 442        ; 7D             ; RESERVED_INPUT_WITH_WEAK_PULLUP ;        ;              ;                     ; Column I/O   ;                 ; no       ; On           ;
; F17      ;            ;                ; GND                             ; gnd    ;              ;                     ; --           ;                 ; --       ; --           ;
; F18      ; 430        ; 7C             ; RESERVED_INPUT_WITH_WEAK_PULLUP ;        ;              ;                     ; Column I/O   ;                 ; no       ; On           ;
; F19      ; 410        ; 7B             ; RESERVED_INPUT_WITH_WEAK_PULLUP ;        ;              ;                     ; Column I/O   ;                 ; no       ; On           ;
; F20      ; 407        ; 7B             ; RESERVED_INPUT_WITH_WEAK_PULLUP ;        ;              ;                     ; Column I/O   ;                 ; no       ; On           ;
; F21      ; 409        ; 7B             ; RESERVED_INPUT_WITH_WEAK_PULLUP ;        ;              ;                     ; Column I/O   ;                 ; no       ; On           ;
; F22      ;            ; 7A             ; VCCIO7A_HPS                     ; power  ;              ; 2.5V                ; --           ;                 ; --       ; --           ;
; F23      ; 375        ; 7A             ; ^HPS_nPOR                       ;        ;              ;                     ; --           ;                 ; --       ; --           ;
; F24      ; 383        ; 7A             ; ^HPS_PORSEL                     ;        ;              ;                     ; --           ;                 ; --       ; --           ;
; F25      ; 385        ; 7A             ; ^HPS_CLK2                       ;        ;              ;                     ; --           ;                 ; --       ; --           ;
; F26      ; 341        ; 6A             ; RESERVED_INPUT_WITH_WEAK_PULLUP ;        ;              ;                     ; Row I/O      ;                 ; no       ; On           ;
; F27      ;            ;                ; GND                             ; gnd    ;              ;                     ; --           ;                 ; --       ; --           ;
; F28      ; 345        ; 6A             ; RESERVED_INPUT_WITH_WEAK_PULLUP ;        ;              ;                     ; Row I/O      ;                 ; no       ; On           ;
; F29      ; 349        ; 6A             ; RESERVED_INPUT_WITH_WEAK_PULLUP ;        ;              ;                     ; Row I/O      ;                 ; no       ; On           ;
; F30      ; 347        ; 6A             ; RESERVED_INPUT_WITH_WEAK_PULLUP ;        ;              ;                     ; Row I/O      ;                 ; no       ; On           ;
; G1       ;            ;                ; RREF                            ;        ;              ;                     ; --           ;                 ; --       ; --           ;
; G2       ;            ;                ; DNU                             ;        ;              ;                     ; --           ;                 ; --       ; --           ;
; G3       ;            ;                ; GND                             ; gnd    ;              ;                     ; --           ;                 ; --       ; --           ;
; G4       ;            ;                ; GND                             ; gnd    ;              ;                     ; --           ;                 ; --       ; --           ;
; G5       ; 542        ; 9A             ; ^nCE                            ;        ;              ;                     ; --           ;                 ; --       ; --           ;
; G6       ; 543        ; 9A             ; ^MSEL2                          ;        ;              ;                     ; --           ;                 ; --       ; --           ;
; G7       ; 535        ; 8A             ; RESERVED_INPUT_WITH_WEAK_PULLUP ;        ;              ;                     ; Column I/O   ;                 ; no       ; On           ;
; G8       ; 492        ; 8A             ; RESERVED_INPUT_WITH_WEAK_PULLUP ;        ;              ;                     ; Column I/O   ;                 ; no       ; On           ;
; G9       ;            ; 8A             ; VCCIO8A                         ; power  ;              ; 2.5V                ; --           ;                 ; --       ; --           ;
; G10      ; 526        ; 8A             ; RESERVED_INPUT_WITH_WEAK_PULLUP ;        ;              ;                     ; Column I/O   ;                 ; no       ; On           ;
; G11      ; 520        ; 8A             ; RESERVED_INPUT_WITH_WEAK_PULLUP ;        ;              ;                     ; Column I/O   ;                 ; no       ; On           ;
; G12      ; 518        ; 8A             ; RESERVED_INPUT_WITH_WEAK_PULLUP ;        ;              ;                     ; Column I/O   ;                 ; no       ; On           ;
; G13      ; 484        ; 8A             ; RESERVED_INPUT_WITH_WEAK_PULLUP ;        ;              ;                     ; Column I/O   ;                 ; no       ; On           ;
; G14      ;            ; 8A             ; VCCIO8A                         ; power  ;              ; 2.5V                ; --           ;                 ; --       ; --           ;
; G15      ; 460        ; 8A             ; RESERVED_INPUT_WITH_WEAK_PULLUP ;        ;              ;                     ; Column I/O   ;                 ; no       ; On           ;
; G16      ; 444        ; 7D             ; RESERVED_INPUT_WITH_WEAK_PULLUP ;        ;              ;                     ; Column I/O   ;                 ; no       ; On           ;
; G17      ; 436        ; 7C             ; RESERVED_INPUT_WITH_WEAK_PULLUP ;        ;              ;                     ; Column I/O   ;                 ; no       ; On           ;
; G18      ; 432        ; 7C             ; RESERVED_INPUT_WITH_WEAK_PULLUP ;        ;              ;                     ; Column I/O   ;                 ; no       ; On           ;
; G19      ;            ; 7B             ; VCCIO7B_HPS                     ; power  ;              ; 2.5V                ; --           ;                 ; --       ; --           ;
; G20      ; 416        ; 7B             ; RESERVED_INPUT_WITH_WEAK_PULLUP ;        ;              ;                     ; Column I/O   ;                 ; no       ; On           ;
; G21      ; 392        ; 7A             ; RESERVED_INPUT_WITH_WEAK_PULLUP ;        ;              ;                     ; Column I/O   ;                 ; no       ; On           ;
; G22      ; 400        ; 7A             ; RESERVED_INPUT_WITH_WEAK_PULLUP ;        ;              ;                     ; Column I/O   ;                 ; no       ; On           ;
; G23      ; 377        ; 7A             ; ^VCCRSTCLK_HPS                  ;        ;              ;                     ; --           ;                 ; --       ; --           ;
; G24      ;            ;                ; GND                             ; gnd    ;              ;                     ; --           ;                 ; --       ; --           ;
; G25      ; 370        ; 6A             ; RESERVED_INPUT_WITH_WEAK_PULLUP ;        ;              ;                     ; Row I/O      ;                 ; no       ; On           ;
; G26      ; 362        ; 6A             ; RESERVED_INPUT_WITH_WEAK_PULLUP ;        ;              ;                     ; Row I/O      ;                 ; no       ; On           ;
; G27      ; 339        ; 6A             ; RESERVED_INPUT_WITH_WEAK_PULLUP ;        ;              ;                     ; Row I/O      ;                 ; --       ; --           ;
; G28      ; 335        ; 6A             ; RESERVED_INPUT_WITH_WEAK_PULLUP ;        ;              ;                     ; Row I/O      ;                 ; no       ; On           ;
; G29      ;            ; 6A             ; VCCIO6A_HPS                     ; power  ;              ; 2.5V                ; --           ;                 ; --       ; --           ;
; G30      ; 343        ; 6A             ; RESERVED_INPUT_WITH_WEAK_PULLUP ;        ;              ;                     ; Row I/O      ;                 ; no       ; On           ;
; H1       ;            ;                ; GND                             ; gnd    ;              ;                     ; --           ;                 ; --       ; --           ;
; H2       ;            ;                ; GND                             ; gnd    ;              ;                     ; --           ;                 ; --       ; --           ;
; H3       ; 0          ; B2L            ; GXB_NC                          ;        ;              ;                     ; --           ;                 ; --       ; --           ;
; H4       ; 1          ; B2L            ; GXB_NC                          ;        ;              ;                     ; --           ;                 ; --       ; --           ;
; H5       ;            ;                ; GND                             ; gnd    ;              ;                     ; --           ;                 ; --       ; --           ;
; H6       ;            ; 8A             ; VCCIO8A                         ; power  ;              ; 2.5V                ; --           ;                 ; --       ; --           ;
; H7       ; 508        ; 8A             ; RESERVED_INPUT_WITH_WEAK_PULLUP ;        ;              ;                     ; Column I/O   ;                 ; no       ; On           ;
; H8       ; 490        ; 8A             ; RESERVED_INPUT_WITH_WEAK_PULLUP ;        ;              ;                     ; Column I/O   ;                 ; no       ; On           ;
; H9       ;            ; --             ; VCCBAT                          ; power  ;              ; 1.2V                ; --           ;                 ; --       ; --           ;
; H10      ;            ; --             ; VCC_AUX                         ; power  ;              ; 2.5V                ; --           ;                 ; --       ; --           ;
; H11      ;            ;                ; GND                             ; gnd    ;              ;                     ; --           ;                 ; --       ; --           ;
; H12      ; 500        ; 8A             ; RESERVED_INPUT_WITH_WEAK_PULLUP ;        ;              ;                     ; Column I/O   ;                 ; no       ; On           ;
; H13      ; 498        ; 8A             ; RESERVED_INPUT_WITH_WEAK_PULLUP ;        ;              ;                     ; Column I/O   ;                 ; no       ; On           ;
; H14      ; 482        ; 8A             ; RESERVED_INPUT_WITH_WEAK_PULLUP ;        ;              ;                     ; Column I/O   ;                 ; no       ; On           ;
; H15      ; 458        ; 8A             ; RESERVED_INPUT_WITH_WEAK_PULLUP ;        ;              ;                     ; Column I/O   ;                 ; no       ; On           ;
; H16      ;            ; 7D             ; VCCIO7D_HPS                     ; power  ;              ; 2.5V                ; --           ;                 ; --       ; --           ;
; H17      ; 434        ; 7C             ; RESERVED_INPUT_WITH_WEAK_PULLUP ;        ;              ;                     ; Column I/O   ;                 ; no       ; On           ;
; H18      ; 422        ; 7B             ; RESERVED_INPUT_WITH_WEAK_PULLUP ;        ;              ;                     ; Column I/O   ;                 ; no       ; On           ;
; H19      ; 406        ; 7B             ; RESERVED_INPUT_WITH_WEAK_PULLUP ;        ;              ;                     ; Column I/O   ;                 ; no       ; On           ;
; H20      ; 398        ; 7A             ; RESERVED_INPUT_WITH_WEAK_PULLUP ;        ;              ;                     ; Column I/O   ;                 ; no       ; On           ;
; H21      ;            ; 7A             ; VCCIO7A_HPS                     ; power  ;              ; 2.5V                ; --           ;                 ; --       ; --           ;
; H22      ; 379        ; 7A             ; ^HPS_TCK                        ;        ;              ;                     ; --           ;                 ; --       ; --           ;
; H23      ; 390        ; 7A             ; RESERVED_INPUT_WITH_WEAK_PULLUP ;        ;              ;                     ; Column I/O   ;                 ; no       ; On           ;
; H24      ; 364        ; 6A             ; RESERVED_INPUT_WITH_WEAK_PULLUP ;        ;              ;                     ; Row I/O      ;                 ; no       ; On           ;
; H25      ; 368        ; 6A             ; RESERVED_INPUT_WITH_WEAK_PULLUP ;        ;              ;                     ; Row I/O      ;                 ; no       ; On           ;
; H26      ;            ; 6A             ; VCCIO6A_HPS                     ; power  ;              ; 2.5V                ; --           ;                 ; --       ; --           ;
; H27      ; 360        ; 6A             ; RESERVED_INPUT_WITH_WEAK_PULLUP ;        ;              ;                     ; Row I/O      ;                 ; no       ; On           ;
; H28      ; 333        ; 6A             ; RESERVED_INPUT_WITH_WEAK_PULLUP ;        ;              ;                     ; Row I/O      ;                 ; no       ; On           ;
; H29      ; 331        ; 6A             ; RESERVED_INPUT_WITH_WEAK_PULLUP ;        ;              ;                     ; Row I/O      ;                 ; no       ; On           ;
; H30      ; 337        ; 6A             ; RESERVED_INPUT_WITH_WEAK_PULLUP ;        ;              ;                     ; Row I/O      ;                 ; no       ; On           ;
; J1       ; 3          ; B2L            ; GND                             ;        ;              ;                     ; --           ;                 ; --       ; --           ;
; J2       ; 2          ; B2L            ; GND                             ;        ;              ;                     ; --           ;                 ; --       ; --           ;
; J3       ;            ;                ; GND                             ; gnd    ;              ;                     ; --           ;                 ; --       ; --           ;
; J4       ;            ;                ; GND                             ; gnd    ;              ;                     ; --           ;                 ; --       ; --           ;
; J5       ; 545        ; 9A             ; ^nCONFIG                        ;        ;              ;                     ; --           ;                 ; --       ; --           ;
; J6       ; 547        ; 9A             ; ^GND                            ;        ;              ;                     ; --           ;                 ; --       ; --           ;
; J7       ; 506        ; 8A             ; RESERVED_INPUT_WITH_WEAK_PULLUP ;        ;              ;                     ; Column I/O   ;                 ; no       ; On           ;
; J8       ;            ;                ; GND                             ; gnd    ;              ;                     ; --           ;                 ; --       ; --           ;
; J9       ; 532        ; 8A             ; RESERVED_INPUT_WITH_WEAK_PULLUP ;        ;              ;                     ; Column I/O   ;                 ; no       ; On           ;
; J10      ; 530        ; 8A             ; RESERVED_INPUT_WITH_WEAK_PULLUP ;        ;              ;                     ; Column I/O   ;                 ; no       ; On           ;
; J11      ;            ; --             ; VCCPGM                          ; power  ;              ; 1.8V/2.5V/3.0V/3.3V ; --           ;                 ; --       ; --           ;
; J12      ; 516        ; 8A             ; RESERVED_INPUT_WITH_WEAK_PULLUP ;        ;              ;                     ; Column I/O   ;                 ; no       ; On           ;
; J13      ;            ; 8A             ; VCCIO8A                         ; power  ;              ; 2.5V                ; --           ;                 ; --       ; --           ;
; J14      ; 476        ; 8A             ; RESERVED_INPUT_WITH_WEAK_PULLUP ;        ;              ;                     ; Column I/O   ;                 ; no       ; On           ;
; J15      ;            ;                ; DNU                             ;        ;              ;                     ; --           ;                 ; --       ; --           ;
; J16      ;            ; --             ; VCC_AUX                         ; power  ;              ; 2.5V                ; --           ;                 ; --       ; --           ;
; J17      ;            ; 7C             ; VCCPD7C_HPS                     ; power  ;              ; 2.5V                ; --           ;                 ; --       ; --           ;
; J18      ;            ;                ; GND                             ; gnd    ;              ;                     ; --           ;                 ; --       ; --           ;
; J19      ; 408        ; 7B             ; RESERVED_INPUT_WITH_WEAK_PULLUP ;        ;              ;                     ; Column I/O   ;                 ; no       ; On           ;
; J20      ;            ; --             ; VCCRSTCLK_HPS                   ; power  ;              ; 1.8V/2.5V/3.0V/3.3V ; --           ;                 ; --       ; --           ;
; J21      ;            ; --             ; VCC_AUX_SHARED                  ; power  ;              ; 2.5V                ; --           ;                 ; --       ; --           ;
; J22      ; 372        ; 7A             ; ^GND                            ;        ;              ;                     ; --           ;                 ; --       ; --           ;
; J23      ; 354        ; 6A             ; RESERVED_INPUT_WITH_WEAK_PULLUP ;        ;              ;                     ; Row I/O      ;                 ; no       ; On           ;
; J24      ; 352        ; 6A             ; RESERVED_INPUT_WITH_WEAK_PULLUP ;        ;              ;                     ; Row I/O      ;                 ; no       ; On           ;
; J25      ; 344        ; 6A             ; RESERVED_INPUT_WITH_WEAK_PULLUP ;        ;              ;                     ; Row I/O      ;                 ; no       ; On           ;
; J26      ; 323        ; 6A             ; RESERVED_INPUT_WITH_WEAK_PULLUP ;        ;              ;                     ; Row I/O      ;                 ; no       ; On           ;
; J27      ; 346        ; 6A             ; RESERVED_INPUT_WITH_WEAK_PULLUP ;        ;              ;                     ; Row I/O      ;                 ; no       ; On           ;
; J28      ;            ;                ; GND                             ; gnd    ;              ;                     ; --           ;                 ; --       ; --           ;
; J29      ; 327        ; 6A             ; RESERVED_INPUT_WITH_WEAK_PULLUP ;        ;              ;                     ; Row I/O      ;                 ; no       ; On           ;
; J30      ; 329        ; 6A             ; RESERVED_INPUT_WITH_WEAK_PULLUP ;        ;              ;                     ; Row I/O      ;                 ; no       ; On           ;
; K1       ;            ;                ; GND                             ; gnd    ;              ;                     ; --           ;                 ; --       ; --           ;
; K2       ;            ;                ; GND                             ; gnd    ;              ;                     ; --           ;                 ; --       ; --           ;
; K3       ; 4          ; B2L            ; GXB_NC                          ;        ;              ;                     ; --           ;                 ; --       ; --           ;
; K4       ; 5          ; B2L            ; GXB_NC                          ;        ;              ;                     ; --           ;                 ; --       ; --           ;
; K5       ;            ;                ; GND                             ; gnd    ;              ;                     ; --           ;                 ; --       ; --           ;
; K6       ; 540        ; 9A             ; ^MSEL1                          ;        ;              ;                     ; --           ;                 ; --       ; --           ;
; K7       ; 522        ; 8A             ; RESERVED_INPUT_WITH_WEAK_PULLUP ;        ;              ;                     ; Column I/O   ;                 ; no       ; On           ;
; K8       ; 524        ; 8A             ; RESERVED_INPUT_WITH_WEAK_PULLUP ;        ;              ;                     ; Column I/O   ;                 ; no       ; On           ;
; K9       ;            ; --             ; VCCA_FPLL                       ; power  ;              ; 2.5V                ; --           ;                 ; --       ; --           ;
; K10      ;            ;                ; GND                             ; gnd    ;              ;                     ; --           ;                 ; --       ; --           ;
; K11      ;            ; 8A             ; VCCPD8A                         ; power  ;              ; 2.5V                ; --           ;                 ; --       ; --           ;
; K12      ; 514        ; 8A             ; RESERVED_INPUT_WITH_WEAK_PULLUP ;        ;              ;                     ; Column I/O   ;                 ; no       ; On           ;
; K13      ;            ; 8A             ; VCCPD8A                         ; power  ;              ; 2.5V                ; --           ;                 ; --       ; --           ;
; K14      ; 474        ; 8A             ; RESERVED_INPUT_WITH_WEAK_PULLUP ;        ;              ;                     ; Column I/O   ;                 ; no       ; On           ;
; K15      ;            ;                ; GND                             ; gnd    ;              ;                     ; --           ;                 ; --       ; --           ;
; K16      ;            ; 7D             ; VCCPD7D_HPS                     ; power  ;              ; 2.5V                ; --           ;                 ; --       ; --           ;
; K17      ; 414        ; 7B             ; RESERVED_INPUT_WITH_WEAK_PULLUP ;        ;              ;                     ; Column I/O   ;                 ; no       ; On           ;
; K18      ;            ; 7B             ; VCCPD7B_HPS                     ; power  ;              ; 2.5V                ; --           ;                 ; --       ; --           ;
; K19      ;            ; 7A             ; VCCPD7A_HPS                     ; power  ;              ; 2.5V                ; --           ;                 ; --       ; --           ;
; K20      ;            ;                ; GND                             ; gnd    ;              ;                     ; --           ;                 ; --       ; --           ;
; K21      ; 366        ; 6A             ; RESERVED_INPUT_WITH_WEAK_PULLUP ;        ;              ;                     ; Row I/O      ;                 ; no       ; On           ;
; K22      ; 336        ; 6A             ; RESERVED_INPUT_WITH_WEAK_PULLUP ;        ;              ;                     ; Row I/O      ;                 ; no       ; On           ;
; K23      ; 338        ; 6A             ; RESERVED_INPUT_WITH_WEAK_PULLUP ;        ;              ;                     ; Row I/O      ;                 ; no       ; On           ;
; K24      ;            ; 6A             ; VCCIO6A_HPS                     ; power  ;              ; 2.5V                ; --           ;                 ; --       ; --           ;
; K25      ;            ;                ; GND                             ; gnd    ;              ;                     ; --           ;                 ; --       ; --           ;
; K26      ; 322        ; 6A             ; RESERVED_INPUT_WITH_WEAK_PULLUP ;        ;              ;                     ; Row I/O      ;                 ; no       ; On           ;
; K27      ; 319        ; 6A             ; RESERVED_INPUT_WITH_WEAK_PULLUP ;        ;              ;                     ; Row I/O      ;                 ; no       ; On           ;
; K28      ; 325        ; 6A             ; RESERVED_INPUT_WITH_WEAK_PULLUP ;        ;              ;                     ; Row I/O      ;                 ; no       ; On           ;
; K29      ; 321        ; 6A             ; RESERVED_INPUT_WITH_WEAK_PULLUP ;        ;              ;                     ; Row I/O      ;                 ; no       ; On           ;
; K30      ;            ; 6A             ; VCCIO6A_HPS                     ; power  ;              ; 2.5V                ; --           ;                 ; --       ; --           ;
; L1       ; 7          ; B2L            ; GND                             ;        ;              ;                     ; --           ;                 ; --       ; --           ;
; L2       ; 6          ; B2L            ; GND                             ;        ;              ;                     ; --           ;                 ; --       ; --           ;
; L3       ;            ;                ; GND                             ; gnd    ;              ;                     ; --           ;                 ; --       ; --           ;
; L4       ;            ;                ; GND                             ; gnd    ;              ;                     ; --           ;                 ; --       ; --           ;
; L5       ;            ; --             ; VCCL_GXBL                       ; power  ;              ; 1.1V                ; --           ;                 ; --       ; --           ;
; L6       ;            ;                ; GND                             ; gnd    ;              ;                     ; --           ;                 ; --       ; --           ;
; L7       ; 544        ; 9A             ; ^MSEL3                          ;        ;              ;                     ; --           ;                 ; --       ; --           ;
; L8       ; 538        ; 9A             ; ^MSEL0                          ;        ;              ;                     ; --           ;                 ; --       ; --           ;
; L9       ; 546        ; 9A             ; ^MSEL4                          ;        ;              ;                     ; --           ;                 ; --       ; --           ;
; L10      ;            ; 8A             ; VCCPD8A                         ; power  ;              ; 2.5V                ; --           ;                 ; --       ; --           ;
; L11      ;            ;                ; GND                             ; gnd    ;              ;                     ; --           ;                 ; --       ; --           ;
; L12      ;            ; 8A             ; VCCPD8A                         ; power  ;              ; 2.5V                ; --           ;                 ; --       ; --           ;
; L13      ;            ;                ; GND                             ; gnd    ;              ;                     ; --           ;                 ; --       ; --           ;
; L14      ;            ; 8A             ; VCCPD8A                         ; power  ;              ; 2.5V                ; --           ;                 ; --       ; --           ;
; L15      ;            ;                ; GND                             ; gnd    ;              ;                     ; --           ;                 ; --       ; --           ;
; L16      ;            ; --             ; VCC_HPS                         ; power  ;              ; 1.1V                ; --           ;                 ; --       ; --           ;
; L17      ;            ;                ; GND                             ; gnd    ;              ;                     ; --           ;                 ; --       ; --           ;
; L18      ;            ; --             ; VCC_HPS                         ; power  ;              ; 1.1V                ; --           ;                 ; --       ; --           ;
; L19      ;            ;                ; GND                             ; gnd    ;              ;                     ; --           ;                 ; --       ; --           ;
; L20      ;            ; --             ; VCC_HPS                         ; power  ;              ; 1.1V                ; --           ;                 ; --       ; --           ;
; L21      ;            ; --             ; VCCPLL_HPS                      ; power  ;              ; 2.5V                ; --           ;                 ; --       ; --           ;
; L22      ;            ;                ; GND                             ; gnd    ;              ;                     ; --           ;                 ; --       ; --           ;
; L23      ; 350        ; 6A             ; RESERVED_INPUT_WITH_WEAK_PULLUP ;        ;              ;                     ; Row I/O      ;                 ; no       ; On           ;
; L24      ; 328        ; 6A             ; RESERVED_INPUT_WITH_WEAK_PULLUP ;        ;              ;                     ; Row I/O      ;                 ; no       ; On           ;
; L25      ; 330        ; 6A             ; RESERVED_INPUT_WITH_WEAK_PULLUP ;        ;              ;                     ; Row I/O      ;                 ; no       ; On           ;
; L26      ; 320        ; 6A             ; RESERVED_INPUT_WITH_WEAK_PULLUP ;        ;              ;                     ; Row I/O      ;                 ; no       ; On           ;
; L27      ;            ; 6A             ; VCCIO6A_HPS                     ; power  ;              ; 2.5V                ; --           ;                 ; --       ; --           ;
; L28      ; 313        ; 6A             ; RESERVED_INPUT_WITH_WEAK_PULLUP ;        ;              ;                     ; Row I/O      ;                 ; no       ; On           ;
; L29      ; 315        ; 6A             ; RESERVED_INPUT_WITH_WEAK_PULLUP ;        ;              ;                     ; Row I/O      ;                 ; no       ; On           ;
; L30      ; 317        ; 6A             ; RESERVED_INPUT_WITH_WEAK_PULLUP ;        ;              ;                     ; Row I/O      ;                 ; no       ; On           ;
; M1       ;            ;                ; GND                             ; gnd    ;              ;                     ; --           ;                 ; --       ; --           ;
; M2       ;            ;                ; GND                             ; gnd    ;              ;                     ; --           ;                 ; --       ; --           ;
; M3       ; 8          ; B2L            ; GXB_NC                          ;        ;              ;                     ; --           ;                 ; --       ; --           ;
; M4       ; 9          ; B2L            ; GXB_NC                          ;        ;              ;                     ; --           ;                 ; --       ; --           ;
; M5       ;            ;                ; GND                             ; gnd    ;              ;                     ; --           ;                 ; --       ; --           ;
; M6       ;            ; --             ; VCCE_GXBL                       ; power  ;              ; 1.1V                ; --           ;                 ; --       ; --           ;
; M7       ;            ;                ; GND                             ; gnd    ;              ;                     ; --           ;                 ; --       ; --           ;
; M8       ;            ;                ; GND                             ; gnd    ;              ;                     ; --           ;                 ; --       ; --           ;
; M9       ;            ; --             ; VCC                             ; power  ;              ; 1.1V                ; --           ;                 ; --       ; --           ;
; M10      ;            ;                ; GND                             ; gnd    ;              ;                     ; --           ;                 ; --       ; --           ;
; M11      ;            ; --             ; VCC                             ; power  ;              ; 1.1V                ; --           ;                 ; --       ; --           ;
; M12      ;            ;                ; GND                             ; gnd    ;              ;                     ; --           ;                 ; --       ; --           ;
; M13      ;            ; --             ; VCC                             ; power  ;              ; 1.1V                ; --           ;                 ; --       ; --           ;
; M14      ;            ;                ; GND                             ; gnd    ;              ;                     ; --           ;                 ; --       ; --           ;
; M15      ;            ; --             ; VCC_HPS                         ; power  ;              ; 1.1V                ; --           ;                 ; --       ; --           ;
; M16      ;            ;                ; GND                             ; gnd    ;              ;                     ; --           ;                 ; --       ; --           ;
; M17      ; 450        ; 7D             ; RESERVED_INPUT_WITH_WEAK_PULLUP ;        ;              ;                     ; Column I/O   ;                 ; no       ; On           ;
; M18      ;            ;                ; GND                             ; gnd    ;              ;                     ; --           ;                 ; --       ; --           ;
; M19      ; 334        ; 6A             ; RESERVED_INPUT_WITH_WEAK_PULLUP ;        ;              ;                     ; Row I/O      ;                 ; no       ; On           ;
; M20      ;            ;                ; GND                             ; gnd    ;              ;                     ; --           ;                 ; --       ; --           ;
; M21      ;            ; 6A, 6B         ; VCCPD6A6B_HPS                   ; power  ;              ; 2.5V                ; --           ;                 ; --       ; --           ;
; M22      ; 308        ; 6A             ; RESERVED_INPUT_WITH_WEAK_PULLUP ;        ;              ;                     ; Row I/O      ;                 ; no       ; On           ;
; M23      ; 348        ; 6A             ; RESERVED_INPUT_WITH_WEAK_PULLUP ;        ;              ;                     ; Row I/O      ;                 ; no       ; On           ;
; M24      ;            ; 6A             ; VCCIO6A_HPS                     ; power  ;              ; 2.5V                ; --           ;                 ; --       ; --           ;
; M25      ; 324        ; 6A             ; RESERVED_INPUT_WITH_WEAK_PULLUP ;        ;              ;                     ; Row I/O      ;                 ; no       ; On           ;
; M26      ; 314        ; 6A             ; RESERVED_INPUT_WITH_WEAK_PULLUP ;        ;              ;                     ; Row I/O      ;                 ; no       ; On           ;
; M27      ; 312        ; 6A             ; RESERVED_INPUT_WITH_WEAK_PULLUP ;        ;              ;                     ; Row I/O      ;                 ; no       ; On           ;
; M28      ; 309        ; 6A             ; RESERVED_INPUT_WITH_WEAK_PULLUP ;        ;              ;                     ; Row I/O      ;                 ; no       ; On           ;
; M29      ;            ;                ; GND                             ; gnd    ;              ;                     ; --           ;                 ; --       ; --           ;
; M30      ; 311        ; 6A             ; RESERVED_INPUT_WITH_WEAK_PULLUP ;        ;              ;                     ; Row I/O      ;                 ; no       ; On           ;
; N1       ; 11         ; B2L            ; GND                             ;        ;              ;                     ; --           ;                 ; --       ; --           ;
; N2       ; 10         ; B2L            ; GND                             ;        ;              ;                     ; --           ;                 ; --       ; --           ;
; N3       ;            ;                ; GND                             ; gnd    ;              ;                     ; --           ;                 ; --       ; --           ;
; N4       ;            ;                ; GND                             ; gnd    ;              ;                     ; --           ;                 ; --       ; --           ;
; N5       ;            ; --             ; VCCE_GXBL                       ; power  ;              ; 1.1V                ; --           ;                 ; --       ; --           ;
; N6       ;            ;                ; GND                             ; gnd    ;              ;                     ; --           ;                 ; --       ; --           ;
; N7       ;            ; --             ; VCCA_FPLL                       ; power  ;              ; 2.5V                ; --           ;                 ; --       ; --           ;
; N8       ;            ;                ; GND                             ; gnd    ;              ;                     ; --           ;                 ; --       ; --           ;
; N9       ;            ;                ; GND                             ; gnd    ;              ;                     ; --           ;                 ; --       ; --           ;
; N10      ;            ; --             ; VCC                             ; power  ;              ; 1.1V                ; --           ;                 ; --       ; --           ;
; N11      ;            ;                ; GND                             ; gnd    ;              ;                     ; --           ;                 ; --       ; --           ;
; N12      ;            ; --             ; VCC                             ; power  ;              ; 1.1V                ; --           ;                 ; --       ; --           ;
; N13      ;            ;                ; GND                             ; gnd    ;              ;                     ; --           ;                 ; --       ; --           ;
; N14      ;            ; --             ; VCC                             ; power  ;              ; 1.1V                ; --           ;                 ; --       ; --           ;
; N15      ;            ;                ; GND                             ; gnd    ;              ;                     ; --           ;                 ; --       ; --           ;
; N16      ; 452        ; 7D             ; RESERVED_INPUT_WITH_WEAK_PULLUP ;        ;              ;                     ; Column I/O   ;                 ; no       ; On           ;
; N17      ;            ;                ; GND                             ; gnd    ;              ;                     ; --           ;                 ; --       ; --           ;
; N18      ; 332        ; 6A             ; RESERVED_INPUT_WITH_WEAK_PULLUP ;        ;              ;                     ; Row I/O      ;                 ; no       ; On           ;
; N19      ;            ;                ; GND                             ; gnd    ;              ;                     ; --           ;                 ; --       ; --           ;
; N20      ;            ; --             ; VCC_HPS                         ; power  ;              ; 1.1V                ; --           ;                 ; --       ; --           ;
; N21      ;            ; 6A             ; VCCIO6A_HPS                     ; power  ;              ; 2.5V                ; --           ;                 ; --       ; --           ;
; N22      ;            ; 6A, 6B         ; VCCPD6A6B_HPS                   ; power  ;              ; 2.5V                ; --           ;                 ; --       ; --           ;
; N23      ; 310        ; 6A             ; RESERVED_INPUT_WITH_WEAK_PULLUP ;        ;              ;                     ; Row I/O      ;                 ; no       ; On           ;
; N24      ; 318        ; 6A             ; RESERVED_INPUT_WITH_WEAK_PULLUP ;        ;              ;                     ; Row I/O      ;                 ; no       ; On           ;
; N25      ; 316        ; 6A             ; RESERVED_INPUT_WITH_WEAK_PULLUP ;        ;              ;                     ; Row I/O      ;                 ; no       ; On           ;
; N26      ;            ;                ; GND                             ; gnd    ;              ;                     ; --           ;                 ; --       ; --           ;
; N27      ; 297        ; 6B             ; RESERVED_INPUT_WITH_WEAK_PULLUP ;        ;              ;                     ; Row I/O      ;                 ; no       ; On           ;
; N28      ; 303        ; 6B             ; RESERVED_INPUT_WITH_WEAK_PULLUP ;        ;              ;                     ; Row I/O      ;                 ; no       ; On           ;
; N29      ; 305        ; 6B             ; RESERVED_INPUT_WITH_WEAK_PULLUP ;        ;              ;                     ; Row I/O      ;                 ; no       ; On           ;
; N30      ; 307        ; 6B             ; RESERVED_INPUT_WITH_WEAK_PULLUP ;        ;              ;                     ; Row I/O      ;                 ; no       ; On           ;
; P1       ;            ;                ; GND                             ; gnd    ;              ;                     ; --           ;                 ; --       ; --           ;
; P2       ;            ;                ; GND                             ; gnd    ;              ;                     ; --           ;                 ; --       ; --           ;
; P3       ; 16         ; B1L            ; GXB_NC                          ;        ;              ;                     ; --           ;                 ; --       ; --           ;
; P4       ; 17         ; B1L            ; GXB_NC                          ;        ;              ;                     ; --           ;                 ; --       ; --           ;
; P5       ;            ;                ; GND                             ; gnd    ;              ;                     ; --           ;                 ; --       ; --           ;
; P6       ;            ; --             ; VCCH_GXBL                       ; power  ;              ; 2.5V                ; --           ;                 ; --       ; --           ;
; P7       ;            ;                ; GND                             ; gnd    ;              ;                     ; --           ;                 ; --       ; --           ;
; P8       ; 13         ; B2L            ; GND                             ;        ;              ;                     ; Row I/O      ;                 ; --       ; --           ;
; P9       ; 12         ; B2L            ; GND                             ;        ;              ;                     ; Row I/O      ;                 ; --       ; --           ;
; P10      ;            ;                ; GND                             ; gnd    ;              ;                     ; --           ;                 ; --       ; --           ;
; P11      ;            ; --             ; VCC                             ; power  ;              ; 1.1V                ; --           ;                 ; --       ; --           ;
; P12      ;            ;                ; GND                             ; gnd    ;              ;                     ; --           ;                 ; --       ; --           ;
; P13      ;            ; --             ; VCC                             ; power  ;              ; 1.1V                ; --           ;                 ; --       ; --           ;
; P14      ;            ;                ; GND                             ; gnd    ;              ;                     ; --           ;                 ; --       ; --           ;
; P15      ;            ; --             ; VCC_HPS                         ; power  ;              ; 1.1V                ; --           ;                 ; --       ; --           ;
; P16      ;            ;                ; GND                             ; gnd    ;              ;                     ; --           ;                 ; --       ; --           ;
; P17      ;            ; --             ; VCC_HPS                         ; power  ;              ; 1.1V                ; --           ;                 ; --       ; --           ;
; P18      ;            ;                ; GND                             ; gnd    ;              ;                     ; --           ;                 ; --       ; --           ;
; P19      ;            ; --             ; VCC_HPS                         ; power  ;              ; 1.1V                ; --           ;                 ; --       ; --           ;
; P20      ;            ;                ; GND                             ; gnd    ;              ;                     ; --           ;                 ; --       ; --           ;
; P21      ;            ; 6A, 6B         ; VCCPD6A6B_HPS                   ; power  ;              ; 2.5V                ; --           ;                 ; --       ; --           ;
; P22      ; 294        ; 6B             ; RESERVED_INPUT_WITH_WEAK_PULLUP ;        ;              ;                     ; Row I/O      ;                 ; no       ; On           ;
; P23      ;            ; 6B             ; VCCIO6B_HPS                     ; power  ;              ; 2.5V                ; --           ;                 ; --       ; --           ;
; P24      ; 290        ; 6B             ; RESERVED_INPUT_WITH_WEAK_PULLUP ;        ;              ;                     ; Row I/O      ;                 ; no       ; On           ;
; P25      ; 288        ; 6B             ; RESERVED_INPUT_WITH_WEAK_PULLUP ;        ;              ;                     ; Row I/O      ;                 ; no       ; On           ;
; P26      ; 298        ; 6B             ; RESERVED_INPUT_WITH_WEAK_PULLUP ;        ;              ;                     ; Row I/O      ;                 ; no       ; On           ;
; P27      ; 296        ; 6B             ; RESERVED_INPUT_WITH_WEAK_PULLUP ;        ;              ;                     ; Row I/O      ;                 ; no       ; On           ;
; P28      ;            ; 6B             ; VCCIO6B_HPS                     ; power  ;              ; 2.5V                ; --           ;                 ; --       ; --           ;
; P29      ; 299        ; 6B             ; RESERVED_INPUT_WITH_WEAK_PULLUP ;        ;              ;                     ; Row I/O      ;                 ; no       ; On           ;
; P30      ; 301        ; 6B             ; RESERVED_INPUT_WITH_WEAK_PULLUP ;        ;              ;                     ; Row I/O      ;                 ; no       ; On           ;
; R1       ; 19         ; B1L            ; GND                             ;        ;              ;                     ; --           ;                 ; --       ; --           ;
; R2       ; 18         ; B1L            ; GND                             ;        ;              ;                     ; --           ;                 ; --       ; --           ;
; R3       ;            ;                ; GND                             ; gnd    ;              ;                     ; --           ;                 ; --       ; --           ;
; R4       ;            ;                ; GND                             ; gnd    ;              ;                     ; --           ;                 ; --       ; --           ;
; R5       ;            ; --             ; VCCL_GXBL                       ; power  ;              ; 1.1V                ; --           ;                 ; --       ; --           ;
; R6       ;            ;                ; GND                             ; gnd    ;              ;                     ; --           ;                 ; --       ; --           ;
; R7       ;            ; --             ; VCCA_FPLL                       ; power  ;              ; 2.5V                ; --           ;                 ; --       ; --           ;
; R8       ;            ;                ; GND                             ; gnd    ;              ;                     ; --           ;                 ; --       ; --           ;
; R9       ;            ;                ; GND                             ; gnd    ;              ;                     ; --           ;                 ; --       ; --           ;
; R10      ;            ; --             ; VCC                             ; power  ;              ; 1.1V                ; --           ;                 ; --       ; --           ;
; R11      ;            ;                ; GND                             ; gnd    ;              ;                     ; --           ;                 ; --       ; --           ;
; R12      ;            ; --             ; VCC                             ; power  ;              ; 1.1V                ; --           ;                 ; --       ; --           ;
; R13      ;            ;                ; GND                             ; gnd    ;              ;                     ; --           ;                 ; --       ; --           ;
; R14      ;            ; --             ; VCC                             ; power  ;              ; 1.1V                ; --           ;                 ; --       ; --           ;
; R15      ;            ;                ; GND                             ; gnd    ;              ;                     ; --           ;                 ; --       ; --           ;
; R16      ;            ; --             ; VCC_HPS                         ; power  ;              ; 1.1V                ; --           ;                 ; --       ; --           ;
; R17      ;            ;                ; GND                             ; gnd    ;              ;                     ; --           ;                 ; --       ; --           ;
; R18      ; 302        ; 6B             ; RESERVED_INPUT_WITH_WEAK_PULLUP ;        ;              ;                     ; Row I/O      ;                 ; no       ; On           ;
; R19      ; 300        ; 6B             ; RESERVED_INPUT_WITH_WEAK_PULLUP ;        ;              ;                     ; Row I/O      ;                 ; no       ; On           ;
; R20      ;            ; 6A, 6B         ; VCCPD6A6B_HPS                   ; power  ;              ; 2.5V                ; --           ;                 ; --       ; --           ;
; R21      ; 286        ; 6B             ; RESERVED_INPUT_WITH_WEAK_PULLUP ;        ;              ;                     ; Row I/O      ;                 ; no       ; On           ;
; R22      ; 284        ; 6B             ; RESERVED_INPUT_WITH_WEAK_PULLUP ;        ;              ;                     ; Row I/O      ;                 ; no       ; On           ;
; R23      ;            ; 6A, 6B         ; VCCPD6A6B_HPS                   ; power  ;              ; 2.5V                ; --           ;                 ; --       ; --           ;
; R24      ; 272        ; 6B             ; RESERVED_INPUT_WITH_WEAK_PULLUP ;        ;              ;                     ; Row I/O      ;                 ; no       ; On           ;
; R25      ;            ; 6B             ; VCCIO6B_HPS                     ; power  ;              ; 2.5V                ; --           ;                 ; --       ; --           ;
; R26      ; 280        ; 6B             ; RESERVED_INPUT_WITH_WEAK_PULLUP ;        ;              ;                     ; Row I/O      ;                 ; no       ; On           ;
; R27      ; 282        ; 6B             ; RESERVED_INPUT_WITH_WEAK_PULLUP ;        ;              ;                     ; Row I/O      ;                 ; no       ; On           ;
; R28      ; 293        ; 6B             ; RESERVED_INPUT_WITH_WEAK_PULLUP ;        ;              ;                     ; Row I/O      ;                 ; no       ; On           ;
; R29      ; 295        ; 6B             ; RESERVED_INPUT_WITH_WEAK_PULLUP ;        ;              ;                     ; Row I/O      ;                 ; no       ; On           ;
; R30      ;            ;                ; GND                             ; gnd    ;              ;                     ; --           ;                 ; --       ; --           ;
; T1       ;            ;                ; GND                             ; gnd    ;              ;                     ; --           ;                 ; --       ; --           ;
; T2       ;            ;                ; GND                             ; gnd    ;              ;                     ; --           ;                 ; --       ; --           ;
; T3       ; 20         ; B1L            ; GXB_NC                          ;        ;              ;                     ; --           ;                 ; --       ; --           ;
; T4       ; 21         ; B1L            ; GXB_NC                          ;        ;              ;                     ; --           ;                 ; --       ; --           ;
; T5       ;            ;                ; GND                             ; gnd    ;              ;                     ; --           ;                 ; --       ; --           ;
; T6       ;            ; --             ; VCCE_GXBL                       ; power  ;              ; 1.1V                ; --           ;                 ; --       ; --           ;
; T7       ;            ;                ; GND                             ; gnd    ;              ;                     ; --           ;                 ; --       ; --           ;
; T8       ; 14         ; B1L            ; GND                             ;        ;              ;                     ; Row I/O      ;                 ; --       ; --           ;
; T9       ; 15         ; B1L            ; GND                             ;        ;              ;                     ; Row I/O      ;                 ; --       ; --           ;
; T10      ;            ;                ; GND                             ; gnd    ;              ;                     ; --           ;                 ; --       ; --           ;
; T11      ;            ; --             ; VCC                             ; power  ;              ; 1.1V                ; --           ;                 ; --       ; --           ;
; T12      ;            ;                ; GND                             ; gnd    ;              ;                     ; --           ;                 ; --       ; --           ;
; T13      ;            ; --             ; VCC                             ; power  ;              ; 1.1V                ; --           ;                 ; --       ; --           ;
; T14      ;            ;                ; GND                             ; gnd    ;              ;                     ; --           ;                 ; --       ; --           ;
; T15      ;            ;                ; GND                             ; gnd    ;              ;                     ; --           ;                 ; --       ; --           ;
; T16      ;            ;                ; GND                             ; gnd    ;              ;                     ; --           ;                 ; --       ; --           ;
; T17      ;            ; --             ; VCC_HPS                         ; power  ;              ; 1.1V                ; --           ;                 ; --       ; --           ;
; T18      ;            ;                ; GND                             ; gnd    ;              ;                     ; --           ;                 ; --       ; --           ;
; T19      ;            ; --             ; VCC_HPS                         ; power  ;              ; 1.1V                ; --           ;                 ; --       ; --           ;
; T20      ;            ;                ; GND                             ; gnd    ;              ;                     ; --           ;                 ; --       ; --           ;
; T21      ; 278        ; 6B             ; RESERVED_INPUT_WITH_WEAK_PULLUP ;        ;              ;                     ; Row I/O      ;                 ; no       ; On           ;
; T22      ;            ; 6B             ; VCCIO6B_HPS                     ; power  ;              ; 2.5V                ; --           ;                 ; --       ; --           ;
; T23      ; 270        ; 6B             ; RESERVED_INPUT_WITH_WEAK_PULLUP ;        ;              ;                     ; Row I/O      ;                 ; no       ; On           ;
; T24      ; 268        ; 6B             ; RESERVED_INPUT_WITH_WEAK_PULLUP ;        ;              ;                     ; Row I/O      ;                 ; no       ; On           ;
; T25      ; 266        ; 6B             ; RESERVED_INPUT_WITH_WEAK_PULLUP ;        ;              ;                     ; Row I/O      ;                 ; no       ; On           ;
; T26      ; 304        ; 6B             ; RESERVED_INPUT_WITH_WEAK_PULLUP ;        ;              ;                     ; Row I/O      ;                 ; no       ; On           ;
; T27      ;            ;                ; GND                             ; gnd    ;              ;                     ; --           ;                 ; --       ; --           ;
; T28      ; 287        ; 6B             ; RESERVED_INPUT_WITH_WEAK_PULLUP ;        ;              ;                     ; Row I/O      ;                 ; no       ; On           ;
; T29      ; 289        ; 6B             ; RESERVED_INPUT_WITH_WEAK_PULLUP ;        ;              ;                     ; Row I/O      ;                 ; no       ; On           ;
; T30      ; 291        ; 6B             ; RESERVED_INPUT_WITH_WEAK_PULLUP ;        ;              ;                     ; Row I/O      ;                 ; no       ; On           ;
; U1       ; 23         ; B1L            ; GND                             ;        ;              ;                     ; --           ;                 ; --       ; --           ;
; U2       ; 22         ; B1L            ; GND                             ;        ;              ;                     ; --           ;                 ; --       ; --           ;
; U3       ;            ;                ; GND                             ; gnd    ;              ;                     ; --           ;                 ; --       ; --           ;
; U4       ;            ;                ; GND                             ; gnd    ;              ;                     ; --           ;                 ; --       ; --           ;
; U5       ;            ; --             ; VCCE_GXBL                       ; power  ;              ; 1.1V                ; --           ;                 ; --       ; --           ;
; U6       ;            ;                ; GND                             ; gnd    ;              ;                     ; --           ;                 ; --       ; --           ;
; U7       ; 50         ; 3A             ; ^DCLK                           ;        ;              ;                     ; Weak Pull Up ;                 ; --       ; On           ;
; U8       ; 48         ; 3A             ; #TDI                            ; input  ;              ;                     ; --           ;                 ; --       ; --           ;
; U9       ;            ;                ; GND                             ; gnd    ;              ;                     ; --           ;                 ; --       ; --           ;
; U10      ;            ; --             ; VCC                             ; power  ;              ; 1.1V                ; --           ;                 ; --       ; --           ;
; U11      ;            ;                ; GND                             ; gnd    ;              ;                     ; --           ;                 ; --       ; --           ;
; U12      ;            ; --             ; VCC                             ; power  ;              ; 1.1V                ; --           ;                 ; --       ; --           ;
; U13      ;            ;                ; GND                             ; gnd    ;              ;                     ; --           ;                 ; --       ; --           ;
; U14      ;            ; --             ; VCC                             ; power  ;              ; 1.1V                ; --           ;                 ; --       ; --           ;
; U15      ;            ;                ; GND                             ; gnd    ;              ;                     ; --           ;                 ; --       ; --           ;
; U16      ;            ; --             ; VCC_HPS                         ; power  ;              ; 1.1V                ; --           ;                 ; --       ; --           ;
; U17      ;            ;                ; GND                             ; gnd    ;              ;                     ; --           ;                 ; --       ; --           ;
; U18      ;            ; --             ; VCC_HPS                         ; power  ;              ; 1.1V                ; --           ;                 ; --       ; --           ;
; U19      ;            ; 6B             ; VCCIO6B_HPS                     ; power  ;              ; 2.5V                ; --           ;                 ; --       ; --           ;
; U20      ; 276        ; 6B             ; RESERVED_INPUT_WITH_WEAK_PULLUP ;        ;              ;                     ; Row I/O      ;                 ; no       ; On           ;
; U21      ;            ; --             ; VCC                             ; power  ;              ; 1.1V                ; --           ;                 ; --       ; --           ;
; U22      ;            ;                ; GND                             ; gnd    ;              ;                     ; --           ;                 ; --       ; --           ;
; U23      ;            ; 5B             ; VCCPD5B                         ; power  ;              ; 2.5V                ; --           ;                 ; --       ; --           ;
; U24      ;            ;                ; GND                             ; gnd    ;              ;                     ; --           ;                 ; --       ; --           ;
; U25      ; 264        ; 6B             ; RESERVED_INPUT_WITH_WEAK_PULLUP ;        ;              ;                     ; Row I/O      ;                 ; no       ; On           ;
; U26      ; 306        ; 6B             ; RESERVED_INPUT_WITH_WEAK_PULLUP ;        ;              ;                     ; Row I/O      ;                 ; no       ; On           ;
; U27      ; 273        ; 6B             ; RESERVED_INPUT_WITH_WEAK_PULLUP ;        ;              ;                     ; Row I/O      ;                 ; no       ; On           ;
; U28      ; 285        ; 6B             ; RESERVED_INPUT_WITH_WEAK_PULLUP ;        ;              ;                     ; Row I/O      ;                 ; no       ; On           ;
; U29      ;            ;                ; GND                             ; gnd    ;              ;                     ; --           ;                 ; --       ; --           ;
; U30      ; 283        ; 6B             ; RESERVED_INPUT_WITH_WEAK_PULLUP ;        ;              ;                     ; Row I/O      ;                 ; --       ; --           ;
; V1       ;            ;                ; GND                             ; gnd    ;              ;                     ; --           ;                 ; --       ; --           ;
; V2       ;            ;                ; GND                             ; gnd    ;              ;                     ; --           ;                 ; --       ; --           ;
; V3       ; 24         ; B1L            ; GXB_NC                          ;        ;              ;                     ; --           ;                 ; --       ; --           ;
; V4       ; 25         ; B1L            ; GXB_NC                          ;        ;              ;                     ; --           ;                 ; --       ; --           ;
; V5       ;            ;                ; GND                             ; gnd    ;              ;                     ; --           ;                 ; --       ; --           ;
; V6       ;            ; --             ; VCCH_GXBL                       ; power  ;              ; 2.5V                ; --           ;                 ; --       ; --           ;
; V7       ;            ;                ; GND                             ; gnd    ;              ;                     ; --           ;                 ; --       ; --           ;
; V8       ;            ; --             ; VCCA_FPLL                       ; power  ;              ; 2.5V                ; --           ;                 ; --       ; --           ;
; V9       ; 44         ; 3A             ; #TMS                            ; input  ;              ;                     ; --           ;                 ; --       ; --           ;
; V10      ;            ;                ; GND                             ; gnd    ;              ;                     ; --           ;                 ; --       ; --           ;
; V11      ;            ; --             ; VCC                             ; power  ;              ; 1.1V                ; --           ;                 ; --       ; --           ;
; V12      ;            ;                ; GND                             ; gnd    ;              ;                     ; --           ;                 ; --       ; --           ;
; V13      ;            ; --             ; VCC                             ; power  ;              ; 1.1V                ; --           ;                 ; --       ; --           ;
; V14      ;            ;                ; GND                             ; gnd    ;              ;                     ; --           ;                 ; --       ; --           ;
; V15      ;            ; --             ; VCC                             ; power  ;              ; 1.1V                ; --           ;                 ; --       ; --           ;
; V16      ; 138        ; 4A             ; tx_seg_b                        ; output ; 2.5 V        ;                     ; Column I/O   ; Y               ; no       ; Off          ;
; V17      ; 154        ; 4A             ; tx_seg_g                        ; output ; 2.5 V        ;                     ; Column I/O   ; Y               ; no       ; Off          ;
; V18      ; 194        ; 4A             ; seg_b                           ; output ; 2.5 V        ;                     ; Column I/O   ; Y               ; no       ; Off          ;
; V19      ;            ;                ; GND                             ; gnd    ;              ;                     ; --           ;                 ; --       ; --           ;
; V20      ; 292        ; 6B             ; RESERVED_INPUT_WITH_WEAK_PULLUP ;        ;              ;                     ; Row I/O      ;                 ; no       ; On           ;
; V21      ;            ;                ; GND                             ; gnd    ;              ;                     ; --           ;                 ; --       ; --           ;
; V22      ;            ; 5A             ; VCCPD5A                         ; power  ;              ; 2.5V                ; --           ;                 ; --       ; --           ;
; V23      ; 236        ; 5A             ; RESERVED_INPUT_WITH_WEAK_PULLUP ;        ;              ;                     ; Row I/O      ;                 ; no       ; On           ;
; V24      ;            ; 5A             ; VCCPD5A                         ; power  ;              ; 2.5V                ; --           ;                 ; --       ; --           ;
; V25      ; 246        ; 5B             ; RESERVED_INPUT_WITH_WEAK_PULLUP ;        ;              ;                     ; Row I/O      ;                 ; no       ; On           ;
; V26      ;            ; 6B             ; VCCIO6B_HPS                     ; power  ;              ; 2.5V                ; --           ;                 ; --       ; --           ;
; V27      ; 265        ; 6B             ; RESERVED_INPUT_WITH_WEAK_PULLUP ;        ;              ;                     ; Row I/O      ;                 ; no       ; On           ;
; V28      ; 271        ; 6B             ; RESERVED_INPUT_WITH_WEAK_PULLUP ;        ;              ;                     ; Row I/O      ;                 ; no       ; On           ;
; V29      ; 275        ; 6B             ; RESERVED_INPUT_WITH_WEAK_PULLUP ;        ;              ;                     ; Row I/O      ;                 ; no       ; On           ;
; V30      ; 281        ; 6B             ; RESERVED_INPUT_WITH_WEAK_PULLUP ;        ;              ;                     ; Row I/O      ;                 ; no       ; On           ;
; W1       ; 27         ; B1L            ; GND                             ;        ;              ;                     ; --           ;                 ; --       ; --           ;
; W2       ; 26         ; B1L            ; GND                             ;        ;              ;                     ; --           ;                 ; --       ; --           ;
; W3       ;            ;                ; GND                             ; gnd    ;              ;                     ; --           ;                 ; --       ; --           ;
; W4       ;            ;                ; GND                             ; gnd    ;              ;                     ; --           ;                 ; --       ; --           ;
; W5       ;            ; --             ; VCCL_GXBL                       ; power  ;              ; 1.1V                ; --           ;                 ; --       ; --           ;
; W6       ;            ;                ; GND                             ; gnd    ;              ;                     ; --           ;                 ; --       ; --           ;
; W7       ; 41         ; B0L            ; GND                             ;        ;              ;                     ; Row I/O      ;                 ; --       ; --           ;
; W8       ; 40         ; B0L            ; GND                             ;        ;              ;                     ; Row I/O      ;                 ; --       ; --           ;
; W9       ;            ;                ; GND                             ; gnd    ;              ;                     ; --           ;                 ; --       ; --           ;
; W10      ;            ; --             ; VCC                             ; power  ;              ; 1.1V                ; --           ;                 ; --       ; --           ;
; W11      ;            ;                ; GND                             ; gnd    ;              ;                     ; --           ;                 ; --       ; --           ;
; W12      ;            ; --             ; VCC                             ; power  ;              ; 1.1V                ; --           ;                 ; --       ; --           ;
; W13      ;            ;                ; GND                             ; gnd    ;              ;                     ; --           ;                 ; --       ; --           ;
; W14      ;            ; --             ; VCC                             ; power  ;              ; 1.1V                ; --           ;                 ; --       ; --           ;
; W15      ; 130        ; 3B             ; RESERVED_INPUT_WITH_WEAK_PULLUP ;        ;              ;                     ; Column I/O   ;                 ; no       ; On           ;
; W16      ; 136        ; 4A             ; RESERVED_INPUT_WITH_WEAK_PULLUP ;        ;              ;                     ; Column I/O   ;                 ; no       ; On           ;
; W17      ; 152        ; 4A             ; seg_a                           ; output ; 2.5 V        ;                     ; Column I/O   ; Y               ; no       ; Off          ;
; W18      ;            ;                ; GND                             ; gnd    ;              ;                     ; --           ;                 ; --       ; --           ;
; W19      ; 192        ; 4A             ; RESERVED_INPUT_WITH_WEAK_PULLUP ;        ;              ;                     ; Column I/O   ;                 ; no       ; On           ;
; W20      ; 217        ; 5A             ; RESERVED_INPUT_WITH_WEAK_PULLUP ;        ;              ;                     ; Row I/O      ;                 ; no       ; On           ;
; W21      ; 221        ; 5A             ; RESERVED_INPUT_WITH_WEAK_PULLUP ;        ;              ;                     ; Row I/O      ;                 ; no       ; On           ;
; W22      ; 223        ; 5A             ; RESERVED_INPUT_WITH_WEAK_PULLUP ;        ;              ;                     ; Row I/O      ;                 ; no       ; On           ;
; W23      ;            ; 5A             ; VCCIO5A                         ; power  ;              ; 2.5V                ; --           ;                 ; --       ; --           ;
; W24      ; 238        ; 5A             ; RESERVED_INPUT_WITH_WEAK_PULLUP ;        ;              ;                     ; Row I/O      ;                 ; no       ; On           ;
; W25      ; 244        ; 5B             ; RESERVED_INPUT_WITH_WEAK_PULLUP ;        ;              ;                     ; Row I/O      ;                 ; no       ; On           ;
; W26      ; 274        ; 6B             ; RESERVED_INPUT_WITH_WEAK_PULLUP ;        ;              ;                     ; Row I/O      ;                 ; no       ; On           ;
; W27      ; 261        ; 6B             ; RESERVED_INPUT_WITH_WEAK_PULLUP ;        ;              ;                     ; Row I/O      ;                 ; no       ; On           ;
; W28      ;            ;                ; GND                             ; gnd    ;              ;                     ; --           ;                 ; --       ; --           ;
; W29      ; 279        ; 6B             ; RESERVED_INPUT_WITH_WEAK_PULLUP ;        ;              ;                     ; Row I/O      ;                 ; no       ; On           ;
; W30      ; 277        ; 6B             ; RESERVED_INPUT_WITH_WEAK_PULLUP ;        ;              ;                     ; Row I/O      ;                 ; no       ; On           ;
; Y1       ;            ;                ; GND                             ; gnd    ;              ;                     ; --           ;                 ; --       ; --           ;
; Y2       ;            ;                ; GND                             ; gnd    ;              ;                     ; --           ;                 ; --       ; --           ;
; Y3       ; 28         ; B0L            ; GXB_NC                          ;        ;              ;                     ; --           ;                 ; --       ; --           ;
; Y4       ; 29         ; B0L            ; GXB_NC                          ;        ;              ;                     ; --           ;                 ; --       ; --           ;
; Y5       ;            ;                ; GND                             ; gnd    ;              ;                     ; --           ;                 ; --       ; --           ;
; Y6       ;            ; --             ; VCCE_GXBL                       ; power  ;              ; 1.1V                ; --           ;                 ; --       ; --           ;
; Y7       ;            ;                ; GND                             ; gnd    ;              ;                     ; --           ;                 ; --       ; --           ;
; Y8       ;            ;                ; GND                             ; gnd    ;              ;                     ; --           ;                 ; --       ; --           ;
; Y9       ;            ; --             ; VCC                             ; power  ;              ; 1.1V                ; --           ;                 ; --       ; --           ;
; Y10      ;            ;                ; GND                             ; gnd    ;              ;                     ; --           ;                 ; --       ; --           ;
; Y11      ;            ; --             ; VCC                             ; power  ;              ; 1.1V                ; --           ;                 ; --       ; --           ;
; Y12      ;            ;                ; GND                             ; gnd    ;              ;                     ; --           ;                 ; --       ; --           ;
; Y13      ;            ; --             ; VCC                             ; power  ;              ; 1.1V                ; --           ;                 ; --       ; --           ;
; Y14      ;            ;                ; GND                             ; gnd    ;              ;                     ; --           ;                 ; --       ; --           ;
; Y15      ;            ;                ; GND                             ; gnd    ;              ;                     ; --           ;                 ; --       ; --           ;
; Y16      ; 128        ; 3B             ; RESERVED_INPUT_WITH_WEAK_PULLUP ;        ;              ;                     ; Column I/O   ;                 ; no       ; On           ;
; Y17      ; 170        ; 4A             ; RESERVED_INPUT_WITH_WEAK_PULLUP ;        ;              ;                     ; Column I/O   ;                 ; no       ; On           ;
; Y18      ; 178        ; 4A             ; RESERVED_INPUT_WITH_WEAK_PULLUP ;        ;              ;                     ; Column I/O   ;                 ; no       ; On           ;
; Y19      ; 202        ; 4A             ; RESERVED_INPUT_WITH_WEAK_PULLUP ;        ;              ;                     ; Column I/O   ;                 ; no       ; On           ;
; Y20      ;            ;                ; GND                             ; gnd    ;              ;                     ; --           ;                 ; --       ; --           ;
; Y21      ; 219        ; 5A             ; RESERVED_INPUT_WITH_WEAK_PULLUP ;        ;              ;                     ; Row I/O      ;                 ; no       ; On           ;
; Y22      ;            ; --             ; VCCA_FPLL                       ; power  ;              ; 2.5V                ; --           ;                 ; --       ; --           ;
; Y23      ; 232        ; 5A             ; RESERVED_INPUT_WITH_WEAK_PULLUP ;        ;              ;                     ; Row I/O      ;                 ; no       ; On           ;
; Y24      ; 234        ; 5A             ; RESERVED_INPUT_WITH_WEAK_PULLUP ;        ;              ;                     ; Row I/O      ;                 ; no       ; On           ;
; Y25      ;            ;                ; GND                             ; gnd    ;              ;                     ; --           ;                 ; --       ; --           ;
; Y26      ; 256        ; 5B             ; RESERVED_INPUT_WITH_WEAK_PULLUP ;        ;              ;                     ; Row I/O      ;                 ; no       ; On           ;
; Y27      ; 258        ; 5B             ; asci_or_hexa_tx                 ; input  ; 2.5 V        ;                     ; Row I/O      ; Y               ; no       ; Off          ;
; Y28      ; 269        ; 6B             ; RESERVED_INPUT_WITH_WEAK_PULLUP ;        ;              ;                     ; Row I/O      ;                 ; no       ; On           ;
; Y29      ; 263        ; 6B             ; RESERVED_INPUT_WITH_WEAK_PULLUP ;        ;              ;                     ; Row I/O      ;                 ; no       ; On           ;
; Y30      ;            ;                ; GND                             ; gnd    ;              ;                     ; --           ;                 ; --       ; --           ;
+----------+------------+----------------+---------------------------------+--------+--------------+---------------------+--------------+-----------------+----------+--------------+
Note: Pin directions (input, output or bidir) are based on device operating in user mode.


+-------------------------------------------------+
; I/O Assignment Warnings                         ;
+-----------------+-------------------------------+
; Pin Name        ; Reason                        ;
+-----------------+-------------------------------+
; tx              ; Incomplete set of assignments ;
; seg_a           ; Incomplete set of assignments ;
; seg_b           ; Incomplete set of assignments ;
; seg_c           ; Incomplete set of assignments ;
; seg_d           ; Incomplete set of assignments ;
; seg_e           ; Incomplete set of assignments ;
; seg_f           ; Incomplete set of assignments ;
; seg_g           ; Incomplete set of assignments ;
; tx_seg_a        ; Incomplete set of assignments ;
; tx_seg_b        ; Incomplete set of assignments ;
; tx_seg_c        ; Incomplete set of assignments ;
; tx_seg_d        ; Incomplete set of assignments ;
; tx_seg_e        ; Incomplete set of assignments ;
; tx_seg_f        ; Incomplete set of assignments ;
; tx_seg_g        ; Incomplete set of assignments ;
; asci_or_hexa_rx ; Incomplete set of assignments ;
; asci_or_hexa_tx ; Incomplete set of assignments ;
; clk_in          ; Incomplete set of assignments ;
; rst             ; Incomplete set of assignments ;
; rx              ; Incomplete set of assignments ;
+-----------------+-------------------------------+


+-----------------------------------------------------------------------------------------------------------------------------------------------------------------------------------------------------------------------------------------------------------------------------------------------------------------------------------------------------------------------------------------------------------------------------------------------------------------------------------------------------------------------------------------------+
; Fitter Resource Utilization by Entity                                                                                                                                                                                                                                                                                                                                                                                                                                                                                                         ;
+----------------------------------------------------------------------+----------------------+----------------------------------+---------------------------------------------------+----------------------------------+----------------------+---------------------+---------------------------+---------------+-------------------+-------+------------+------+--------------+---------------------------------------------------------------------------------------------------------------+--------------------------------+--------------+
; Compilation Hierarchy Node                                           ; ALMs needed [=A-B+C] ; [A] ALMs used in final placement ; [B] Estimate of ALMs recoverable by dense packing ; [C] Estimate of ALMs unavailable ; ALMs used for memory ; Combinational ALUTs ; Dedicated Logic Registers ; I/O Registers ; Block Memory Bits ; M10Ks ; DSP Blocks ; Pins ; Virtual Pins ; Full Hierarchy Name                                                                                           ; Entity Name                    ; Library Name ;
+----------------------------------------------------------------------+----------------------+----------------------------------+---------------------------------------------------+----------------------------------+----------------------+---------------------+---------------------------+---------------+-------------------+-------+------------+------+--------------+---------------------------------------------------------------------------------------------------------------+--------------------------------+--------------+
; |risc_v_mike_top                                                     ; 10323.1 (3868.0)     ; 12531.5 (4178.8)                 ; 2557.9 (325.6)                                    ; 349.5 (14.9)                     ; 0.0 (0.0)            ; 8120 (5794)         ; 17509 (32)                ; 0 (0)         ; 0                 ; 0     ; 0          ; 20   ; 0            ; |risc_v_mike_top                                                                                              ; risc_v_mike_top                ; work         ;
;    |UART_UNCORE:i_UART_UNCORE|                                       ; 124.5 (0.0)          ; 132.7 (0.0)                      ; 8.2 (0.0)                                         ; 0.0 (0.0)                        ; 0.0 (0.0)            ; 180 (0)             ; 98 (0)                    ; 0 (0)         ; 0                 ; 0     ; 0          ; 0    ; 0            ; |risc_v_mike_top|UART_UNCORE:i_UART_UNCORE                                                                    ; UART_UNCORE                    ; work         ;
;       |UART_MIKE:i_top_UART_MIKE|                                    ; 109.7 (14.6)         ; 117.1 (15.4)                     ; 7.3 (0.8)                                         ; 0.0 (0.0)                        ; 0.0 (0.0)            ; 169 (21)            ; 77 (11)                   ; 0 (0)         ; 0                 ; 0     ; 0          ; 0    ; 0            ; |risc_v_mike_top|UART_UNCORE:i_UART_UNCORE|UART_MIKE:i_top_UART_MIKE                                          ; UART_MIKE                      ; work         ;
;          |ascii_dec_to_7_seg:RX_ascii_dec_to_7_seg|                  ; 23.8 (23.8)          ; 25.3 (25.3)                      ; 1.5 (1.5)                                         ; 0.0 (0.0)                        ; 0.0 (0.0)            ; 39 (39)             ; 0 (0)                     ; 0 (0)         ; 0                 ; 0     ; 0          ; 0    ; 0            ; |risc_v_mike_top|UART_UNCORE:i_UART_UNCORE|UART_MIKE:i_top_UART_MIKE|ascii_dec_to_7_seg:RX_ascii_dec_to_7_seg ; ascii_dec_to_7_seg             ; work         ;
;          |ascii_dec_to_7_seg:TX_ascii_dec_to_7_seg|                  ; 24.5 (24.5)          ; 26.3 (26.3)                      ; 1.8 (1.8)                                         ; 0.0 (0.0)                        ; 0.0 (0.0)            ; 41 (41)             ; 0 (0)                     ; 0 (0)         ; 0                 ; 0     ; 0          ; 0    ; 0            ; |risc_v_mike_top|UART_UNCORE:i_UART_UNCORE|UART_MIKE:i_top_UART_MIKE|ascii_dec_to_7_seg:TX_ascii_dec_to_7_seg ; ascii_dec_to_7_seg             ; work         ;
;          |counter:rx_clk_counter|                                    ; 10.0 (10.0)          ; 10.2 (10.2)                      ; 0.2 (0.2)                                         ; 0.0 (0.0)                        ; 0.0 (0.0)            ; 17 (17)             ; 12 (12)                   ; 0 (0)         ; 0                 ; 0     ; 0          ; 0    ; 0            ; |risc_v_mike_top|UART_UNCORE:i_UART_UNCORE|UART_MIKE:i_top_UART_MIKE|counter:rx_clk_counter                   ; counter                        ; work         ;
;          |counter:rx_counter|                                        ; 4.5 (4.5)            ; 4.5 (4.5)                        ; 0.0 (0.0)                                         ; 0.0 (0.0)                        ; 0.0 (0.0)            ; 6 (6)               ; 4 (4)                     ; 0 (0)         ; 0                 ; 0     ; 0          ; 0    ; 0            ; |risc_v_mike_top|UART_UNCORE:i_UART_UNCORE|UART_MIKE:i_top_UART_MIKE|counter:rx_counter                       ; counter                        ; work         ;
;          |counter:rx_counter_shift_en|                               ; 10.0 (10.0)          ; 10.0 (10.0)                      ; 0.0 (0.0)                                         ; 0.0 (0.0)                        ; 0.0 (0.0)            ; 16 (16)             ; 12 (12)                   ; 0 (0)         ; 0                 ; 0     ; 0          ; 0    ; 0            ; |risc_v_mike_top|UART_UNCORE:i_UART_UNCORE|UART_MIKE:i_top_UART_MIKE|counter:rx_counter_shift_en              ; counter                        ; work         ;
;          |counter:tx_clk_counter|                                    ; 9.2 (9.2)            ; 10.0 (10.0)                      ; 0.8 (0.8)                                         ; 0.0 (0.0)                        ; 0.0 (0.0)            ; 16 (16)             ; 12 (12)                   ; 0 (0)         ; 0                 ; 0     ; 0          ; 0    ; 0            ; |risc_v_mike_top|UART_UNCORE:i_UART_UNCORE|UART_MIKE:i_top_UART_MIKE|counter:tx_clk_counter                   ; counter                        ; work         ;
;          |counter:tx_counter|                                        ; 3.0 (3.0)            ; 3.0 (3.0)                        ; 0.0 (0.0)                                         ; 0.0 (0.0)                        ; 0.0 (0.0)            ; 4 (4)               ; 4 (4)                     ; 0 (0)         ; 0                 ; 0     ; 0          ; 0    ; 0            ; |risc_v_mike_top|UART_UNCORE:i_UART_UNCORE|UART_MIKE:i_top_UART_MIKE|counter:tx_counter                       ; counter                        ; work         ;
;          |rx_shifter:rx_shifter|                                     ; 6.0 (6.0)            ; 8.2 (8.2)                        ; 2.2 (2.2)                                         ; 0.0 (0.0)                        ; 0.0 (0.0)            ; 2 (2)               ; 18 (18)                   ; 0 (0)         ; 0                 ; 0     ; 0          ; 0    ; 0            ; |risc_v_mike_top|UART_UNCORE:i_UART_UNCORE|UART_MIKE:i_top_UART_MIKE|rx_shifter:rx_shifter                    ; rx_shifter                     ; work         ;
;          |tx_shifter:tx_shifter|                                     ; 4.2 (4.2)            ; 4.2 (4.2)                        ; 0.0 (0.0)                                         ; 0.0 (0.0)                        ; 0.0 (0.0)            ; 7 (7)               ; 4 (4)                     ; 0 (0)         ; 0                 ; 0     ; 0          ; 0    ; 0            ; |risc_v_mike_top|UART_UNCORE:i_UART_UNCORE|UART_MIKE:i_top_UART_MIKE|tx_shifter:tx_shifter                    ; tx_shifter                     ; work         ;
;       |risc_v_mike_gpio_module:i_risc_v_mike_gpio_module|            ; 14.8 (14.8)          ; 15.6 (15.6)                      ; 0.8 (0.8)                                         ; 0.0 (0.0)                        ; 0.0 (0.0)            ; 11 (11)             ; 21 (21)                   ; 0 (0)         ; 0                 ; 0     ; 0          ; 0    ; 0            ; |risc_v_mike_top|UART_UNCORE:i_UART_UNCORE|risc_v_mike_gpio_module:i_risc_v_mike_gpio_module                  ; risc_v_mike_gpio_module        ; work         ;
;    |risc_v_mem_ctrl:i_risc_v_mem_ctrl|                               ; 64.2 (64.2)          ; 64.2 (64.2)                      ; 0.3 (0.3)                                         ; 0.3 (0.3)                        ; 0.0 (0.0)            ; 114 (114)           ; 0 (0)                     ; 0 (0)         ; 0                 ; 0     ; 0          ; 0    ; 0            ; |risc_v_mike_top|risc_v_mem_ctrl:i_risc_v_mem_ctrl                                                            ; risc_v_mem_ctrl                ; work         ;
;    |risc_v_mike_alu:i_risc_v_mike_alu|                               ; 312.1 (312.1)        ; 321.3 (321.3)                    ; 20.5 (20.5)                                       ; 11.3 (11.3)                      ; 0.0 (0.0)            ; 427 (427)           ; 0 (0)                     ; 0 (0)         ; 0                 ; 0     ; 0          ; 0    ; 0            ; |risc_v_mike_top|risc_v_mike_alu:i_risc_v_mike_alu                                                            ; risc_v_mike_alu                ; work         ;
;    |risc_v_mike_clk_divider:i_risc_v_mike_clk_divider|               ; 1.0 (1.0)            ; 2.0 (2.0)                        ; 1.0 (1.0)                                         ; 0.0 (0.0)                        ; 0.0 (0.0)            ; 2 (2)               ; 3 (3)                     ; 0 (0)         ; 0                 ; 0     ; 0          ; 0    ; 0            ; |risc_v_mike_top|risc_v_mike_clk_divider:i_risc_v_mike_clk_divider                                            ; risc_v_mike_clk_divider        ; work         ;
;    |risc_v_mike_ctrl:i_risc_v_mike_ctrl|                             ; 43.7 (43.7)          ; 47.3 (47.3)                      ; 3.7 (3.7)                                         ; 0.0 (0.0)                        ; 0.0 (0.0)            ; 58 (58)             ; 0 (0)                     ; 0 (0)         ; 0                 ; 0     ; 0          ; 0    ; 0            ; |risc_v_mike_top|risc_v_mike_ctrl:i_risc_v_mike_ctrl                                                          ; risc_v_mike_ctrl               ; work         ;
;    |risc_v_mike_data_memory:i_risc_v_mike_data_memory|               ; 5271.9 (5271.9)      ; 7000.9 (7000.9)                  ; 2043.8 (2043.8)                                   ; 314.8 (314.8)                    ; 0.0 (0.0)            ; 980 (980)           ; 16384 (16384)             ; 0 (0)         ; 0                 ; 0     ; 0          ; 0    ; 0            ; |risc_v_mike_top|risc_v_mike_data_memory:i_risc_v_mike_data_memory                                            ; risc_v_mike_data_memory        ; work         ;
;    |risc_v_mike_instruction_memory:i_risc_v_mike_instruction_memory| ; 74.8 (74.8)          ; 81.5 (81.5)                      ; 6.8 (6.8)                                         ; 0.1 (0.1)                        ; 0.0 (0.0)            ; 126 (126)           ; 0 (0)                     ; 0 (0)         ; 0                 ; 0     ; 0          ; 0    ; 0            ; |risc_v_mike_top|risc_v_mike_instruction_memory:i_risc_v_mike_instruction_memory                              ; risc_v_mike_instruction_memory ; work         ;
;    |risc_v_mike_reg_file:i_risc_v_mike_reg_file|                     ; 535.7 (535.7)        ; 672.7 (672.7)                    ; 145.1 (145.1)                                     ; 8.0 (8.0)                        ; 0.0 (0.0)            ; 392 (392)           ; 992 (992)                 ; 0 (0)         ; 0                 ; 0     ; 0          ; 0    ; 0            ; |risc_v_mike_top|risc_v_mike_reg_file:i_risc_v_mike_reg_file                                                  ; risc_v_mike_reg_file           ; work         ;
;    |risc_v_mike_sign_extend:i_risc_v_mike_sign_extend|               ; 27.3 (27.3)          ; 30.1 (30.1)                      ; 2.9 (2.9)                                         ; 0.1 (0.1)                        ; 0.0 (0.0)            ; 47 (47)             ; 0 (0)                     ; 0 (0)         ; 0                 ; 0     ; 0          ; 0    ; 0            ; |risc_v_mike_top|risc_v_mike_sign_extend:i_risc_v_mike_sign_extend                                            ; risc_v_mike_sign_extend        ; work         ;
+----------------------------------------------------------------------+----------------------+----------------------------------+---------------------------------------------------+----------------------------------+----------------------+---------------------+---------------------------+---------------+-------------------+-------+------------+------+--------------+---------------------------------------------------------------------------------------------------------------+--------------------------------+--------------+
Note: For table entries with two numbers listed, the numbers in parentheses indicate the number of resources of the given type used by the specific entity alone. The numbers listed outside of parentheses indicate the total resources of the given type used by the specific entity and all of its sub-entities in the hierarchy.


+--------------------------------------------------------------------------------------------------------------------------------+
; Delay Chain Summary                                                                                                            ;
+-----------------+----------+----+------+------+----+------+-------+--------+------------------------+--------------------------+
; Name            ; Pin Type ; D1 ; D3_0 ; D3_1 ; D4 ; D5   ; D5 OE ; D5 OCT ; T11 (Postamble Gating) ; T11 (Postamble Ungating) ;
+-----------------+----------+----+------+------+----+------+-------+--------+------------------------+--------------------------+
; tx              ; Output   ; -- ; --   ; --   ; -- ; (0)  ; (31)  ; --     ; --                     ; --                       ;
; seg_a           ; Output   ; -- ; --   ; --   ; -- ; (0)  ; (31)  ; --     ; --                     ; --                       ;
; seg_b           ; Output   ; -- ; --   ; --   ; -- ; (0)  ; (31)  ; --     ; --                     ; --                       ;
; seg_c           ; Output   ; -- ; --   ; --   ; -- ; (0)  ; (31)  ; --     ; --                     ; --                       ;
; seg_d           ; Output   ; -- ; --   ; --   ; -- ; (0)  ; (31)  ; --     ; --                     ; --                       ;
; seg_e           ; Output   ; -- ; --   ; --   ; -- ; (0)  ; (31)  ; --     ; --                     ; --                       ;
; seg_f           ; Output   ; -- ; --   ; --   ; -- ; (0)  ; (31)  ; --     ; --                     ; --                       ;
; seg_g           ; Output   ; -- ; --   ; --   ; -- ; (0)  ; (31)  ; --     ; --                     ; --                       ;
; tx_seg_a        ; Output   ; -- ; --   ; --   ; -- ; (0)  ; (31)  ; --     ; --                     ; --                       ;
; tx_seg_b        ; Output   ; -- ; --   ; --   ; -- ; (0)  ; (31)  ; --     ; --                     ; --                       ;
; tx_seg_c        ; Output   ; -- ; --   ; --   ; -- ; (0)  ; (31)  ; --     ; --                     ; --                       ;
; tx_seg_d        ; Output   ; -- ; --   ; --   ; -- ; (0)  ; (31)  ; --     ; --                     ; --                       ;
; tx_seg_e        ; Output   ; -- ; --   ; --   ; -- ; (0)  ; (31)  ; --     ; --                     ; --                       ;
; tx_seg_f        ; Output   ; -- ; --   ; --   ; -- ; (0)  ; (31)  ; --     ; --                     ; --                       ;
; tx_seg_g        ; Output   ; -- ; --   ; --   ; -- ; (0)  ; (31)  ; --     ; --                     ; --                       ;
; asci_or_hexa_rx ; Input    ; -- ; --   ; (0)  ; -- ; --   ; --    ; --     ; --                     ; --                       ;
; asci_or_hexa_tx ; Input    ; -- ; (0)  ; --   ; -- ; --   ; --    ; --     ; --                     ; --                       ;
; clk_in          ; Input    ; -- ; (0)  ; --   ; -- ; --   ; --    ; --     ; --                     ; --                       ;
; rst             ; Input    ; -- ; (0)  ; --   ; -- ; --   ; --    ; --     ; --                     ; --                       ;
; rx              ; Input    ; -- ; --   ; (0)  ; -- ; --   ; --    ; --     ; --                     ; --                       ;
+-----------------+----------+----+------+------+----+------+-------+--------+------------------------+--------------------------+


+----------------------------------------------------------------------------------------------------------------------------------------------+
; Pad To Core Delay Chain Fanout                                                                                                               ;
+----------------------------------------------------------------------------------------------------------------+-------------------+---------+
; Source Pin / Fanout                                                                                            ; Pad To Core Index ; Setting ;
+----------------------------------------------------------------------------------------------------------------+-------------------+---------+
; asci_or_hexa_rx                                                                                                ;                   ;         ;
;      - UART_UNCORE:i_UART_UNCORE|UART_MIKE:i_top_UART_MIKE|ascii_dec_to_7_seg:RX_ascii_dec_to_7_seg|seg_a~1    ; 1                 ; 0       ;
;      - UART_UNCORE:i_UART_UNCORE|UART_MIKE:i_top_UART_MIKE|ascii_dec_to_7_seg:RX_ascii_dec_to_7_seg|seg_a~4    ; 1                 ; 0       ;
;      - UART_UNCORE:i_UART_UNCORE|UART_MIKE:i_top_UART_MIKE|ascii_dec_to_7_seg:RX_ascii_dec_to_7_seg|seg_a~5    ; 1                 ; 0       ;
;      - UART_UNCORE:i_UART_UNCORE|UART_MIKE:i_top_UART_MIKE|ascii_dec_to_7_seg:RX_ascii_dec_to_7_seg|seg_b~1    ; 1                 ; 0       ;
;      - UART_UNCORE:i_UART_UNCORE|UART_MIKE:i_top_UART_MIKE|ascii_dec_to_7_seg:RX_ascii_dec_to_7_seg|seg_c~0    ; 1                 ; 0       ;
;      - UART_UNCORE:i_UART_UNCORE|UART_MIKE:i_top_UART_MIKE|ascii_dec_to_7_seg:RX_ascii_dec_to_7_seg|WideOr10~3 ; 1                 ; 0       ;
;      - UART_UNCORE:i_UART_UNCORE|UART_MIKE:i_top_UART_MIKE|ascii_dec_to_7_seg:RX_ascii_dec_to_7_seg|WideOr10~4 ; 1                 ; 0       ;
;      - UART_UNCORE:i_UART_UNCORE|UART_MIKE:i_top_UART_MIKE|ascii_dec_to_7_seg:RX_ascii_dec_to_7_seg|seg_e~0    ; 1                 ; 0       ;
;      - UART_UNCORE:i_UART_UNCORE|UART_MIKE:i_top_UART_MIKE|ascii_dec_to_7_seg:RX_ascii_dec_to_7_seg|seg_f~0    ; 1                 ; 0       ;
;      - UART_UNCORE:i_UART_UNCORE|UART_MIKE:i_top_UART_MIKE|ascii_dec_to_7_seg:RX_ascii_dec_to_7_seg|seg_g~0    ; 1                 ; 0       ;
; asci_or_hexa_tx                                                                                                ;                   ;         ;
;      - UART_UNCORE:i_UART_UNCORE|UART_MIKE:i_top_UART_MIKE|ascii_dec_to_7_seg:TX_ascii_dec_to_7_seg|seg_a~0    ; 0                 ; 0       ;
;      - UART_UNCORE:i_UART_UNCORE|UART_MIKE:i_top_UART_MIKE|ascii_dec_to_7_seg:TX_ascii_dec_to_7_seg|seg_a~1    ; 0                 ; 0       ;
;      - UART_UNCORE:i_UART_UNCORE|UART_MIKE:i_top_UART_MIKE|ascii_dec_to_7_seg:TX_ascii_dec_to_7_seg|seg_a~5    ; 0                 ; 0       ;
;      - UART_UNCORE:i_UART_UNCORE|UART_MIKE:i_top_UART_MIKE|ascii_dec_to_7_seg:TX_ascii_dec_to_7_seg|seg_b~1    ; 0                 ; 0       ;
;      - UART_UNCORE:i_UART_UNCORE|UART_MIKE:i_top_UART_MIKE|ascii_dec_to_7_seg:TX_ascii_dec_to_7_seg|seg_c~0    ; 0                 ; 0       ;
;      - UART_UNCORE:i_UART_UNCORE|UART_MIKE:i_top_UART_MIKE|ascii_dec_to_7_seg:TX_ascii_dec_to_7_seg|WideOr10~3 ; 0                 ; 0       ;
;      - UART_UNCORE:i_UART_UNCORE|UART_MIKE:i_top_UART_MIKE|ascii_dec_to_7_seg:TX_ascii_dec_to_7_seg|WideOr10~4 ; 0                 ; 0       ;
;      - UART_UNCORE:i_UART_UNCORE|UART_MIKE:i_top_UART_MIKE|ascii_dec_to_7_seg:TX_ascii_dec_to_7_seg|seg_e~0    ; 0                 ; 0       ;
;      - UART_UNCORE:i_UART_UNCORE|UART_MIKE:i_top_UART_MIKE|ascii_dec_to_7_seg:TX_ascii_dec_to_7_seg|seg_f~0    ; 0                 ; 0       ;
;      - UART_UNCORE:i_UART_UNCORE|UART_MIKE:i_top_UART_MIKE|ascii_dec_to_7_seg:TX_ascii_dec_to_7_seg|seg_g~2    ; 0                 ; 0       ;
; clk_in                                                                                                         ;                   ;         ;
;      - risc_v_mike_clk_divider:i_risc_v_mike_clk_divider|pre_clk_cnt[0]                                        ; 0                 ; 0       ;
; rst                                                                                                            ;                   ;         ;
;      - risc_v_mike_clk_divider:i_risc_v_mike_clk_divider|rst_out                                               ; 0                 ; 0       ;
;      - risc_v_mike_clk_divider:i_risc_v_mike_clk_divider|pre_clk_cnt[0]                                        ; 0                 ; 0       ;
;      - risc_v_mike_clk_divider:i_risc_v_mike_clk_divider|rst_tmp                                               ; 0                 ; 0       ;
; rx                                                                                                             ;                   ;         ;
;      - UART_UNCORE:i_UART_UNCORE|UART_MIKE:i_top_UART_MIKE|rx_shifter:rx_shifter|rx_byte_buffer[0]             ; 1                 ; 0       ;
;      - UART_UNCORE:i_UART_UNCORE|UART_MIKE:i_top_UART_MIKE|counter:rx_clk_counter|count_ff[3]~0                ; 1                 ; 0       ;
;      - UART_UNCORE:i_UART_UNCORE|UART_MIKE:i_top_UART_MIKE|counter:rx_clk_counter|count_ff[3]~1                ; 1                 ; 0       ;
;      - UART_UNCORE:i_UART_UNCORE|UART_MIKE:i_top_UART_MIKE|rx_inprg~0                                          ; 1                 ; 0       ;
;      - UART_UNCORE:i_UART_UNCORE|UART_MIKE:i_top_UART_MIKE|rx_ff~feeder                                        ; 1                 ; 0       ;
+----------------------------------------------------------------------------------------------------------------+-------------------+---------+


+------------------------------------------------------------------------------------------------------------------------------------------------------------------------------------------------------------------------------------------------+
; Control Signals                                                                                                                                                                                                                                ;
+----------------------------------------------------------------------------------------------------+----------------------+---------+---------------------------+--------+----------------------+------------------+---------------------------+
; Name                                                                                               ; Location             ; Fan-Out ; Usage                     ; Global ; Global Resource Used ; Global Line Name ; Enable Signal Source Name ;
+----------------------------------------------------------------------------------------------------+----------------------+---------+---------------------------+--------+----------------------+------------------+---------------------------+
; UART_UNCORE:i_UART_UNCORE|UART_MIKE:i_top_UART_MIKE|counter:rx_clk_counter|count_ff[3]~0           ; LABCELL_X29_Y38_N51  ; 12      ; Sync. clear               ; no     ; --                   ; --               ; --                        ;
; UART_UNCORE:i_UART_UNCORE|UART_MIKE:i_top_UART_MIKE|counter:rx_clk_counter|count_ff[3]~1           ; LABCELL_X29_Y38_N18  ; 12      ; Clock enable              ; no     ; --                   ; --               ; --                        ;
; UART_UNCORE:i_UART_UNCORE|UART_MIKE:i_top_UART_MIKE|counter:rx_counter_shift_en|count_ff[0]~0      ; LABCELL_X33_Y39_N48  ; 12      ; Sync. clear               ; no     ; --                   ; --               ; --                        ;
; UART_UNCORE:i_UART_UNCORE|UART_MIKE:i_top_UART_MIKE|counter:rx_counter_shift_en|count_ff[0]~1      ; LABCELL_X33_Y39_N54  ; 12      ; Clock enable              ; no     ; --                   ; --               ; --                        ;
; UART_UNCORE:i_UART_UNCORE|UART_MIKE:i_top_UART_MIKE|counter:rx_counter|count_ff[3]~0               ; LABCELL_X30_Y38_N42  ; 6       ; Clock enable              ; no     ; --                   ; --               ; --                        ;
; UART_UNCORE:i_UART_UNCORE|UART_MIKE:i_top_UART_MIKE|counter:tx_clk_counter|count_ff[3]~0           ; LABCELL_X23_Y37_N51  ; 12      ; Sync. clear               ; no     ; --                   ; --               ; --                        ;
; UART_UNCORE:i_UART_UNCORE|UART_MIKE:i_top_UART_MIKE|counter:tx_clk_counter|count_ff[3]~1           ; LABCELL_X23_Y37_N54  ; 12      ; Clock enable              ; no     ; --                   ; --               ; --                        ;
; UART_UNCORE:i_UART_UNCORE|UART_MIKE:i_top_UART_MIKE|rx_shifter:rx_shifter|rx_byte_buffer[3]~0      ; LABCELL_X31_Y39_N54  ; 10      ; Clock enable              ; no     ; --                   ; --               ; --                        ;
; UART_UNCORE:i_UART_UNCORE|UART_MIKE:i_top_UART_MIKE|rx_shifter:rx_shifter|rx_byte_tmp.rx_byte[2]~0 ; LABCELL_X30_Y39_N45  ; 8       ; Clock enable              ; no     ; --                   ; --               ; --                        ;
; UART_UNCORE:i_UART_UNCORE|risc_v_mike_gpio_module:i_risc_v_mike_gpio_module|tx_data_ff[1]~0        ; LABCELL_X29_Y28_N0   ; 8       ; Clock enable              ; no     ; --                   ; --               ; --                        ;
; clk_in                                                                                             ; PIN_AF14             ; 2       ; Clock                     ; no     ; --                   ; --               ; --                        ;
; clk_in                                                                                             ; PIN_AF14             ; 2       ; Clock                     ; yes    ; Global Clock         ; GCLK4            ; --                        ;
; pc_addr[0]~18                                                                                      ; LABCELL_X29_Y4_N21   ; 2       ; Clock enable              ; no     ; --                   ; --               ; --                        ;
; risc_v_mike_clk_divider:i_risc_v_mike_clk_divider|pre_clk_cnt[0]                                   ; FF_X88_Y24_N2        ; 17506   ; Clock                     ; yes    ; Global Clock         ; GCLK10           ; --                        ;
; risc_v_mike_clk_divider:i_risc_v_mike_clk_divider|rst_out                                          ; FF_X43_Y15_N56       ; 18022   ; Sync. clear, Sync. load   ; no     ; --                   ; --               ; --                        ;
; risc_v_mike_data_memory:i_risc_v_mike_data_memory|data_mem_ff[0][25]~0                             ; LABCELL_X45_Y15_N36  ; 32      ; Clock enable              ; no     ; --                   ; --               ; --                        ;
; risc_v_mike_data_memory:i_risc_v_mike_data_memory|data_mem_ff[100][14]~50                          ; MLABCELL_X52_Y14_N42 ; 32      ; Clock enable              ; no     ; --                   ; --               ; --                        ;
; risc_v_mike_data_memory:i_risc_v_mike_data_memory|data_mem_ff[101][0]~58                           ; LABCELL_X60_Y13_N30  ; 32      ; Clock enable              ; no     ; --                   ; --               ; --                        ;
; risc_v_mike_data_memory:i_risc_v_mike_data_memory|data_mem_ff[102][10]~51                          ; LABCELL_X63_Y11_N6   ; 32      ; Clock enable              ; no     ; --                   ; --               ; --                        ;
; risc_v_mike_data_memory:i_risc_v_mike_data_memory|data_mem_ff[103][9]~59                           ; LABCELL_X45_Y13_N30  ; 32      ; Clock enable              ; no     ; --                   ; --               ; --                        ;
; risc_v_mike_data_memory:i_risc_v_mike_data_memory|data_mem_ff[104][24]~145                         ; LABCELL_X45_Y15_N54  ; 32      ; Clock enable              ; no     ; --                   ; --               ; --                        ;
; risc_v_mike_data_memory:i_risc_v_mike_data_memory|data_mem_ff[105][30]~177                         ; LABCELL_X45_Y15_N57  ; 32      ; Clock enable              ; no     ; --                   ; --               ; --                        ;
; risc_v_mike_data_memory:i_risc_v_mike_data_memory|data_mem_ff[106][28]~147                         ; LABCELL_X56_Y11_N15  ; 32      ; Clock enable              ; no     ; --                   ; --               ; --                        ;
; risc_v_mike_data_memory:i_risc_v_mike_data_memory|data_mem_ff[107][0]~179                          ; LABCELL_X60_Y15_N42  ; 32      ; Clock enable              ; no     ; --                   ; --               ; --                        ;
; risc_v_mike_data_memory:i_risc_v_mike_data_memory|data_mem_ff[108][0]~153                          ; MLABCELL_X59_Y15_N12 ; 32      ; Clock enable              ; no     ; --                   ; --               ; --                        ;
; risc_v_mike_data_memory:i_risc_v_mike_data_memory|data_mem_ff[109][21]~185                         ; LABCELL_X71_Y6_N12   ; 32      ; Clock enable              ; no     ; --                   ; --               ; --                        ;
; risc_v_mike_data_memory:i_risc_v_mike_data_memory|data_mem_ff[10][28]~130                          ; LABCELL_X64_Y17_N24  ; 32      ; Clock enable              ; no     ; --                   ; --               ; --                        ;
; risc_v_mike_data_memory:i_risc_v_mike_data_memory|data_mem_ff[110][19]~155                         ; LABCELL_X51_Y15_N0   ; 32      ; Clock enable              ; no     ; --                   ; --               ; --                        ;
; risc_v_mike_data_memory:i_risc_v_mike_data_memory|data_mem_ff[111][12]~187                         ; LABCELL_X48_Y12_N30  ; 32      ; Clock enable              ; no     ; --                   ; --               ; --                        ;
; risc_v_mike_data_memory:i_risc_v_mike_data_memory|data_mem_ff[112][11]~97                          ; LABCELL_X51_Y12_N33  ; 32      ; Clock enable              ; no     ; --                   ; --               ; --                        ;
; risc_v_mike_data_memory:i_risc_v_mike_data_memory|data_mem_ff[113][0]~113                          ; LABCELL_X57_Y13_N15  ; 32      ; Clock enable              ; no     ; --                   ; --               ; --                        ;
; risc_v_mike_data_memory:i_risc_v_mike_data_memory|data_mem_ff[114][16]~99                          ; LABCELL_X56_Y15_N24  ; 32      ; Clock enable              ; no     ; --                   ; --               ; --                        ;
; risc_v_mike_data_memory:i_risc_v_mike_data_memory|data_mem_ff[115][25]~121                         ; LABCELL_X45_Y13_N12  ; 32      ; Clock enable              ; no     ; --                   ; --               ; --                        ;
; risc_v_mike_data_memory:i_risc_v_mike_data_memory|data_mem_ff[116][10]~105                         ; LABCELL_X57_Y13_N12  ; 32      ; Clock enable              ; no     ; --                   ; --               ; --                        ;
; risc_v_mike_data_memory:i_risc_v_mike_data_memory|data_mem_ff[117][0]~115                          ; LABCELL_X60_Y12_N48  ; 32      ; Clock enable              ; no     ; --                   ; --               ; --                        ;
; risc_v_mike_data_memory:i_risc_v_mike_data_memory|data_mem_ff[118][0]~107                          ; LABCELL_X60_Y17_N54  ; 32      ; Clock enable              ; no     ; --                   ; --               ; --                        ;
; risc_v_mike_data_memory:i_risc_v_mike_data_memory|data_mem_ff[119][16]~123                         ; LABCELL_X45_Y13_N3   ; 32      ; Clock enable              ; no     ; --                   ; --               ; --                        ;
; risc_v_mike_data_memory:i_risc_v_mike_data_memory|data_mem_ff[11][21]~161                          ; LABCELL_X45_Y15_N51  ; 32      ; Clock enable              ; no     ; --                   ; --               ; --                        ;
; risc_v_mike_data_memory:i_risc_v_mike_data_memory|data_mem_ff[120][8]~225                          ; LABCELL_X48_Y22_N48  ; 32      ; Clock enable              ; no     ; --                   ; --               ; --                        ;
; risc_v_mike_data_memory:i_risc_v_mike_data_memory|data_mem_ff[121][31]~227                         ; LABCELL_X43_Y17_N24  ; 32      ; Clock enable              ; no     ; --                   ; --               ; --                        ;
; risc_v_mike_data_memory:i_risc_v_mike_data_memory|data_mem_ff[122][31]~229                         ; LABCELL_X55_Y18_N36  ; 32      ; Clock enable              ; no     ; --                   ; --               ; --                        ;
; risc_v_mike_data_memory:i_risc_v_mike_data_memory|data_mem_ff[123][11]~231                         ; LABCELL_X43_Y17_N18  ; 32      ; Clock enable              ; no     ; --                   ; --               ; --                        ;
; risc_v_mike_data_memory:i_risc_v_mike_data_memory|data_mem_ff[124][0]~233                          ; LABCELL_X45_Y18_N39  ; 32      ; Clock enable              ; no     ; --                   ; --               ; --                        ;
; risc_v_mike_data_memory:i_risc_v_mike_data_memory|data_mem_ff[125][0]~235                          ; LABCELL_X43_Y17_N33  ; 32      ; Clock enable              ; no     ; --                   ; --               ; --                        ;
; risc_v_mike_data_memory:i_risc_v_mike_data_memory|data_mem_ff[126][15]~237                         ; LABCELL_X43_Y17_N51  ; 32      ; Clock enable              ; no     ; --                   ; --               ; --                        ;
; risc_v_mike_data_memory:i_risc_v_mike_data_memory|data_mem_ff[127][16]~239                         ; LABCELL_X43_Y17_N48  ; 32      ; Clock enable              ; no     ; --                   ; --               ; --                        ;
; risc_v_mike_data_memory:i_risc_v_mike_data_memory|data_mem_ff[128][31]~4                           ; LABCELL_X53_Y28_N15  ; 32      ; Clock enable              ; no     ; --                   ; --               ; --                        ;
; risc_v_mike_data_memory:i_risc_v_mike_data_memory|data_mem_ff[129][19]~12                          ; MLABCELL_X65_Y14_N0  ; 32      ; Clock enable              ; no     ; --                   ; --               ; --                        ;
; risc_v_mike_data_memory:i_risc_v_mike_data_memory|data_mem_ff[12][11]~136                          ; LABCELL_X45_Y15_N33  ; 32      ; Clock enable              ; no     ; --                   ; --               ; --                        ;
; risc_v_mike_data_memory:i_risc_v_mike_data_memory|data_mem_ff[130][19]~5                           ; LABCELL_X67_Y15_N57  ; 32      ; Clock enable              ; no     ; --                   ; --               ; --                        ;
; risc_v_mike_data_memory:i_risc_v_mike_data_memory|data_mem_ff[131][18]~13                          ; MLABCELL_X47_Y14_N36 ; 32      ; Clock enable              ; no     ; --                   ; --               ; --                        ;
; risc_v_mike_data_memory:i_risc_v_mike_data_memory|data_mem_ff[132][0]~6                            ; MLABCELL_X72_Y17_N57 ; 32      ; Clock enable              ; no     ; --                   ; --               ; --                        ;
; risc_v_mike_data_memory:i_risc_v_mike_data_memory|data_mem_ff[133][0]~14                           ; LABCELL_X45_Y14_N18  ; 32      ; Clock enable              ; no     ; --                   ; --               ; --                        ;
; risc_v_mike_data_memory:i_risc_v_mike_data_memory|data_mem_ff[134][0]~7                            ; LABCELL_X73_Y14_N42  ; 32      ; Clock enable              ; no     ; --                   ; --               ; --                        ;
; risc_v_mike_data_memory:i_risc_v_mike_data_memory|data_mem_ff[135][0]~15                           ; LABCELL_X45_Y14_N21  ; 32      ; Clock enable              ; no     ; --                   ; --               ; --                        ;
; risc_v_mike_data_memory:i_risc_v_mike_data_memory|data_mem_ff[136][0]~132                          ; LABCELL_X73_Y19_N51  ; 32      ; Clock enable              ; no     ; --                   ; --               ; --                        ;
; risc_v_mike_data_memory:i_risc_v_mike_data_memory|data_mem_ff[137][0]~168                          ; LABCELL_X66_Y19_N57  ; 32      ; Clock enable              ; no     ; --                   ; --               ; --                        ;
; risc_v_mike_data_memory:i_risc_v_mike_data_memory|data_mem_ff[138][0]~134                          ; LABCELL_X71_Y18_N21  ; 32      ; Clock enable              ; no     ; --                   ; --               ; --                        ;
; risc_v_mike_data_memory:i_risc_v_mike_data_memory|data_mem_ff[139][5]~169                          ; LABCELL_X45_Y16_N54  ; 32      ; Clock enable              ; no     ; --                   ; --               ; --                        ;
; risc_v_mike_data_memory:i_risc_v_mike_data_memory|data_mem_ff[13][31]~162                          ; LABCELL_X61_Y15_N3   ; 32      ; Clock enable              ; no     ; --                   ; --               ; --                        ;
; risc_v_mike_data_memory:i_risc_v_mike_data_memory|data_mem_ff[140][25]~140                         ; LABCELL_X73_Y18_N15  ; 32      ; Clock enable              ; no     ; --                   ; --               ; --                        ;
; risc_v_mike_data_memory:i_risc_v_mike_data_memory|data_mem_ff[141][14]~170                         ; LABCELL_X43_Y16_N24  ; 32      ; Clock enable              ; no     ; --                   ; --               ; --                        ;
; risc_v_mike_data_memory:i_risc_v_mike_data_memory|data_mem_ff[142][21]~142                         ; LABCELL_X68_Y15_N12  ; 32      ; Clock enable              ; no     ; --                   ; --               ; --                        ;
; risc_v_mike_data_memory:i_risc_v_mike_data_memory|data_mem_ff[143][3]~171                          ; LABCELL_X43_Y16_N18  ; 32      ; Clock enable              ; no     ; --                   ; --               ; --                        ;
; risc_v_mike_data_memory:i_risc_v_mike_data_memory|data_mem_ff[144][31]~68                          ; MLABCELL_X47_Y14_N42 ; 32      ; Clock enable              ; no     ; --                   ; --               ; --                        ;
; risc_v_mike_data_memory:i_risc_v_mike_data_memory|data_mem_ff[145][6]~82                           ; LABCELL_X45_Y14_N0   ; 32      ; Clock enable              ; no     ; --                   ; --               ; --                        ;
; risc_v_mike_data_memory:i_risc_v_mike_data_memory|data_mem_ff[146][17]~76                          ; MLABCELL_X47_Y14_N54 ; 32      ; Clock enable              ; no     ; --                   ; --               ; --                        ;
; risc_v_mike_data_memory:i_risc_v_mike_data_memory|data_mem_ff[147][12]~86                          ; LABCELL_X45_Y14_N57  ; 32      ; Clock enable              ; no     ; --                   ; --               ; --                        ;
; risc_v_mike_data_memory:i_risc_v_mike_data_memory|data_mem_ff[148][16]~70                          ; LABCELL_X64_Y24_N51  ; 32      ; Clock enable              ; no     ; --                   ; --               ; --                        ;
; risc_v_mike_data_memory:i_risc_v_mike_data_memory|data_mem_ff[149][31]~90                          ; LABCELL_X46_Y12_N6   ; 32      ; Clock enable              ; no     ; --                   ; --               ; --                        ;
; risc_v_mike_data_memory:i_risc_v_mike_data_memory|data_mem_ff[14][3]~138                           ; LABCELL_X45_Y15_N30  ; 32      ; Clock enable              ; no     ; --                   ; --               ; --                        ;
; risc_v_mike_data_memory:i_risc_v_mike_data_memory|data_mem_ff[150][18]~78                          ; LABCELL_X75_Y14_N21  ; 32      ; Clock enable              ; no     ; --                   ; --               ; --                        ;
; risc_v_mike_data_memory:i_risc_v_mike_data_memory|data_mem_ff[151][26]~94                          ; LABCELL_X45_Y14_N54  ; 32      ; Clock enable              ; no     ; --                   ; --               ; --                        ;
; risc_v_mike_data_memory:i_risc_v_mike_data_memory|data_mem_ff[152][10]~208                         ; MLABCELL_X82_Y14_N0  ; 32      ; Clock enable              ; no     ; --                   ; --               ; --                        ;
; risc_v_mike_data_memory:i_risc_v_mike_data_memory|data_mem_ff[153][16]~210                         ; LABCELL_X37_Y2_N36   ; 32      ; Clock enable              ; no     ; --                   ; --               ; --                        ;
; risc_v_mike_data_memory:i_risc_v_mike_data_memory|data_mem_ff[154][11]~212                         ; LABCELL_X57_Y12_N21  ; 32      ; Clock enable              ; no     ; --                   ; --               ; --                        ;
; risc_v_mike_data_memory:i_risc_v_mike_data_memory|data_mem_ff[155][25]~214                         ; LABCELL_X66_Y14_N54  ; 32      ; Clock enable              ; no     ; --                   ; --               ; --                        ;
; risc_v_mike_data_memory:i_risc_v_mike_data_memory|data_mem_ff[156][28]~216                         ; LABCELL_X57_Y24_N48  ; 32      ; Clock enable              ; no     ; --                   ; --               ; --                        ;
; risc_v_mike_data_memory:i_risc_v_mike_data_memory|data_mem_ff[157][5]~218                          ; MLABCELL_X52_Y5_N27  ; 32      ; Clock enable              ; no     ; --                   ; --               ; --                        ;
; risc_v_mike_data_memory:i_risc_v_mike_data_memory|data_mem_ff[158][22]~220                         ; LABCELL_X50_Y14_N12  ; 32      ; Clock enable              ; no     ; --                   ; --               ; --                        ;
; risc_v_mike_data_memory:i_risc_v_mike_data_memory|data_mem_ff[159][5]~222                          ; MLABCELL_X72_Y14_N57 ; 32      ; Clock enable              ; no     ; --                   ; --               ; --                        ;
; risc_v_mike_data_memory:i_risc_v_mike_data_memory|data_mem_ff[15][16]~163                          ; MLABCELL_X65_Y18_N12 ; 32      ; Clock enable              ; no     ; --                   ; --               ; --                        ;
; risc_v_mike_data_memory:i_risc_v_mike_data_memory|data_mem_ff[160][2]~20                           ; MLABCELL_X65_Y15_N21 ; 32      ; Clock enable              ; no     ; --                   ; --               ; --                        ;
; risc_v_mike_data_memory:i_risc_v_mike_data_memory|data_mem_ff[161][20]~28                          ; LABCELL_X73_Y15_N27  ; 32      ; Clock enable              ; no     ; --                   ; --               ; --                        ;
; risc_v_mike_data_memory:i_risc_v_mike_data_memory|data_mem_ff[162][30]~21                          ; LABCELL_X45_Y13_N33  ; 32      ; Clock enable              ; no     ; --                   ; --               ; --                        ;
; risc_v_mike_data_memory:i_risc_v_mike_data_memory|data_mem_ff[163][3]~29                           ; LABCELL_X45_Y13_N57  ; 32      ; Clock enable              ; no     ; --                   ; --               ; --                        ;
; risc_v_mike_data_memory:i_risc_v_mike_data_memory|data_mem_ff[164][19]~22                          ; LABCELL_X56_Y17_N24  ; 32      ; Clock enable              ; no     ; --                   ; --               ; --                        ;
; risc_v_mike_data_memory:i_risc_v_mike_data_memory|data_mem_ff[165][16]~30                          ; LABCELL_X45_Y14_N24  ; 32      ; Clock enable              ; no     ; --                   ; --               ; --                        ;
; risc_v_mike_data_memory:i_risc_v_mike_data_memory|data_mem_ff[166][21]~23                          ; LABCELL_X73_Y16_N12  ; 32      ; Clock enable              ; no     ; --                   ; --               ; --                        ;
; risc_v_mike_data_memory:i_risc_v_mike_data_memory|data_mem_ff[167][1]~31                           ; LABCELL_X45_Y13_N54  ; 32      ; Clock enable              ; no     ; --                   ; --               ; --                        ;
; risc_v_mike_data_memory:i_risc_v_mike_data_memory|data_mem_ff[168][31]~133                         ; LABCELL_X77_Y15_N57  ; 32      ; Clock enable              ; no     ; --                   ; --               ; --                        ;
; risc_v_mike_data_memory:i_risc_v_mike_data_memory|data_mem_ff[169][31]~172                         ; LABCELL_X46_Y17_N21  ; 32      ; Clock enable              ; no     ; --                   ; --               ; --                        ;
; risc_v_mike_data_memory:i_risc_v_mike_data_memory|data_mem_ff[16][22]~64                           ; MLABCELL_X65_Y24_N9  ; 32      ; Clock enable              ; no     ; --                   ; --               ; --                        ;
; risc_v_mike_data_memory:i_risc_v_mike_data_memory|data_mem_ff[170][31]~135                         ; LABCELL_X45_Y13_N6   ; 32      ; Clock enable              ; no     ; --                   ; --               ; --                        ;
; risc_v_mike_data_memory:i_risc_v_mike_data_memory|data_mem_ff[171][31]~173                         ; LABCELL_X56_Y18_N36  ; 32      ; Clock enable              ; no     ; --                   ; --               ; --                        ;
; risc_v_mike_data_memory:i_risc_v_mike_data_memory|data_mem_ff[172][26]~141                         ; LABCELL_X75_Y16_N57  ; 32      ; Clock enable              ; no     ; --                   ; --               ; --                        ;
; risc_v_mike_data_memory:i_risc_v_mike_data_memory|data_mem_ff[173][31]~174                         ; LABCELL_X46_Y20_N3   ; 32      ; Clock enable              ; no     ; --                   ; --               ; --                        ;
; risc_v_mike_data_memory:i_risc_v_mike_data_memory|data_mem_ff[174][25]~143                         ; MLABCELL_X47_Y13_N15 ; 32      ; Clock enable              ; no     ; --                   ; --               ; --                        ;
; risc_v_mike_data_memory:i_risc_v_mike_data_memory|data_mem_ff[175][19]~175                         ; LABCELL_X50_Y18_N51  ; 32      ; Clock enable              ; no     ; --                   ; --               ; --                        ;
; risc_v_mike_data_memory:i_risc_v_mike_data_memory|data_mem_ff[176][6]~100                          ; LABCELL_X45_Y14_N3   ; 32      ; Clock enable              ; no     ; --                   ; --               ; --                        ;
; risc_v_mike_data_memory:i_risc_v_mike_data_memory|data_mem_ff[177][23]~116                         ; LABCELL_X77_Y14_N12  ; 32      ; Clock enable              ; no     ; --                   ; --               ; --                        ;
; risc_v_mike_data_memory:i_risc_v_mike_data_memory|data_mem_ff[178][14]~102                         ; LABCELL_X45_Y13_N48  ; 32      ; Clock enable              ; no     ; --                   ; --               ; --                        ;
; risc_v_mike_data_memory:i_risc_v_mike_data_memory|data_mem_ff[179][13]~124                         ; LABCELL_X45_Y13_N45  ; 32      ; Clock enable              ; no     ; --                   ; --               ; --                        ;
; risc_v_mike_data_memory:i_risc_v_mike_data_memory|data_mem_ff[17][30]~80                           ; LABCELL_X70_Y13_N27  ; 32      ; Clock enable              ; no     ; --                   ; --               ; --                        ;
; risc_v_mike_data_memory:i_risc_v_mike_data_memory|data_mem_ff[180][19]~108                         ; LABCELL_X46_Y12_N27  ; 32      ; Clock enable              ; no     ; --                   ; --               ; --                        ;
; risc_v_mike_data_memory:i_risc_v_mike_data_memory|data_mem_ff[181][27]~118                         ; LABCELL_X46_Y12_N0   ; 32      ; Clock enable              ; no     ; --                   ; --               ; --                        ;
; risc_v_mike_data_memory:i_risc_v_mike_data_memory|data_mem_ff[182][2]~110                          ; LABCELL_X45_Y13_N15  ; 32      ; Clock enable              ; no     ; --                   ; --               ; --                        ;
; risc_v_mike_data_memory:i_risc_v_mike_data_memory|data_mem_ff[183][16]~126                         ; LABCELL_X45_Y13_N0   ; 32      ; Clock enable              ; no     ; --                   ; --               ; --                        ;
; risc_v_mike_data_memory:i_risc_v_mike_data_memory|data_mem_ff[184][22]~209                         ; LABCELL_X64_Y15_N54  ; 32      ; Clock enable              ; no     ; --                   ; --               ; --                        ;
; risc_v_mike_data_memory:i_risc_v_mike_data_memory|data_mem_ff[185][17]~211                         ; LABCELL_X42_Y3_N54   ; 32      ; Clock enable              ; no     ; --                   ; --               ; --                        ;
; risc_v_mike_data_memory:i_risc_v_mike_data_memory|data_mem_ff[186][24]~213                         ; LABCELL_X57_Y12_N54  ; 32      ; Clock enable              ; no     ; --                   ; --               ; --                        ;
; risc_v_mike_data_memory:i_risc_v_mike_data_memory|data_mem_ff[187][15]~215                         ; LABCELL_X45_Y4_N3    ; 32      ; Clock enable              ; no     ; --                   ; --               ; --                        ;
; risc_v_mike_data_memory:i_risc_v_mike_data_memory|data_mem_ff[188][0]~217                          ; LABCELL_X45_Y17_N48  ; 32      ; Clock enable              ; no     ; --                   ; --               ; --                        ;
; risc_v_mike_data_memory:i_risc_v_mike_data_memory|data_mem_ff[189][0]~219                          ; MLABCELL_X47_Y2_N15  ; 32      ; Clock enable              ; no     ; --                   ; --               ; --                        ;
; risc_v_mike_data_memory:i_risc_v_mike_data_memory|data_mem_ff[18][19]~72                           ; MLABCELL_X59_Y13_N18 ; 32      ; Clock enable              ; no     ; --                   ; --               ; --                        ;
; risc_v_mike_data_memory:i_risc_v_mike_data_memory|data_mem_ff[190][17]~221                         ; LABCELL_X53_Y16_N45  ; 32      ; Clock enable              ; no     ; --                   ; --               ; --                        ;
; risc_v_mike_data_memory:i_risc_v_mike_data_memory|data_mem_ff[191][26]~223                         ; LABCELL_X40_Y4_N15   ; 32      ; Clock enable              ; no     ; --                   ; --               ; --                        ;
; risc_v_mike_data_memory:i_risc_v_mike_data_memory|data_mem_ff[192][20]~36                          ; MLABCELL_X65_Y1_N9   ; 32      ; Clock enable              ; no     ; --                   ; --               ; --                        ;
; risc_v_mike_data_memory:i_risc_v_mike_data_memory|data_mem_ff[193][30]~44                          ; LABCELL_X66_Y12_N12  ; 32      ; Clock enable              ; no     ; --                   ; --               ; --                        ;
; risc_v_mike_data_memory:i_risc_v_mike_data_memory|data_mem_ff[194][0]~37                           ; LABCELL_X46_Y13_N48  ; 32      ; Clock enable              ; no     ; --                   ; --               ; --                        ;
; risc_v_mike_data_memory:i_risc_v_mike_data_memory|data_mem_ff[195][31]~45                          ; LABCELL_X46_Y13_N9   ; 32      ; Clock enable              ; no     ; --                   ; --               ; --                        ;
; risc_v_mike_data_memory:i_risc_v_mike_data_memory|data_mem_ff[196][16]~38                          ; MLABCELL_X65_Y1_N30  ; 32      ; Clock enable              ; no     ; --                   ; --               ; --                        ;
; risc_v_mike_data_memory:i_risc_v_mike_data_memory|data_mem_ff[197][26]~46                          ; LABCELL_X64_Y11_N18  ; 32      ; Clock enable              ; no     ; --                   ; --               ; --                        ;
; risc_v_mike_data_memory:i_risc_v_mike_data_memory|data_mem_ff[198][30]~39                          ; LABCELL_X46_Y13_N51  ; 32      ; Clock enable              ; no     ; --                   ; --               ; --                        ;
; risc_v_mike_data_memory:i_risc_v_mike_data_memory|data_mem_ff[199][12]~47                          ; LABCELL_X46_Y13_N6   ; 32      ; Clock enable              ; no     ; --                   ; --               ; --                        ;
; risc_v_mike_data_memory:i_risc_v_mike_data_memory|data_mem_ff[19][7]~84                            ; LABCELL_X80_Y12_N24  ; 32      ; Clock enable              ; no     ; --                   ; --               ; --                        ;
; risc_v_mike_data_memory:i_risc_v_mike_data_memory|data_mem_ff[1][0]~8                              ; MLABCELL_X59_Y13_N27 ; 32      ; Clock enable              ; no     ; --                   ; --               ; --                        ;
; risc_v_mike_data_memory:i_risc_v_mike_data_memory|data_mem_ff[200][7]~148                          ; LABCELL_X83_Y12_N39  ; 32      ; Clock enable              ; no     ; --                   ; --               ; --                        ;
; risc_v_mike_data_memory:i_risc_v_mike_data_memory|data_mem_ff[201][29]~180                         ; LABCELL_X77_Y13_N33  ; 32      ; Clock enable              ; no     ; --                   ; --               ; --                        ;
; risc_v_mike_data_memory:i_risc_v_mike_data_memory|data_mem_ff[202][3]~150                          ; LABCELL_X46_Y13_N24  ; 32      ; Clock enable              ; no     ; --                   ; --               ; --                        ;
; risc_v_mike_data_memory:i_risc_v_mike_data_memory|data_mem_ff[203][18]~182                         ; LABCELL_X68_Y11_N30  ; 32      ; Clock enable              ; no     ; --                   ; --               ; --                        ;
; risc_v_mike_data_memory:i_risc_v_mike_data_memory|data_mem_ff[204][30]~156                         ; LABCELL_X70_Y19_N27  ; 32      ; Clock enable              ; no     ; --                   ; --               ; --                        ;
; risc_v_mike_data_memory:i_risc_v_mike_data_memory|data_mem_ff[205][10]~188                         ; LABCELL_X64_Y5_N27   ; 32      ; Clock enable              ; no     ; --                   ; --               ; --                        ;
; risc_v_mike_data_memory:i_risc_v_mike_data_memory|data_mem_ff[206][8]~158                          ; LABCELL_X63_Y8_N27   ; 32      ; Clock enable              ; no     ; --                   ; --               ; --                        ;
; risc_v_mike_data_memory:i_risc_v_mike_data_memory|data_mem_ff[207][30]~190                         ; LABCELL_X55_Y7_N36   ; 32      ; Clock enable              ; no     ; --                   ; --               ; --                        ;
; risc_v_mike_data_memory:i_risc_v_mike_data_memory|data_mem_ff[208][29]~69                          ; LABCELL_X60_Y8_N36   ; 32      ; Clock enable              ; no     ; --                   ; --               ; --                        ;
; risc_v_mike_data_memory:i_risc_v_mike_data_memory|data_mem_ff[209][6]~83                           ; LABCELL_X77_Y11_N39  ; 32      ; Clock enable              ; no     ; --                   ; --               ; --                        ;
; risc_v_mike_data_memory:i_risc_v_mike_data_memory|data_mem_ff[20][20]~66                           ; LABCELL_X74_Y17_N24  ; 32      ; Clock enable              ; no     ; --                   ; --               ; --                        ;
; risc_v_mike_data_memory:i_risc_v_mike_data_memory|data_mem_ff[210][5]~77                           ; LABCELL_X63_Y2_N30   ; 32      ; Clock enable              ; no     ; --                   ; --               ; --                        ;
; risc_v_mike_data_memory:i_risc_v_mike_data_memory|data_mem_ff[211][9]~87                           ; MLABCELL_X47_Y11_N27 ; 32      ; Clock enable              ; no     ; --                   ; --               ; --                        ;
; risc_v_mike_data_memory:i_risc_v_mike_data_memory|data_mem_ff[212][25]~71                          ; LABCELL_X55_Y23_N15  ; 32      ; Clock enable              ; no     ; --                   ; --               ; --                        ;
; risc_v_mike_data_memory:i_risc_v_mike_data_memory|data_mem_ff[213][31]~91                          ; LABCELL_X50_Y12_N54  ; 32      ; Clock enable              ; no     ; --                   ; --               ; --                        ;
; risc_v_mike_data_memory:i_risc_v_mike_data_memory|data_mem_ff[214][7]~79                           ; LABCELL_X55_Y14_N12  ; 32      ; Clock enable              ; no     ; --                   ; --               ; --                        ;
; risc_v_mike_data_memory:i_risc_v_mike_data_memory|data_mem_ff[215][25]~95                          ; LABCELL_X46_Y11_N39  ; 32      ; Clock enable              ; no     ; --                   ; --               ; --                        ;
; risc_v_mike_data_memory:i_risc_v_mike_data_memory|data_mem_ff[216][25]~240                         ; LABCELL_X77_Y17_N57  ; 32      ; Clock enable              ; no     ; --                   ; --               ; --                        ;
; risc_v_mike_data_memory:i_risc_v_mike_data_memory|data_mem_ff[217][17]~241                         ; LABCELL_X70_Y15_N3   ; 32      ; Clock enable              ; no     ; --                   ; --               ; --                        ;
; risc_v_mike_data_memory:i_risc_v_mike_data_memory|data_mem_ff[218][15]~242                         ; LABCELL_X46_Y13_N45  ; 32      ; Clock enable              ; no     ; --                   ; --               ; --                        ;
; risc_v_mike_data_memory:i_risc_v_mike_data_memory|data_mem_ff[219][21]~243                         ; MLABCELL_X47_Y15_N0  ; 32      ; Clock enable              ; no     ; --                   ; --               ; --                        ;
; risc_v_mike_data_memory:i_risc_v_mike_data_memory|data_mem_ff[21][17]~88                           ; MLABCELL_X78_Y15_N57 ; 32      ; Clock enable              ; no     ; --                   ; --               ; --                        ;
; risc_v_mike_data_memory:i_risc_v_mike_data_memory|data_mem_ff[220][12]~248                         ; LABCELL_X45_Y12_N54  ; 32      ; Clock enable              ; no     ; --                   ; --               ; --                        ;
; risc_v_mike_data_memory:i_risc_v_mike_data_memory|data_mem_ff[221][7]~249                          ; LABCELL_X61_Y1_N12   ; 32      ; Clock enable              ; no     ; --                   ; --               ; --                        ;
; risc_v_mike_data_memory:i_risc_v_mike_data_memory|data_mem_ff[222][15]~250                         ; LABCELL_X50_Y14_N6   ; 32      ; Clock enable              ; no     ; --                   ; --               ; --                        ;
; risc_v_mike_data_memory:i_risc_v_mike_data_memory|data_mem_ff[223][6]~251                          ; MLABCELL_X47_Y10_N54 ; 32      ; Clock enable              ; no     ; --                   ; --               ; --                        ;
; risc_v_mike_data_memory:i_risc_v_mike_data_memory|data_mem_ff[224][0]~52                           ; LABCELL_X56_Y13_N12  ; 32      ; Clock enable              ; no     ; --                   ; --               ; --                        ;
; risc_v_mike_data_memory:i_risc_v_mike_data_memory|data_mem_ff[225][15]~60                          ; LABCELL_X66_Y12_N54  ; 32      ; Clock enable              ; no     ; --                   ; --               ; --                        ;
; risc_v_mike_data_memory:i_risc_v_mike_data_memory|data_mem_ff[226][30]~53                          ; LABCELL_X46_Y13_N57  ; 32      ; Clock enable              ; no     ; --                   ; --               ; --                        ;
; risc_v_mike_data_memory:i_risc_v_mike_data_memory|data_mem_ff[227][15]~61                          ; LABCELL_X68_Y11_N27  ; 32      ; Clock enable              ; no     ; --                   ; --               ; --                        ;
; risc_v_mike_data_memory:i_risc_v_mike_data_memory|data_mem_ff[228][3]~54                           ; LABCELL_X60_Y2_N54   ; 32      ; Clock enable              ; no     ; --                   ; --               ; --                        ;
; risc_v_mike_data_memory:i_risc_v_mike_data_memory|data_mem_ff[229][16]~62                          ; LABCELL_X56_Y4_N30   ; 32      ; Clock enable              ; no     ; --                   ; --               ; --                        ;
; risc_v_mike_data_memory:i_risc_v_mike_data_memory|data_mem_ff[22][7]~74                            ; MLABCELL_X59_Y13_N42 ; 32      ; Clock enable              ; no     ; --                   ; --               ; --                        ;
; risc_v_mike_data_memory:i_risc_v_mike_data_memory|data_mem_ff[230][15]~55                          ; LABCELL_X46_Y13_N54  ; 32      ; Clock enable              ; no     ; --                   ; --               ; --                        ;
; risc_v_mike_data_memory:i_risc_v_mike_data_memory|data_mem_ff[231][26]~63                          ; MLABCELL_X59_Y12_N0  ; 32      ; Clock enable              ; no     ; --                   ; --               ; --                        ;
; risc_v_mike_data_memory:i_risc_v_mike_data_memory|data_mem_ff[232][16]~149                         ; LABCELL_X46_Y13_N27  ; 32      ; Clock enable              ; no     ; --                   ; --               ; --                        ;
; risc_v_mike_data_memory:i_risc_v_mike_data_memory|data_mem_ff[233][22]~181                         ; LABCELL_X74_Y6_N3    ; 32      ; Clock enable              ; no     ; --                   ; --               ; --                        ;
; risc_v_mike_data_memory:i_risc_v_mike_data_memory|data_mem_ff[234][2]~151                          ; LABCELL_X46_Y13_N42  ; 32      ; Clock enable              ; no     ; --                   ; --               ; --                        ;
; risc_v_mike_data_memory:i_risc_v_mike_data_memory|data_mem_ff[235][16]~183                         ; LABCELL_X66_Y15_N42  ; 32      ; Clock enable              ; no     ; --                   ; --               ; --                        ;
; risc_v_mike_data_memory:i_risc_v_mike_data_memory|data_mem_ff[236][18]~157                         ; LABCELL_X56_Y13_N57  ; 32      ; Clock enable              ; no     ; --                   ; --               ; --                        ;
; risc_v_mike_data_memory:i_risc_v_mike_data_memory|data_mem_ff[237][30]~189                         ; LABCELL_X56_Y13_N30  ; 32      ; Clock enable              ; no     ; --                   ; --               ; --                        ;
; risc_v_mike_data_memory:i_risc_v_mike_data_memory|data_mem_ff[238][4]~159                          ; LABCELL_X56_Y13_N45  ; 32      ; Clock enable              ; no     ; --                   ; --               ; --                        ;
; risc_v_mike_data_memory:i_risc_v_mike_data_memory|data_mem_ff[239][2]~191                          ; LABCELL_X56_Y13_N42  ; 32      ; Clock enable              ; no     ; --                   ; --               ; --                        ;
; risc_v_mike_data_memory:i_risc_v_mike_data_memory|data_mem_ff[23][28]~92                           ; MLABCELL_X82_Y13_N39 ; 32      ; Clock enable              ; no     ; --                   ; --               ; --                        ;
; risc_v_mike_data_memory:i_risc_v_mike_data_memory|data_mem_ff[240][29]~101                         ; LABCELL_X45_Y6_N54   ; 32      ; Clock enable              ; no     ; --                   ; --               ; --                        ;
; risc_v_mike_data_memory:i_risc_v_mike_data_memory|data_mem_ff[241][2]~117                          ; MLABCELL_X65_Y14_N12 ; 32      ; Clock enable              ; no     ; --                   ; --               ; --                        ;
; risc_v_mike_data_memory:i_risc_v_mike_data_memory|data_mem_ff[242][14]~103                         ; LABCELL_X48_Y9_N51   ; 32      ; Clock enable              ; no     ; --                   ; --               ; --                        ;
; risc_v_mike_data_memory:i_risc_v_mike_data_memory|data_mem_ff[243][28]~125                         ; LABCELL_X62_Y13_N48  ; 32      ; Clock enable              ; no     ; --                   ; --               ; --                        ;
; risc_v_mike_data_memory:i_risc_v_mike_data_memory|data_mem_ff[244][17]~109                         ; MLABCELL_X59_Y7_N15  ; 32      ; Clock enable              ; no     ; --                   ; --               ; --                        ;
; risc_v_mike_data_memory:i_risc_v_mike_data_memory|data_mem_ff[245][26]~119                         ; LABCELL_X53_Y12_N42  ; 32      ; Clock enable              ; no     ; --                   ; --               ; --                        ;
; risc_v_mike_data_memory:i_risc_v_mike_data_memory|data_mem_ff[246][31]~111                         ; LABCELL_X55_Y11_N0   ; 32      ; Clock enable              ; no     ; --                   ; --               ; --                        ;
; risc_v_mike_data_memory:i_risc_v_mike_data_memory|data_mem_ff[247][30]~127                         ; LABCELL_X56_Y13_N21  ; 32      ; Clock enable              ; no     ; --                   ; --               ; --                        ;
; risc_v_mike_data_memory:i_risc_v_mike_data_memory|data_mem_ff[248][2]~244                          ; LABCELL_X56_Y13_N54  ; 32      ; Clock enable              ; no     ; --                   ; --               ; --                        ;
; risc_v_mike_data_memory:i_risc_v_mike_data_memory|data_mem_ff[249][0]~245                          ; LABCELL_X56_Y13_N33  ; 32      ; Clock enable              ; no     ; --                   ; --               ; --                        ;
; risc_v_mike_data_memory:i_risc_v_mike_data_memory|data_mem_ff[24][26]~192                          ; LABCELL_X60_Y19_N51  ; 32      ; Clock enable              ; no     ; --                   ; --               ; --                        ;
; risc_v_mike_data_memory:i_risc_v_mike_data_memory|data_mem_ff[250][0]~246                          ; LABCELL_X56_Y13_N27  ; 32      ; Clock enable              ; no     ; --                   ; --               ; --                        ;
; risc_v_mike_data_memory:i_risc_v_mike_data_memory|data_mem_ff[251][18]~247                         ; LABCELL_X56_Y13_N18  ; 32      ; Clock enable              ; no     ; --                   ; --               ; --                        ;
; risc_v_mike_data_memory:i_risc_v_mike_data_memory|data_mem_ff[252][30]~252                         ; MLABCELL_X47_Y14_N24 ; 32      ; Clock enable              ; no     ; --                   ; --               ; --                        ;
; risc_v_mike_data_memory:i_risc_v_mike_data_memory|data_mem_ff[253][17]~253                         ; LABCELL_X56_Y13_N0   ; 32      ; Clock enable              ; no     ; --                   ; --               ; --                        ;
; risc_v_mike_data_memory:i_risc_v_mike_data_memory|data_mem_ff[254][23]~254                         ; LABCELL_X56_Y13_N36  ; 32      ; Clock enable              ; no     ; --                   ; --               ; --                        ;
; risc_v_mike_data_memory:i_risc_v_mike_data_memory|data_mem_ff[255][25]~255                         ; LABCELL_X56_Y13_N3   ; 32      ; Clock enable              ; no     ; --                   ; --               ; --                        ;
; risc_v_mike_data_memory:i_risc_v_mike_data_memory|data_mem_ff[256][0]~256                          ; LABCELL_X23_Y29_N0   ; 32      ; Clock enable              ; no     ; --                   ; --               ; --                        ;
; risc_v_mike_data_memory:i_risc_v_mike_data_memory|data_mem_ff[257][10]~260                         ; LABCELL_X31_Y22_N6   ; 32      ; Clock enable              ; no     ; --                   ; --               ; --                        ;
; risc_v_mike_data_memory:i_risc_v_mike_data_memory|data_mem_ff[258][0]~264                          ; LABCELL_X18_Y16_N24  ; 32      ; Clock enable              ; no     ; --                   ; --               ; --                        ;
; risc_v_mike_data_memory:i_risc_v_mike_data_memory|data_mem_ff[259][24]~268                         ; LABCELL_X37_Y12_N54  ; 32      ; Clock enable              ; no     ; --                   ; --               ; --                        ;
; risc_v_mike_data_memory:i_risc_v_mike_data_memory|data_mem_ff[25][0]~194                           ; LABCELL_X46_Y14_N3   ; 32      ; Clock enable              ; no     ; --                   ; --               ; --                        ;
; risc_v_mike_data_memory:i_risc_v_mike_data_memory|data_mem_ff[260][24]~288                         ; LABCELL_X37_Y12_N33  ; 32      ; Clock enable              ; no     ; --                   ; --               ; --                        ;
; risc_v_mike_data_memory:i_risc_v_mike_data_memory|data_mem_ff[261][19]~292                         ; LABCELL_X37_Y12_N48  ; 32      ; Clock enable              ; no     ; --                   ; --               ; --                        ;
; risc_v_mike_data_memory:i_risc_v_mike_data_memory|data_mem_ff[262][13]~296                         ; LABCELL_X12_Y13_N51  ; 32      ; Clock enable              ; no     ; --                   ; --               ; --                        ;
; risc_v_mike_data_memory:i_risc_v_mike_data_memory|data_mem_ff[263][2]~300                          ; LABCELL_X37_Y12_N9   ; 32      ; Clock enable              ; no     ; --                   ; --               ; --                        ;
; risc_v_mike_data_memory:i_risc_v_mike_data_memory|data_mem_ff[264][24]~257                         ; LABCELL_X16_Y27_N21  ; 32      ; Clock enable              ; no     ; --                   ; --               ; --                        ;
; risc_v_mike_data_memory:i_risc_v_mike_data_memory|data_mem_ff[265][13]~261                         ; LABCELL_X40_Y14_N0   ; 32      ; Clock enable              ; no     ; --                   ; --               ; --                        ;
; risc_v_mike_data_memory:i_risc_v_mike_data_memory|data_mem_ff[266][16]~265                         ; LABCELL_X12_Y19_N27  ; 32      ; Clock enable              ; no     ; --                   ; --               ; --                        ;
; risc_v_mike_data_memory:i_risc_v_mike_data_memory|data_mem_ff[267][5]~269                          ; LABCELL_X16_Y28_N18  ; 32      ; Clock enable              ; no     ; --                   ; --               ; --                        ;
; risc_v_mike_data_memory:i_risc_v_mike_data_memory|data_mem_ff[268][14]~289                         ; LABCELL_X11_Y18_N15  ; 32      ; Clock enable              ; no     ; --                   ; --               ; --                        ;
; risc_v_mike_data_memory:i_risc_v_mike_data_memory|data_mem_ff[269][16]~293                         ; MLABCELL_X6_Y14_N42  ; 32      ; Clock enable              ; no     ; --                   ; --               ; --                        ;
; risc_v_mike_data_memory:i_risc_v_mike_data_memory|data_mem_ff[26][4]~196                           ; LABCELL_X48_Y29_N3   ; 32      ; Clock enable              ; no     ; --                   ; --               ; --                        ;
; risc_v_mike_data_memory:i_risc_v_mike_data_memory|data_mem_ff[270][2]~297                          ; LABCELL_X40_Y16_N18  ; 32      ; Clock enable              ; no     ; --                   ; --               ; --                        ;
; risc_v_mike_data_memory:i_risc_v_mike_data_memory|data_mem_ff[271][19]~301                         ; LABCELL_X40_Y16_N48  ; 32      ; Clock enable              ; no     ; --                   ; --               ; --                        ;
; risc_v_mike_data_memory:i_risc_v_mike_data_memory|data_mem_ff[272][15]~258                         ; LABCELL_X17_Y29_N9   ; 32      ; Clock enable              ; no     ; --                   ; --               ; --                        ;
; risc_v_mike_data_memory:i_risc_v_mike_data_memory|data_mem_ff[273][7]~262                          ; LABCELL_X37_Y14_N39  ; 32      ; Clock enable              ; no     ; --                   ; --               ; --                        ;
; risc_v_mike_data_memory:i_risc_v_mike_data_memory|data_mem_ff[274][3]~266                          ; LABCELL_X17_Y20_N57  ; 32      ; Clock enable              ; no     ; --                   ; --               ; --                        ;
; risc_v_mike_data_memory:i_risc_v_mike_data_memory|data_mem_ff[275][30]~270                         ; LABCELL_X37_Y12_N15  ; 32      ; Clock enable              ; no     ; --                   ; --               ; --                        ;
; risc_v_mike_data_memory:i_risc_v_mike_data_memory|data_mem_ff[276][0]~290                          ; LABCELL_X37_Y14_N36  ; 32      ; Clock enable              ; no     ; --                   ; --               ; --                        ;
; risc_v_mike_data_memory:i_risc_v_mike_data_memory|data_mem_ff[277][30]~294                         ; LABCELL_X12_Y26_N57  ; 32      ; Clock enable              ; no     ; --                   ; --               ; --                        ;
; risc_v_mike_data_memory:i_risc_v_mike_data_memory|data_mem_ff[278][16]~298                         ; LABCELL_X37_Y12_N36  ; 32      ; Clock enable              ; no     ; --                   ; --               ; --                        ;
; risc_v_mike_data_memory:i_risc_v_mike_data_memory|data_mem_ff[279][25]~302                         ; LABCELL_X10_Y18_N0   ; 32      ; Clock enable              ; no     ; --                   ; --               ; --                        ;
; risc_v_mike_data_memory:i_risc_v_mike_data_memory|data_mem_ff[27][15]~198                          ; LABCELL_X50_Y28_N9   ; 32      ; Clock enable              ; no     ; --                   ; --               ; --                        ;
; risc_v_mike_data_memory:i_risc_v_mike_data_memory|data_mem_ff[280][24]~259                         ; LABCELL_X29_Y17_N18  ; 32      ; Clock enable              ; no     ; --                   ; --               ; --                        ;
; risc_v_mike_data_memory:i_risc_v_mike_data_memory|data_mem_ff[281][23]~263                         ; LABCELL_X31_Y18_N33  ; 32      ; Clock enable              ; no     ; --                   ; --               ; --                        ;
; risc_v_mike_data_memory:i_risc_v_mike_data_memory|data_mem_ff[282][5]~267                          ; LABCELL_X31_Y18_N12  ; 32      ; Clock enable              ; no     ; --                   ; --               ; --                        ;
; risc_v_mike_data_memory:i_risc_v_mike_data_memory|data_mem_ff[283][27]~271                         ; MLABCELL_X15_Y17_N39 ; 32      ; Clock enable              ; no     ; --                   ; --               ; --                        ;
; risc_v_mike_data_memory:i_risc_v_mike_data_memory|data_mem_ff[284][19]~291                         ; MLABCELL_X8_Y14_N24  ; 32      ; Clock enable              ; no     ; --                   ; --               ; --                        ;
; risc_v_mike_data_memory:i_risc_v_mike_data_memory|data_mem_ff[285][18]~295                         ; LABCELL_X12_Y16_N0   ; 32      ; Clock enable              ; no     ; --                   ; --               ; --                        ;
; risc_v_mike_data_memory:i_risc_v_mike_data_memory|data_mem_ff[286][17]~299                         ; LABCELL_X12_Y14_N12  ; 32      ; Clock enable              ; no     ; --                   ; --               ; --                        ;
; risc_v_mike_data_memory:i_risc_v_mike_data_memory|data_mem_ff[287][16]~303                         ; LABCELL_X13_Y14_N36  ; 32      ; Clock enable              ; no     ; --                   ; --               ; --                        ;
; risc_v_mike_data_memory:i_risc_v_mike_data_memory|data_mem_ff[288][0]~384                          ; LABCELL_X24_Y28_N57  ; 32      ; Clock enable              ; no     ; --                   ; --               ; --                        ;
; risc_v_mike_data_memory:i_risc_v_mike_data_memory|data_mem_ff[289][27]~386                         ; LABCELL_X36_Y21_N24  ; 32      ; Clock enable              ; no     ; --                   ; --               ; --                        ;
; risc_v_mike_data_memory:i_risc_v_mike_data_memory|data_mem_ff[28][18]~200                          ; LABCELL_X46_Y22_N15  ; 32      ; Clock enable              ; no     ; --                   ; --               ; --                        ;
; risc_v_mike_data_memory:i_risc_v_mike_data_memory|data_mem_ff[290][18]~416                         ; LABCELL_X46_Y23_N9   ; 32      ; Clock enable              ; no     ; --                   ; --               ; --                        ;
; risc_v_mike_data_memory:i_risc_v_mike_data_memory|data_mem_ff[291][1]~420                          ; LABCELL_X40_Y16_N33  ; 32      ; Clock enable              ; no     ; --                   ; --               ; --                        ;
; risc_v_mike_data_memory:i_risc_v_mike_data_memory|data_mem_ff[292][16]~400                         ; LABCELL_X37_Y12_N42  ; 32      ; Clock enable              ; no     ; --                   ; --               ; --                        ;
; risc_v_mike_data_memory:i_risc_v_mike_data_memory|data_mem_ff[293][27]~404                         ; LABCELL_X12_Y10_N57  ; 32      ; Clock enable              ; no     ; --                   ; --               ; --                        ;
; risc_v_mike_data_memory:i_risc_v_mike_data_memory|data_mem_ff[294][4]~432                          ; LABCELL_X45_Y28_N39  ; 32      ; Clock enable              ; no     ; --                   ; --               ; --                        ;
; risc_v_mike_data_memory:i_risc_v_mike_data_memory|data_mem_ff[295][8]~434                          ; LABCELL_X40_Y16_N6   ; 32      ; Clock enable              ; no     ; --                   ; --               ; --                        ;
; risc_v_mike_data_memory:i_risc_v_mike_data_memory|data_mem_ff[296][31]~388                         ; LABCELL_X13_Y28_N57  ; 32      ; Clock enable              ; no     ; --                   ; --               ; --                        ;
; risc_v_mike_data_memory:i_risc_v_mike_data_memory|data_mem_ff[297][11]~390                         ; LABCELL_X53_Y30_N39  ; 32      ; Clock enable              ; no     ; --                   ; --               ; --                        ;
; risc_v_mike_data_memory:i_risc_v_mike_data_memory|data_mem_ff[298][31]~424                         ; LABCELL_X36_Y16_N3   ; 32      ; Clock enable              ; no     ; --                   ; --               ; --                        ;
; risc_v_mike_data_memory:i_risc_v_mike_data_memory|data_mem_ff[299][27]~428                         ; LABCELL_X40_Y16_N21  ; 32      ; Clock enable              ; no     ; --                   ; --               ; --                        ;
; risc_v_mike_data_memory:i_risc_v_mike_data_memory|data_mem_ff[29][31]~202                          ; MLABCELL_X47_Y16_N18 ; 32      ; Clock enable              ; no     ; --                   ; --               ; --                        ;
; risc_v_mike_data_memory:i_risc_v_mike_data_memory|data_mem_ff[2][0]~1                              ; LABCELL_X45_Y15_N24  ; 32      ; Clock enable              ; no     ; --                   ; --               ; --                        ;
; risc_v_mike_data_memory:i_risc_v_mike_data_memory|data_mem_ff[300][6]~402                          ; LABCELL_X11_Y14_N33  ; 32      ; Clock enable              ; no     ; --                   ; --               ; --                        ;
; risc_v_mike_data_memory:i_risc_v_mike_data_memory|data_mem_ff[301][15]~406                         ; LABCELL_X12_Y18_N45  ; 32      ; Clock enable              ; no     ; --                   ; --               ; --                        ;
; risc_v_mike_data_memory:i_risc_v_mike_data_memory|data_mem_ff[302][22]~436                         ; LABCELL_X40_Y16_N51  ; 32      ; Clock enable              ; no     ; --                   ; --               ; --                        ;
; risc_v_mike_data_memory:i_risc_v_mike_data_memory|data_mem_ff[303][17]~438                         ; LABCELL_X42_Y21_N30  ; 32      ; Clock enable              ; no     ; --                   ; --               ; --                        ;
; risc_v_mike_data_memory:i_risc_v_mike_data_memory|data_mem_ff[304][10]~392                         ; MLABCELL_X47_Y30_N57 ; 32      ; Clock enable              ; no     ; --                   ; --               ; --                        ;
; risc_v_mike_data_memory:i_risc_v_mike_data_memory|data_mem_ff[305][31]~394                         ; LABCELL_X37_Y16_N9   ; 32      ; Clock enable              ; no     ; --                   ; --               ; --                        ;
; risc_v_mike_data_memory:i_risc_v_mike_data_memory|data_mem_ff[306][21]~418                         ; LABCELL_X40_Y16_N30  ; 32      ; Clock enable              ; no     ; --                   ; --               ; --                        ;
; risc_v_mike_data_memory:i_risc_v_mike_data_memory|data_mem_ff[307][23]~422                         ; LABCELL_X42_Y17_N57  ; 32      ; Clock enable              ; no     ; --                   ; --               ; --                        ;
; risc_v_mike_data_memory:i_risc_v_mike_data_memory|data_mem_ff[308][17]~408                         ; LABCELL_X37_Y14_N12  ; 32      ; Clock enable              ; no     ; --                   ; --               ; --                        ;
; risc_v_mike_data_memory:i_risc_v_mike_data_memory|data_mem_ff[309][8]~412                          ; LABCELL_X37_Y14_N33  ; 32      ; Clock enable              ; no     ; --                   ; --               ; --                        ;
; risc_v_mike_data_memory:i_risc_v_mike_data_memory|data_mem_ff[30][30]~204                          ; LABCELL_X56_Y23_N15  ; 32      ; Clock enable              ; no     ; --                   ; --               ; --                        ;
; risc_v_mike_data_memory:i_risc_v_mike_data_memory|data_mem_ff[310][10]~440                         ; LABCELL_X40_Y16_N9   ; 32      ; Clock enable              ; no     ; --                   ; --               ; --                        ;
; risc_v_mike_data_memory:i_risc_v_mike_data_memory|data_mem_ff[311][24]~442                         ; MLABCELL_X47_Y29_N51 ; 32      ; Clock enable              ; no     ; --                   ; --               ; --                        ;
; risc_v_mike_data_memory:i_risc_v_mike_data_memory|data_mem_ff[312][31]~396                         ; MLABCELL_X25_Y29_N27 ; 32      ; Clock enable              ; no     ; --                   ; --               ; --                        ;
; risc_v_mike_data_memory:i_risc_v_mike_data_memory|data_mem_ff[313][16]~398                         ; LABCELL_X37_Y27_N48  ; 32      ; Clock enable              ; no     ; --                   ; --               ; --                        ;
; risc_v_mike_data_memory:i_risc_v_mike_data_memory|data_mem_ff[314][29]~426                         ; LABCELL_X29_Y14_N12  ; 32      ; Clock enable              ; no     ; --                   ; --               ; --                        ;
; risc_v_mike_data_memory:i_risc_v_mike_data_memory|data_mem_ff[315][23]~430                         ; LABCELL_X13_Y17_N54  ; 32      ; Clock enable              ; no     ; --                   ; --               ; --                        ;
; risc_v_mike_data_memory:i_risc_v_mike_data_memory|data_mem_ff[316][3]~410                          ; MLABCELL_X15_Y14_N36 ; 32      ; Clock enable              ; no     ; --                   ; --               ; --                        ;
; risc_v_mike_data_memory:i_risc_v_mike_data_memory|data_mem_ff[317][11]~414                         ; MLABCELL_X34_Y14_N12 ; 32      ; Clock enable              ; no     ; --                   ; --               ; --                        ;
; risc_v_mike_data_memory:i_risc_v_mike_data_memory|data_mem_ff[318][29]~444                         ; MLABCELL_X39_Y19_N51 ; 32      ; Clock enable              ; no     ; --                   ; --               ; --                        ;
; risc_v_mike_data_memory:i_risc_v_mike_data_memory|data_mem_ff[319][18]~446                         ; LABCELL_X36_Y28_N57  ; 32      ; Clock enable              ; no     ; --                   ; --               ; --                        ;
; risc_v_mike_data_memory:i_risc_v_mike_data_memory|data_mem_ff[31][31]~206                          ; LABCELL_X50_Y19_N21  ; 32      ; Clock enable              ; no     ; --                   ; --               ; --                        ;
; risc_v_mike_data_memory:i_risc_v_mike_data_memory|data_mem_ff[320][17]~320                         ; LABCELL_X31_Y25_N12  ; 32      ; Clock enable              ; no     ; --                   ; --               ; --                        ;
; risc_v_mike_data_memory:i_risc_v_mike_data_memory|data_mem_ff[321][26]~352                         ; LABCELL_X40_Y21_N39  ; 32      ; Clock enable              ; no     ; --                   ; --               ; --                        ;
; risc_v_mike_data_memory:i_risc_v_mike_data_memory|data_mem_ff[322][25]~328                         ; MLABCELL_X39_Y30_N27 ; 32      ; Clock enable              ; no     ; --                   ; --               ; --                        ;
; risc_v_mike_data_memory:i_risc_v_mike_data_memory|data_mem_ff[323][20]~360                         ; LABCELL_X33_Y21_N39  ; 32      ; Clock enable              ; no     ; --                   ; --               ; --                        ;
; risc_v_mike_data_memory:i_risc_v_mike_data_memory|data_mem_ff[324][8]~324                          ; LABCELL_X43_Y29_N6   ; 32      ; Clock enable              ; no     ; --                   ; --               ; --                        ;
; risc_v_mike_data_memory:i_risc_v_mike_data_memory|data_mem_ff[325][0]~356                          ; MLABCELL_X39_Y23_N3  ; 32      ; Clock enable              ; no     ; --                   ; --               ; --                        ;
; risc_v_mike_data_memory:i_risc_v_mike_data_memory|data_mem_ff[326][13]~332                         ; MLABCELL_X28_Y1_N0   ; 32      ; Clock enable              ; no     ; --                   ; --               ; --                        ;
; risc_v_mike_data_memory:i_risc_v_mike_data_memory|data_mem_ff[327][17]~364                         ; MLABCELL_X39_Y23_N6  ; 32      ; Clock enable              ; no     ; --                   ; --               ; --                        ;
; risc_v_mike_data_memory:i_risc_v_mike_data_memory|data_mem_ff[328][2]~321                          ; LABCELL_X33_Y27_N33  ; 32      ; Clock enable              ; no     ; --                   ; --               ; --                        ;
; risc_v_mike_data_memory:i_risc_v_mike_data_memory|data_mem_ff[329][7]~353                          ; LABCELL_X40_Y14_N42  ; 32      ; Clock enable              ; no     ; --                   ; --               ; --                        ;
; risc_v_mike_data_memory:i_risc_v_mike_data_memory|data_mem_ff[32][3]~16                            ; LABCELL_X45_Y15_N15  ; 32      ; Clock enable              ; no     ; --                   ; --               ; --                        ;
; risc_v_mike_data_memory:i_risc_v_mike_data_memory|data_mem_ff[330][0]~329                          ; LABCELL_X18_Y30_N21  ; 32      ; Clock enable              ; no     ; --                   ; --               ; --                        ;
; risc_v_mike_data_memory:i_risc_v_mike_data_memory|data_mem_ff[331][9]~361                          ; LABCELL_X23_Y30_N54  ; 32      ; Clock enable              ; no     ; --                   ; --               ; --                        ;
; risc_v_mike_data_memory:i_risc_v_mike_data_memory|data_mem_ff[332][0]~325                          ; MLABCELL_X39_Y28_N42 ; 32      ; Clock enable              ; no     ; --                   ; --               ; --                        ;
; risc_v_mike_data_memory:i_risc_v_mike_data_memory|data_mem_ff[333][4]~357                          ; MLABCELL_X39_Y23_N12 ; 32      ; Clock enable              ; no     ; --                   ; --               ; --                        ;
; risc_v_mike_data_memory:i_risc_v_mike_data_memory|data_mem_ff[334][25]~333                         ; LABCELL_X33_Y14_N24  ; 32      ; Clock enable              ; no     ; --                   ; --               ; --                        ;
; risc_v_mike_data_memory:i_risc_v_mike_data_memory|data_mem_ff[335][25]~365                         ; MLABCELL_X39_Y23_N57 ; 32      ; Clock enable              ; no     ; --                   ; --               ; --                        ;
; risc_v_mike_data_memory:i_risc_v_mike_data_memory|data_mem_ff[336][23]~322                         ; LABCELL_X30_Y27_N27  ; 32      ; Clock enable              ; no     ; --                   ; --               ; --                        ;
; risc_v_mike_data_memory:i_risc_v_mike_data_memory|data_mem_ff[337][31]~354                         ; MLABCELL_X34_Y28_N24 ; 32      ; Clock enable              ; no     ; --                   ; --               ; --                        ;
; risc_v_mike_data_memory:i_risc_v_mike_data_memory|data_mem_ff[338][31]~330                         ; LABCELL_X35_Y26_N27  ; 32      ; Clock enable              ; no     ; --                   ; --               ; --                        ;
; risc_v_mike_data_memory:i_risc_v_mike_data_memory|data_mem_ff[339][30]~362                         ; LABCELL_X30_Y22_N39  ; 32      ; Clock enable              ; no     ; --                   ; --               ; --                        ;
; risc_v_mike_data_memory:i_risc_v_mike_data_memory|data_mem_ff[33][10]~24                           ; MLABCELL_X59_Y13_N57 ; 32      ; Clock enable              ; no     ; --                   ; --               ; --                        ;
; risc_v_mike_data_memory:i_risc_v_mike_data_memory|data_mem_ff[340][29]~326                         ; LABCELL_X40_Y31_N6   ; 32      ; Clock enable              ; no     ; --                   ; --               ; --                        ;
; risc_v_mike_data_memory:i_risc_v_mike_data_memory|data_mem_ff[341][31]~358                         ; MLABCELL_X39_Y23_N51 ; 32      ; Clock enable              ; no     ; --                   ; --               ; --                        ;
; risc_v_mike_data_memory:i_risc_v_mike_data_memory|data_mem_ff[342][30]~334                         ; LABCELL_X23_Y27_N18  ; 32      ; Clock enable              ; no     ; --                   ; --               ; --                        ;
; risc_v_mike_data_memory:i_risc_v_mike_data_memory|data_mem_ff[343][5]~366                          ; MLABCELL_X39_Y23_N18 ; 32      ; Clock enable              ; no     ; --                   ; --               ; --                        ;
; risc_v_mike_data_memory:i_risc_v_mike_data_memory|data_mem_ff[344][17]~323                         ; MLABCELL_X34_Y29_N45 ; 32      ; Clock enable              ; no     ; --                   ; --               ; --                        ;
; risc_v_mike_data_memory:i_risc_v_mike_data_memory|data_mem_ff[345][22]~355                         ; LABCELL_X40_Y17_N45  ; 32      ; Clock enable              ; no     ; --                   ; --               ; --                        ;
; risc_v_mike_data_memory:i_risc_v_mike_data_memory|data_mem_ff[346][22]~331                         ; LABCELL_X40_Y17_N57  ; 32      ; Clock enable              ; no     ; --                   ; --               ; --                        ;
; risc_v_mike_data_memory:i_risc_v_mike_data_memory|data_mem_ff[347][31]~363                         ; LABCELL_X40_Y17_N6   ; 32      ; Clock enable              ; no     ; --                   ; --               ; --                        ;
; risc_v_mike_data_memory:i_risc_v_mike_data_memory|data_mem_ff[348][30]~327                         ; LABCELL_X37_Y30_N39  ; 32      ; Clock enable              ; no     ; --                   ; --               ; --                        ;
; risc_v_mike_data_memory:i_risc_v_mike_data_memory|data_mem_ff[349][29]~359                         ; LABCELL_X23_Y23_N45  ; 32      ; Clock enable              ; no     ; --                   ; --               ; --                        ;
; risc_v_mike_data_memory:i_risc_v_mike_data_memory|data_mem_ff[34][26]~17                           ; LABCELL_X45_Y15_N42  ; 32      ; Clock enable              ; no     ; --                   ; --               ; --                        ;
; risc_v_mike_data_memory:i_risc_v_mike_data_memory|data_mem_ff[350][28]~335                         ; LABCELL_X23_Y25_N21  ; 32      ; Clock enable              ; no     ; --                   ; --               ; --                        ;
; risc_v_mike_data_memory:i_risc_v_mike_data_memory|data_mem_ff[351][2]~367                          ; LABCELL_X33_Y25_N27  ; 32      ; Clock enable              ; no     ; --                   ; --               ; --                        ;
; risc_v_mike_data_memory:i_risc_v_mike_data_memory|data_mem_ff[352][25]~448                         ; LABCELL_X40_Y18_N0   ; 32      ; Clock enable              ; no     ; --                   ; --               ; --                        ;
; risc_v_mike_data_memory:i_risc_v_mike_data_memory|data_mem_ff[353][16]~480                         ; LABCELL_X40_Y22_N12  ; 32      ; Clock enable              ; no     ; --                   ; --               ; --                        ;
; risc_v_mike_data_memory:i_risc_v_mike_data_memory|data_mem_ff[354][31]~450                         ; LABCELL_X40_Y20_N36  ; 32      ; Clock enable              ; no     ; --                   ; --               ; --                        ;
; risc_v_mike_data_memory:i_risc_v_mike_data_memory|data_mem_ff[355][31]~484                         ; LABCELL_X40_Y21_N30  ; 32      ; Clock enable              ; no     ; --                   ; --               ; --                        ;
; risc_v_mike_data_memory:i_risc_v_mike_data_memory|data_mem_ff[356][30]~449                         ; LABCELL_X48_Y26_N27  ; 32      ; Clock enable              ; no     ; --                   ; --               ; --                        ;
; risc_v_mike_data_memory:i_risc_v_mike_data_memory|data_mem_ff[357][29]~481                         ; MLABCELL_X47_Y34_N57 ; 32      ; Clock enable              ; no     ; --                   ; --               ; --                        ;
; risc_v_mike_data_memory:i_risc_v_mike_data_memory|data_mem_ff[358][29]~451                         ; LABCELL_X43_Y21_N42  ; 32      ; Clock enable              ; no     ; --                   ; --               ; --                        ;
; risc_v_mike_data_memory:i_risc_v_mike_data_memory|data_mem_ff[359][21]~485                         ; LABCELL_X42_Y20_N39  ; 32      ; Clock enable              ; no     ; --                   ; --               ; --                        ;
; risc_v_mike_data_memory:i_risc_v_mike_data_memory|data_mem_ff[35][10]~25                           ; MLABCELL_X59_Y13_N54 ; 32      ; Clock enable              ; no     ; --                   ; --               ; --                        ;
; risc_v_mike_data_memory:i_risc_v_mike_data_memory|data_mem_ff[360][13]~452                         ; MLABCELL_X39_Y24_N21 ; 32      ; Clock enable              ; no     ; --                   ; --               ; --                        ;
; risc_v_mike_data_memory:i_risc_v_mike_data_memory|data_mem_ff[361][25]~482                         ; LABCELL_X40_Y20_N51  ; 32      ; Clock enable              ; no     ; --                   ; --               ; --                        ;
; risc_v_mike_data_memory:i_risc_v_mike_data_memory|data_mem_ff[362][29]~454                         ; MLABCELL_X39_Y22_N3  ; 32      ; Clock enable              ; no     ; --                   ; --               ; --                        ;
; risc_v_mike_data_memory:i_risc_v_mike_data_memory|data_mem_ff[363][8]~486                          ; LABCELL_X42_Y20_N21  ; 32      ; Clock enable              ; no     ; --                   ; --               ; --                        ;
; risc_v_mike_data_memory:i_risc_v_mike_data_memory|data_mem_ff[364][24]~453                         ; LABCELL_X42_Y19_N12  ; 32      ; Clock enable              ; no     ; --                   ; --               ; --                        ;
; risc_v_mike_data_memory:i_risc_v_mike_data_memory|data_mem_ff[365][4]~483                          ; MLABCELL_X39_Y20_N39 ; 32      ; Clock enable              ; no     ; --                   ; --               ; --                        ;
; risc_v_mike_data_memory:i_risc_v_mike_data_memory|data_mem_ff[366][23]~455                         ; LABCELL_X42_Y19_N21  ; 32      ; Clock enable              ; no     ; --                   ; --               ; --                        ;
; risc_v_mike_data_memory:i_risc_v_mike_data_memory|data_mem_ff[367][31]~487                         ; LABCELL_X37_Y20_N54  ; 32      ; Clock enable              ; no     ; --                   ; --               ; --                        ;
; risc_v_mike_data_memory:i_risc_v_mike_data_memory|data_mem_ff[368][14]~456                         ; LABCELL_X37_Y29_N57  ; 32      ; Clock enable              ; no     ; --                   ; --               ; --                        ;
; risc_v_mike_data_memory:i_risc_v_mike_data_memory|data_mem_ff[369][4]~488                          ; LABCELL_X40_Y21_N57  ; 32      ; Clock enable              ; no     ; --                   ; --               ; --                        ;
; risc_v_mike_data_memory:i_risc_v_mike_data_memory|data_mem_ff[36][13]~18                           ; LABCELL_X60_Y14_N21  ; 32      ; Clock enable              ; no     ; --                   ; --               ; --                        ;
; risc_v_mike_data_memory:i_risc_v_mike_data_memory|data_mem_ff[370][2]~458                          ; LABCELL_X37_Y29_N30  ; 32      ; Clock enable              ; no     ; --                   ; --               ; --                        ;
; risc_v_mike_data_memory:i_risc_v_mike_data_memory|data_mem_ff[371][11]~492                         ; LABCELL_X36_Y20_N27  ; 32      ; Clock enable              ; no     ; --                   ; --               ; --                        ;
; risc_v_mike_data_memory:i_risc_v_mike_data_memory|data_mem_ff[372][27]~457                         ; LABCELL_X45_Y26_N54  ; 32      ; Clock enable              ; no     ; --                   ; --               ; --                        ;
; risc_v_mike_data_memory:i_risc_v_mike_data_memory|data_mem_ff[373][18]~489                         ; LABCELL_X43_Y25_N15  ; 32      ; Clock enable              ; no     ; --                   ; --               ; --                        ;
; risc_v_mike_data_memory:i_risc_v_mike_data_memory|data_mem_ff[374][2]~459                          ; LABCELL_X24_Y20_N0   ; 32      ; Clock enable              ; no     ; --                   ; --               ; --                        ;
; risc_v_mike_data_memory:i_risc_v_mike_data_memory|data_mem_ff[375][22]~493                         ; LABCELL_X43_Y18_N30  ; 32      ; Clock enable              ; no     ; --                   ; --               ; --                        ;
; risc_v_mike_data_memory:i_risc_v_mike_data_memory|data_mem_ff[376][18]~460                         ; MLABCELL_X39_Y24_N24 ; 32      ; Clock enable              ; no     ; --                   ; --               ; --                        ;
; risc_v_mike_data_memory:i_risc_v_mike_data_memory|data_mem_ff[377][8]~490                          ; LABCELL_X43_Y28_N24  ; 32      ; Clock enable              ; no     ; --                   ; --               ; --                        ;
; risc_v_mike_data_memory:i_risc_v_mike_data_memory|data_mem_ff[378][15]~462                         ; LABCELL_X35_Y28_N36  ; 32      ; Clock enable              ; no     ; --                   ; --               ; --                        ;
; risc_v_mike_data_memory:i_risc_v_mike_data_memory|data_mem_ff[379][10]~494                         ; MLABCELL_X34_Y23_N15 ; 32      ; Clock enable              ; no     ; --                   ; --               ; --                        ;
; risc_v_mike_data_memory:i_risc_v_mike_data_memory|data_mem_ff[37][23]~26                           ; LABCELL_X61_Y12_N6   ; 32      ; Clock enable              ; no     ; --                   ; --               ; --                        ;
; risc_v_mike_data_memory:i_risc_v_mike_data_memory|data_mem_ff[380][12]~461                         ; MLABCELL_X39_Y26_N30 ; 32      ; Clock enable              ; no     ; --                   ; --               ; --                        ;
; risc_v_mike_data_memory:i_risc_v_mike_data_memory|data_mem_ff[381][27]~491                         ; MLABCELL_X39_Y26_N54 ; 32      ; Clock enable              ; no     ; --                   ; --               ; --                        ;
; risc_v_mike_data_memory:i_risc_v_mike_data_memory|data_mem_ff[382][15]~463                         ; MLABCELL_X39_Y19_N30 ; 32      ; Clock enable              ; no     ; --                   ; --               ; --                        ;
; risc_v_mike_data_memory:i_risc_v_mike_data_memory|data_mem_ff[383][25]~495                         ; LABCELL_X36_Y14_N0   ; 32      ; Clock enable              ; no     ; --                   ; --               ; --                        ;
; risc_v_mike_data_memory:i_risc_v_mike_data_memory|data_mem_ff[384][3]~272                          ; LABCELL_X27_Y28_N3   ; 32      ; Clock enable              ; no     ; --                   ; --               ; --                        ;
; risc_v_mike_data_memory:i_risc_v_mike_data_memory|data_mem_ff[385][17]~276                         ; LABCELL_X27_Y18_N54  ; 32      ; Clock enable              ; no     ; --                   ; --               ; --                        ;
; risc_v_mike_data_memory:i_risc_v_mike_data_memory|data_mem_ff[386][12]~280                         ; LABCELL_X22_Y18_N30  ; 32      ; Clock enable              ; no     ; --                   ; --               ; --                        ;
; risc_v_mike_data_memory:i_risc_v_mike_data_memory|data_mem_ff[387][29]~284                         ; LABCELL_X30_Y16_N48  ; 32      ; Clock enable              ; no     ; --                   ; --               ; --                        ;
; risc_v_mike_data_memory:i_risc_v_mike_data_memory|data_mem_ff[388][0]~304                          ; LABCELL_X16_Y12_N36  ; 32      ; Clock enable              ; no     ; --                   ; --               ; --                        ;
; risc_v_mike_data_memory:i_risc_v_mike_data_memory|data_mem_ff[389][0]~308                          ; MLABCELL_X39_Y15_N42 ; 32      ; Clock enable              ; no     ; --                   ; --               ; --                        ;
; risc_v_mike_data_memory:i_risc_v_mike_data_memory|data_mem_ff[38][3]~19                            ; MLABCELL_X59_Y13_N33 ; 32      ; Clock enable              ; no     ; --                   ; --               ; --                        ;
; risc_v_mike_data_memory:i_risc_v_mike_data_memory|data_mem_ff[390][17]~312                         ; LABCELL_X27_Y15_N42  ; 32      ; Clock enable              ; no     ; --                   ; --               ; --                        ;
; risc_v_mike_data_memory:i_risc_v_mike_data_memory|data_mem_ff[391][3]~316                          ; MLABCELL_X39_Y15_N45 ; 32      ; Clock enable              ; no     ; --                   ; --               ; --                        ;
; risc_v_mike_data_memory:i_risc_v_mike_data_memory|data_mem_ff[392][30]~273                         ; LABCELL_X22_Y15_N30  ; 32      ; Clock enable              ; no     ; --                   ; --               ; --                        ;
; risc_v_mike_data_memory:i_risc_v_mike_data_memory|data_mem_ff[393][30]~277                         ; LABCELL_X27_Y18_N0   ; 32      ; Clock enable              ; no     ; --                   ; --               ; --                        ;
; risc_v_mike_data_memory:i_risc_v_mike_data_memory|data_mem_ff[394][28]~281                         ; LABCELL_X12_Y19_N9   ; 32      ; Clock enable              ; no     ; --                   ; --               ; --                        ;
; risc_v_mike_data_memory:i_risc_v_mike_data_memory|data_mem_ff[395][27]~285                         ; LABCELL_X30_Y16_N30  ; 32      ; Clock enable              ; no     ; --                   ; --               ; --                        ;
; risc_v_mike_data_memory:i_risc_v_mike_data_memory|data_mem_ff[396][18]~305                         ; MLABCELL_X39_Y15_N12 ; 32      ; Clock enable              ; no     ; --                   ; --               ; --                        ;
; risc_v_mike_data_memory:i_risc_v_mike_data_memory|data_mem_ff[397][9]~309                          ; MLABCELL_X6_Y13_N24  ; 32      ; Clock enable              ; no     ; --                   ; --               ; --                        ;
; risc_v_mike_data_memory:i_risc_v_mike_data_memory|data_mem_ff[398][17]~313                         ; LABCELL_X27_Y15_N48  ; 32      ; Clock enable              ; no     ; --                   ; --               ; --                        ;
; risc_v_mike_data_memory:i_risc_v_mike_data_memory|data_mem_ff[399][1]~317                          ; LABCELL_X9_Y14_N15   ; 32      ; Clock enable              ; no     ; --                   ; --               ; --                        ;
; risc_v_mike_data_memory:i_risc_v_mike_data_memory|data_mem_ff[39][31]~27                           ; LABCELL_X61_Y12_N54  ; 32      ; Clock enable              ; no     ; --                   ; --               ; --                        ;
; risc_v_mike_data_memory:i_risc_v_mike_data_memory|data_mem_ff[3][0]~9                              ; LABCELL_X66_Y13_N42  ; 32      ; Clock enable              ; no     ; --                   ; --               ; --                        ;
; risc_v_mike_data_memory:i_risc_v_mike_data_memory|data_mem_ff[400][31]~274                         ; MLABCELL_X28_Y29_N27 ; 32      ; Clock enable              ; no     ; --                   ; --               ; --                        ;
; risc_v_mike_data_memory:i_risc_v_mike_data_memory|data_mem_ff[401][22]~278                         ; LABCELL_X27_Y14_N30  ; 32      ; Clock enable              ; no     ; --                   ; --               ; --                        ;
; risc_v_mike_data_memory:i_risc_v_mike_data_memory|data_mem_ff[402][0]~282                          ; LABCELL_X19_Y19_N51  ; 32      ; Clock enable              ; no     ; --                   ; --               ; --                        ;
; risc_v_mike_data_memory:i_risc_v_mike_data_memory|data_mem_ff[403][30]~286                         ; LABCELL_X19_Y17_N57  ; 32      ; Clock enable              ; no     ; --                   ; --               ; --                        ;
; risc_v_mike_data_memory:i_risc_v_mike_data_memory|data_mem_ff[404][1]~306                          ; LABCELL_X10_Y16_N45  ; 32      ; Clock enable              ; no     ; --                   ; --               ; --                        ;
; risc_v_mike_data_memory:i_risc_v_mike_data_memory|data_mem_ff[405][22]~310                         ; LABCELL_X10_Y12_N54  ; 32      ; Clock enable              ; no     ; --                   ; --               ; --                        ;
; risc_v_mike_data_memory:i_risc_v_mike_data_memory|data_mem_ff[406][28]~314                         ; MLABCELL_X15_Y16_N42 ; 32      ; Clock enable              ; no     ; --                   ; --               ; --                        ;
; risc_v_mike_data_memory:i_risc_v_mike_data_memory|data_mem_ff[407][20]~318                         ; LABCELL_X46_Y21_N6   ; 32      ; Clock enable              ; no     ; --                   ; --               ; --                        ;
; risc_v_mike_data_memory:i_risc_v_mike_data_memory|data_mem_ff[408][16]~275                         ; MLABCELL_X21_Y28_N3  ; 32      ; Clock enable              ; no     ; --                   ; --               ; --                        ;
; risc_v_mike_data_memory:i_risc_v_mike_data_memory|data_mem_ff[409][3]~279                          ; LABCELL_X31_Y20_N0   ; 32      ; Clock enable              ; no     ; --                   ; --               ; --                        ;
; risc_v_mike_data_memory:i_risc_v_mike_data_memory|data_mem_ff[40][30]~129                          ; LABCELL_X45_Y15_N45  ; 32      ; Clock enable              ; no     ; --                   ; --               ; --                        ;
; risc_v_mike_data_memory:i_risc_v_mike_data_memory|data_mem_ff[410][19]~283                         ; LABCELL_X16_Y16_N57  ; 32      ; Clock enable              ; no     ; --                   ; --               ; --                        ;
; risc_v_mike_data_memory:i_risc_v_mike_data_memory|data_mem_ff[411][7]~287                          ; LABCELL_X22_Y18_N24  ; 32      ; Clock enable              ; no     ; --                   ; --               ; --                        ;
; risc_v_mike_data_memory:i_risc_v_mike_data_memory|data_mem_ff[412][0]~307                          ; LABCELL_X16_Y15_N9   ; 32      ; Clock enable              ; no     ; --                   ; --               ; --                        ;
; risc_v_mike_data_memory:i_risc_v_mike_data_memory|data_mem_ff[413][6]~311                          ; LABCELL_X11_Y11_N6   ; 32      ; Clock enable              ; no     ; --                   ; --               ; --                        ;
; risc_v_mike_data_memory:i_risc_v_mike_data_memory|data_mem_ff[414][11]~315                         ; MLABCELL_X39_Y15_N6  ; 32      ; Clock enable              ; no     ; --                   ; --               ; --                        ;
; risc_v_mike_data_memory:i_risc_v_mike_data_memory|data_mem_ff[415][3]~319                          ; LABCELL_X19_Y14_N42  ; 32      ; Clock enable              ; no     ; --                   ; --               ; --                        ;
; risc_v_mike_data_memory:i_risc_v_mike_data_memory|data_mem_ff[416][27]~385                         ; LABCELL_X22_Y15_N36  ; 32      ; Clock enable              ; no     ; --                   ; --               ; --                        ;
; risc_v_mike_data_memory:i_risc_v_mike_data_memory|data_mem_ff[417][27]~387                         ; LABCELL_X31_Y17_N6   ; 32      ; Clock enable              ; no     ; --                   ; --               ; --                        ;
; risc_v_mike_data_memory:i_risc_v_mike_data_memory|data_mem_ff[418][21]~417                         ; LABCELL_X36_Y23_N45  ; 32      ; Clock enable              ; no     ; --                   ; --               ; --                        ;
; risc_v_mike_data_memory:i_risc_v_mike_data_memory|data_mem_ff[419][27]~421                         ; LABCELL_X40_Y19_N48  ; 32      ; Clock enable              ; no     ; --                   ; --               ; --                        ;
; risc_v_mike_data_memory:i_risc_v_mike_data_memory|data_mem_ff[41][2]~164                           ; LABCELL_X45_Y15_N0   ; 32      ; Clock enable              ; no     ; --                   ; --               ; --                        ;
; risc_v_mike_data_memory:i_risc_v_mike_data_memory|data_mem_ff[420][5]~401                          ; MLABCELL_X39_Y15_N15 ; 32      ; Clock enable              ; no     ; --                   ; --               ; --                        ;
; risc_v_mike_data_memory:i_risc_v_mike_data_memory|data_mem_ff[421][1]~405                          ; LABCELL_X12_Y15_N24  ; 32      ; Clock enable              ; no     ; --                   ; --               ; --                        ;
; risc_v_mike_data_memory:i_risc_v_mike_data_memory|data_mem_ff[422][17]~433                         ; LABCELL_X48_Y30_N24  ; 32      ; Clock enable              ; no     ; --                   ; --               ; --                        ;
; risc_v_mike_data_memory:i_risc_v_mike_data_memory|data_mem_ff[423][5]~435                          ; LABCELL_X40_Y23_N6   ; 32      ; Clock enable              ; no     ; --                   ; --               ; --                        ;
; risc_v_mike_data_memory:i_risc_v_mike_data_memory|data_mem_ff[424][14]~389                         ; LABCELL_X24_Y29_N9   ; 32      ; Clock enable              ; no     ; --                   ; --               ; --                        ;
; risc_v_mike_data_memory:i_risc_v_mike_data_memory|data_mem_ff[425][5]~391                          ; LABCELL_X31_Y17_N30  ; 32      ; Clock enable              ; no     ; --                   ; --               ; --                        ;
; risc_v_mike_data_memory:i_risc_v_mike_data_memory|data_mem_ff[426][16]~425                         ; LABCELL_X33_Y20_N33  ; 32      ; Clock enable              ; no     ; --                   ; --               ; --                        ;
; risc_v_mike_data_memory:i_risc_v_mike_data_memory|data_mem_ff[427][12]~429                         ; LABCELL_X36_Y19_N36  ; 32      ; Clock enable              ; no     ; --                   ; --               ; --                        ;
; risc_v_mike_data_memory:i_risc_v_mike_data_memory|data_mem_ff[428][14]~403                         ; LABCELL_X16_Y14_N54  ; 32      ; Clock enable              ; no     ; --                   ; --               ; --                        ;
; risc_v_mike_data_memory:i_risc_v_mike_data_memory|data_mem_ff[429][15]~407                         ; LABCELL_X10_Y15_N6   ; 32      ; Clock enable              ; no     ; --                   ; --               ; --                        ;
; risc_v_mike_data_memory:i_risc_v_mike_data_memory|data_mem_ff[42][15]~131                          ; LABCELL_X64_Y17_N0   ; 32      ; Clock enable              ; no     ; --                   ; --               ; --                        ;
; risc_v_mike_data_memory:i_risc_v_mike_data_memory|data_mem_ff[430][19]~437                         ; LABCELL_X51_Y28_N3   ; 32      ; Clock enable              ; no     ; --                   ; --               ; --                        ;
; risc_v_mike_data_memory:i_risc_v_mike_data_memory|data_mem_ff[431][31]~439                         ; LABCELL_X40_Y23_N27  ; 32      ; Clock enable              ; no     ; --                   ; --               ; --                        ;
; risc_v_mike_data_memory:i_risc_v_mike_data_memory|data_mem_ff[432][28]~393                         ; LABCELL_X37_Y16_N39  ; 32      ; Clock enable              ; no     ; --                   ; --               ; --                        ;
; risc_v_mike_data_memory:i_risc_v_mike_data_memory|data_mem_ff[433][26]~395                         ; LABCELL_X37_Y15_N42  ; 32      ; Clock enable              ; no     ; --                   ; --               ; --                        ;
; risc_v_mike_data_memory:i_risc_v_mike_data_memory|data_mem_ff[434][24]~419                         ; LABCELL_X36_Y15_N51  ; 32      ; Clock enable              ; no     ; --                   ; --               ; --                        ;
; risc_v_mike_data_memory:i_risc_v_mike_data_memory|data_mem_ff[435][3]~423                          ; LABCELL_X35_Y16_N21  ; 32      ; Clock enable              ; no     ; --                   ; --               ; --                        ;
; risc_v_mike_data_memory:i_risc_v_mike_data_memory|data_mem_ff[436][4]~409                          ; LABCELL_X10_Y14_N0   ; 32      ; Clock enable              ; no     ; --                   ; --               ; --                        ;
; risc_v_mike_data_memory:i_risc_v_mike_data_memory|data_mem_ff[437][9]~413                          ; LABCELL_X10_Y14_N51  ; 32      ; Clock enable              ; no     ; --                   ; --               ; --                        ;
; risc_v_mike_data_memory:i_risc_v_mike_data_memory|data_mem_ff[438][31]~441                         ; LABCELL_X42_Y31_N27  ; 32      ; Clock enable              ; no     ; --                   ; --               ; --                        ;
; risc_v_mike_data_memory:i_risc_v_mike_data_memory|data_mem_ff[439][1]~443                          ; LABCELL_X45_Y23_N51  ; 32      ; Clock enable              ; no     ; --                   ; --               ; --                        ;
; risc_v_mike_data_memory:i_risc_v_mike_data_memory|data_mem_ff[43][0]~165                           ; LABCELL_X45_Y15_N3   ; 32      ; Clock enable              ; no     ; --                   ; --               ; --                        ;
; risc_v_mike_data_memory:i_risc_v_mike_data_memory|data_mem_ff[440][10]~397                         ; LABCELL_X30_Y30_N33  ; 32      ; Clock enable              ; no     ; --                   ; --               ; --                        ;
; risc_v_mike_data_memory:i_risc_v_mike_data_memory|data_mem_ff[441][15]~399                         ; LABCELL_X29_Y24_N6   ; 32      ; Clock enable              ; no     ; --                   ; --               ; --                        ;
; risc_v_mike_data_memory:i_risc_v_mike_data_memory|data_mem_ff[442][31]~427                         ; LABCELL_X36_Y15_N33  ; 32      ; Clock enable              ; no     ; --                   ; --               ; --                        ;
; risc_v_mike_data_memory:i_risc_v_mike_data_memory|data_mem_ff[443][9]~431                          ; MLABCELL_X34_Y15_N18 ; 32      ; Clock enable              ; no     ; --                   ; --               ; --                        ;
; risc_v_mike_data_memory:i_risc_v_mike_data_memory|data_mem_ff[444][30]~411                         ; MLABCELL_X15_Y15_N54 ; 32      ; Clock enable              ; no     ; --                   ; --               ; --                        ;
; risc_v_mike_data_memory:i_risc_v_mike_data_memory|data_mem_ff[445][22]~415                         ; LABCELL_X13_Y12_N57  ; 32      ; Clock enable              ; no     ; --                   ; --               ; --                        ;
; risc_v_mike_data_memory:i_risc_v_mike_data_memory|data_mem_ff[446][31]~445                         ; LABCELL_X40_Y14_N18  ; 32      ; Clock enable              ; no     ; --                   ; --               ; --                        ;
; risc_v_mike_data_memory:i_risc_v_mike_data_memory|data_mem_ff[447][17]~447                         ; MLABCELL_X39_Y14_N48 ; 32      ; Clock enable              ; no     ; --                   ; --               ; --                        ;
; risc_v_mike_data_memory:i_risc_v_mike_data_memory|data_mem_ff[448][9]~336                          ; MLABCELL_X39_Y18_N15 ; 32      ; Clock enable              ; no     ; --                   ; --               ; --                        ;
; risc_v_mike_data_memory:i_risc_v_mike_data_memory|data_mem_ff[449][31]~368                         ; MLABCELL_X34_Y26_N12 ; 32      ; Clock enable              ; no     ; --                   ; --               ; --                        ;
; risc_v_mike_data_memory:i_risc_v_mike_data_memory|data_mem_ff[44][0]~137                           ; MLABCELL_X59_Y13_N36 ; 32      ; Clock enable              ; no     ; --                   ; --               ; --                        ;
; risc_v_mike_data_memory:i_risc_v_mike_data_memory|data_mem_ff[450][2]~344                          ; LABCELL_X24_Y17_N48  ; 32      ; Clock enable              ; no     ; --                   ; --               ; --                        ;
; risc_v_mike_data_memory:i_risc_v_mike_data_memory|data_mem_ff[451][4]~376                          ; LABCELL_X33_Y21_N30  ; 32      ; Clock enable              ; no     ; --                   ; --               ; --                        ;
; risc_v_mike_data_memory:i_risc_v_mike_data_memory|data_mem_ff[452][31]~340                         ; LABCELL_X42_Y22_N57  ; 32      ; Clock enable              ; no     ; --                   ; --               ; --                        ;
; risc_v_mike_data_memory:i_risc_v_mike_data_memory|data_mem_ff[453][31]~369                         ; LABCELL_X40_Y28_N15  ; 32      ; Clock enable              ; no     ; --                   ; --               ; --                        ;
; risc_v_mike_data_memory:i_risc_v_mike_data_memory|data_mem_ff[454][15]~348                         ; MLABCELL_X15_Y12_N12 ; 32      ; Clock enable              ; no     ; --                   ; --               ; --                        ;
; risc_v_mike_data_memory:i_risc_v_mike_data_memory|data_mem_ff[455][14]~377                         ; LABCELL_X36_Y13_N12  ; 32      ; Clock enable              ; no     ; --                   ; --               ; --                        ;
; risc_v_mike_data_memory:i_risc_v_mike_data_memory|data_mem_ff[456][15]~337                         ; MLABCELL_X39_Y18_N0  ; 32      ; Clock enable              ; no     ; --                   ; --               ; --                        ;
; risc_v_mike_data_memory:i_risc_v_mike_data_memory|data_mem_ff[457][26]~372                         ; MLABCELL_X39_Y25_N12 ; 32      ; Clock enable              ; no     ; --                   ; --               ; --                        ;
; risc_v_mike_data_memory:i_risc_v_mike_data_memory|data_mem_ff[458][13]~345                         ; LABCELL_X36_Y16_N27  ; 32      ; Clock enable              ; no     ; --                   ; --               ; --                        ;
; risc_v_mike_data_memory:i_risc_v_mike_data_memory|data_mem_ff[459][12]~380                         ; LABCELL_X22_Y17_N6   ; 32      ; Clock enable              ; no     ; --                   ; --               ; --                        ;
; risc_v_mike_data_memory:i_risc_v_mike_data_memory|data_mem_ff[45][0]~166                           ; MLABCELL_X59_Y13_N12 ; 32      ; Clock enable              ; no     ; --                   ; --               ; --                        ;
; risc_v_mike_data_memory:i_risc_v_mike_data_memory|data_mem_ff[460][31]~341                         ; MLABCELL_X39_Y31_N39 ; 32      ; Clock enable              ; no     ; --                   ; --               ; --                        ;
; risc_v_mike_data_memory:i_risc_v_mike_data_memory|data_mem_ff[461][6]~373                          ; MLABCELL_X39_Y14_N12 ; 32      ; Clock enable              ; no     ; --                   ; --               ; --                        ;
; risc_v_mike_data_memory:i_risc_v_mike_data_memory|data_mem_ff[462][29]~349                         ; LABCELL_X23_Y14_N12  ; 32      ; Clock enable              ; no     ; --                   ; --               ; --                        ;
; risc_v_mike_data_memory:i_risc_v_mike_data_memory|data_mem_ff[463][13]~381                         ; LABCELL_X22_Y12_N18  ; 32      ; Clock enable              ; no     ; --                   ; --               ; --                        ;
; risc_v_mike_data_memory:i_risc_v_mike_data_memory|data_mem_ff[464][29]~338                         ; MLABCELL_X28_Y29_N21 ; 32      ; Clock enable              ; no     ; --                   ; --               ; --                        ;
; risc_v_mike_data_memory:i_risc_v_mike_data_memory|data_mem_ff[465][29]~370                         ; MLABCELL_X28_Y28_N15 ; 32      ; Clock enable              ; no     ; --                   ; --               ; --                        ;
; risc_v_mike_data_memory:i_risc_v_mike_data_memory|data_mem_ff[466][31]~346                         ; LABCELL_X36_Y13_N36  ; 32      ; Clock enable              ; no     ; --                   ; --               ; --                        ;
; risc_v_mike_data_memory:i_risc_v_mike_data_memory|data_mem_ff[467][0]~378                          ; LABCELL_X36_Y19_N27  ; 32      ; Clock enable              ; no     ; --                   ; --               ; --                        ;
; risc_v_mike_data_memory:i_risc_v_mike_data_memory|data_mem_ff[468][9]~342                          ; LABCELL_X40_Y30_N3   ; 32      ; Clock enable              ; no     ; --                   ; --               ; --                        ;
; risc_v_mike_data_memory:i_risc_v_mike_data_memory|data_mem_ff[469][15]~371                         ; LABCELL_X43_Y26_N33  ; 32      ; Clock enable              ; no     ; --                   ; --               ; --                        ;
; risc_v_mike_data_memory:i_risc_v_mike_data_memory|data_mem_ff[46][5]~139                           ; LABCELL_X64_Y13_N18  ; 32      ; Clock enable              ; no     ; --                   ; --               ; --                        ;
; risc_v_mike_data_memory:i_risc_v_mike_data_memory|data_mem_ff[470][18]~350                         ; LABCELL_X33_Y28_N30  ; 32      ; Clock enable              ; no     ; --                   ; --               ; --                        ;
; risc_v_mike_data_memory:i_risc_v_mike_data_memory|data_mem_ff[471][24]~379                         ; MLABCELL_X28_Y25_N12 ; 32      ; Clock enable              ; no     ; --                   ; --               ; --                        ;
; risc_v_mike_data_memory:i_risc_v_mike_data_memory|data_mem_ff[472][1]~339                          ; LABCELL_X35_Y30_N36  ; 32      ; Clock enable              ; no     ; --                   ; --               ; --                        ;
; risc_v_mike_data_memory:i_risc_v_mike_data_memory|data_mem_ff[473][5]~374                          ; LABCELL_X36_Y22_N12  ; 32      ; Clock enable              ; no     ; --                   ; --               ; --                        ;
; risc_v_mike_data_memory:i_risc_v_mike_data_memory|data_mem_ff[474][26]~347                         ; MLABCELL_X21_Y16_N3  ; 32      ; Clock enable              ; no     ; --                   ; --               ; --                        ;
; risc_v_mike_data_memory:i_risc_v_mike_data_memory|data_mem_ff[475][25]~382                         ; LABCELL_X36_Y13_N57  ; 32      ; Clock enable              ; no     ; --                   ; --               ; --                        ;
; risc_v_mike_data_memory:i_risc_v_mike_data_memory|data_mem_ff[476][16]~343                         ; LABCELL_X36_Y17_N36  ; 32      ; Clock enable              ; no     ; --                   ; --               ; --                        ;
; risc_v_mike_data_memory:i_risc_v_mike_data_memory|data_mem_ff[477][17]~375                         ; MLABCELL_X39_Y17_N12 ; 32      ; Clock enable              ; no     ; --                   ; --               ; --                        ;
; risc_v_mike_data_memory:i_risc_v_mike_data_memory|data_mem_ff[478][4]~351                          ; LABCELL_X36_Y13_N30  ; 32      ; Clock enable              ; no     ; --                   ; --               ; --                        ;
; risc_v_mike_data_memory:i_risc_v_mike_data_memory|data_mem_ff[479][9]~383                          ; LABCELL_X27_Y22_N6   ; 32      ; Clock enable              ; no     ; --                   ; --               ; --                        ;
; risc_v_mike_data_memory:i_risc_v_mike_data_memory|data_mem_ff[47][31]~167                          ; MLABCELL_X59_Y13_N15 ; 32      ; Clock enable              ; no     ; --                   ; --               ; --                        ;
; risc_v_mike_data_memory:i_risc_v_mike_data_memory|data_mem_ff[480][31]~464                         ; LABCELL_X37_Y21_N15  ; 32      ; Clock enable              ; no     ; --                   ; --               ; --                        ;
; risc_v_mike_data_memory:i_risc_v_mike_data_memory|data_mem_ff[481][11]~496                         ; MLABCELL_X39_Y16_N45 ; 32      ; Clock enable              ; no     ; --                   ; --               ; --                        ;
; risc_v_mike_data_memory:i_risc_v_mike_data_memory|data_mem_ff[482][27]~472                         ; LABCELL_X37_Y17_N48  ; 32      ; Clock enable              ; no     ; --                   ; --               ; --                        ;
; risc_v_mike_data_memory:i_risc_v_mike_data_memory|data_mem_ff[483][28]~497                         ; LABCELL_X35_Y21_N15  ; 32      ; Clock enable              ; no     ; --                   ; --               ; --                        ;
; risc_v_mike_data_memory:i_risc_v_mike_data_memory|data_mem_ff[484][15]~465                         ; MLABCELL_X39_Y16_N18 ; 32      ; Clock enable              ; no     ; --                   ; --               ; --                        ;
; risc_v_mike_data_memory:i_risc_v_mike_data_memory|data_mem_ff[485][31]~504                         ; LABCELL_X40_Y26_N21  ; 32      ; Clock enable              ; no     ; --                   ; --               ; --                        ;
; risc_v_mike_data_memory:i_risc_v_mike_data_memory|data_mem_ff[486][9]~473                          ; LABCELL_X36_Y25_N18  ; 32      ; Clock enable              ; no     ; --                   ; --               ; --                        ;
; risc_v_mike_data_memory:i_risc_v_mike_data_memory|data_mem_ff[487][7]~505                          ; MLABCELL_X28_Y14_N12 ; 32      ; Clock enable              ; no     ; --                   ; --               ; --                        ;
; risc_v_mike_data_memory:i_risc_v_mike_data_memory|data_mem_ff[488][17]~468                         ; MLABCELL_X39_Y22_N36 ; 32      ; Clock enable              ; no     ; --                   ; --               ; --                        ;
; risc_v_mike_data_memory:i_risc_v_mike_data_memory|data_mem_ff[489][10]~500                         ; LABCELL_X27_Y19_N0   ; 32      ; Clock enable              ; no     ; --                   ; --               ; --                        ;
; risc_v_mike_data_memory:i_risc_v_mike_data_memory|data_mem_ff[48][0]~96                            ; MLABCELL_X59_Y13_N45 ; 32      ; Clock enable              ; no     ; --                   ; --               ; --                        ;
; risc_v_mike_data_memory:i_risc_v_mike_data_memory|data_mem_ff[490][22]~476                         ; LABCELL_X35_Y17_N12  ; 32      ; Clock enable              ; no     ; --                   ; --               ; --                        ;
; risc_v_mike_data_memory:i_risc_v_mike_data_memory|data_mem_ff[491][31]~501                         ; LABCELL_X36_Y19_N12  ; 32      ; Clock enable              ; no     ; --                   ; --               ; --                        ;
; risc_v_mike_data_memory:i_risc_v_mike_data_memory|data_mem_ff[492][22]~469                         ; MLABCELL_X39_Y17_N33 ; 32      ; Clock enable              ; no     ; --                   ; --               ; --                        ;
; risc_v_mike_data_memory:i_risc_v_mike_data_memory|data_mem_ff[493][18]~508                         ; LABCELL_X40_Y29_N24  ; 32      ; Clock enable              ; no     ; --                   ; --               ; --                        ;
; risc_v_mike_data_memory:i_risc_v_mike_data_memory|data_mem_ff[494][17]~477                         ; MLABCELL_X47_Y22_N24 ; 32      ; Clock enable              ; no     ; --                   ; --               ; --                        ;
; risc_v_mike_data_memory:i_risc_v_mike_data_memory|data_mem_ff[495][31]~509                         ; MLABCELL_X28_Y14_N42 ; 32      ; Clock enable              ; no     ; --                   ; --               ; --                        ;
; risc_v_mike_data_memory:i_risc_v_mike_data_memory|data_mem_ff[496][17]~466                         ; MLABCELL_X39_Y16_N15 ; 32      ; Clock enable              ; no     ; --                   ; --               ; --                        ;
; risc_v_mike_data_memory:i_risc_v_mike_data_memory|data_mem_ff[497][16]~498                         ; MLABCELL_X39_Y16_N48 ; 32      ; Clock enable              ; no     ; --                   ; --               ; --                        ;
; risc_v_mike_data_memory:i_risc_v_mike_data_memory|data_mem_ff[498][5]~474                          ; LABCELL_X35_Y17_N33  ; 32      ; Clock enable              ; no     ; --                   ; --               ; --                        ;
; risc_v_mike_data_memory:i_risc_v_mike_data_memory|data_mem_ff[499][8]~499                          ; LABCELL_X35_Y20_N57  ; 32      ; Clock enable              ; no     ; --                   ; --               ; --                        ;
; risc_v_mike_data_memory:i_risc_v_mike_data_memory|data_mem_ff[49][0]~112                           ; LABCELL_X75_Y17_N18  ; 32      ; Clock enable              ; no     ; --                   ; --               ; --                        ;
; risc_v_mike_data_memory:i_risc_v_mike_data_memory|data_mem_ff[4][0]~2                              ; LABCELL_X60_Y14_N48  ; 32      ; Clock enable              ; no     ; --                   ; --               ; --                        ;
; risc_v_mike_data_memory:i_risc_v_mike_data_memory|data_mem_ff[500][31]~467                         ; LABCELL_X42_Y15_N21  ; 32      ; Clock enable              ; no     ; --                   ; --               ; --                        ;
; risc_v_mike_data_memory:i_risc_v_mike_data_memory|data_mem_ff[501][30]~506                         ; LABCELL_X43_Y20_N30  ; 32      ; Clock enable              ; no     ; --                   ; --               ; --                        ;
; risc_v_mike_data_memory:i_risc_v_mike_data_memory|data_mem_ff[502][28]~475                         ; LABCELL_X37_Y22_N54  ; 32      ; Clock enable              ; no     ; --                   ; --               ; --                        ;
; risc_v_mike_data_memory:i_risc_v_mike_data_memory|data_mem_ff[503][28]~507                         ; LABCELL_X37_Y18_N12  ; 32      ; Clock enable              ; no     ; --                   ; --               ; --                        ;
; risc_v_mike_data_memory:i_risc_v_mike_data_memory|data_mem_ff[504][28]~470                         ; MLABCELL_X39_Y17_N15 ; 32      ; Clock enable              ; no     ; --                   ; --               ; --                        ;
; risc_v_mike_data_memory:i_risc_v_mike_data_memory|data_mem_ff[505][31]~502                         ; MLABCELL_X39_Y17_N42 ; 32      ; Clock enable              ; no     ; --                   ; --               ; --                        ;
; risc_v_mike_data_memory:i_risc_v_mike_data_memory|data_mem_ff[506][11]~478                         ; LABCELL_X35_Y19_N24  ; 32      ; Clock enable              ; no     ; --                   ; --               ; --                        ;
; risc_v_mike_data_memory:i_risc_v_mike_data_memory|data_mem_ff[507][19]~503                         ; LABCELL_X31_Y21_N45  ; 32      ; Clock enable              ; no     ; --                   ; --               ; --                        ;
; risc_v_mike_data_memory:i_risc_v_mike_data_memory|data_mem_ff[508][0]~471                          ; MLABCELL_X39_Y17_N24 ; 32      ; Clock enable              ; no     ; --                   ; --               ; --                        ;
; risc_v_mike_data_memory:i_risc_v_mike_data_memory|data_mem_ff[509][29]~510                         ; MLABCELL_X39_Y17_N36 ; 32      ; Clock enable              ; no     ; --                   ; --               ; --                        ;
; risc_v_mike_data_memory:i_risc_v_mike_data_memory|data_mem_ff[50][9]~98                            ; LABCELL_X60_Y18_N12  ; 32      ; Clock enable              ; no     ; --                   ; --               ; --                        ;
; risc_v_mike_data_memory:i_risc_v_mike_data_memory|data_mem_ff[510][12]~479                         ; LABCELL_X33_Y17_N27  ; 32      ; Clock enable              ; no     ; --                   ; --               ; --                        ;
; risc_v_mike_data_memory:i_risc_v_mike_data_memory|data_mem_ff[511][14]~511                         ; LABCELL_X36_Y13_N24  ; 32      ; Clock enable              ; no     ; --                   ; --               ; --                        ;
; risc_v_mike_data_memory:i_risc_v_mike_data_memory|data_mem_ff[51][6]~120                           ; LABCELL_X68_Y17_N24  ; 32      ; Clock enable              ; no     ; --                   ; --               ; --                        ;
; risc_v_mike_data_memory:i_risc_v_mike_data_memory|data_mem_ff[52][1]~104                           ; LABCELL_X61_Y12_N21  ; 32      ; Clock enable              ; no     ; --                   ; --               ; --                        ;
; risc_v_mike_data_memory:i_risc_v_mike_data_memory|data_mem_ff[53][20]~114                          ; LABCELL_X61_Y12_N48  ; 32      ; Clock enable              ; no     ; --                   ; --               ; --                        ;
; risc_v_mike_data_memory:i_risc_v_mike_data_memory|data_mem_ff[54][11]~106                          ; LABCELL_X61_Y12_N15  ; 32      ; Clock enable              ; no     ; --                   ; --               ; --                        ;
; risc_v_mike_data_memory:i_risc_v_mike_data_memory|data_mem_ff[55][31]~122                          ; LABCELL_X61_Y12_N42  ; 32      ; Clock enable              ; no     ; --                   ; --               ; --                        ;
; risc_v_mike_data_memory:i_risc_v_mike_data_memory|data_mem_ff[56][1]~193                           ; LABCELL_X43_Y17_N12  ; 32      ; Clock enable              ; no     ; --                   ; --               ; --                        ;
; risc_v_mike_data_memory:i_risc_v_mike_data_memory|data_mem_ff[57][30]~195                          ; LABCELL_X43_Y17_N54  ; 32      ; Clock enable              ; no     ; --                   ; --               ; --                        ;
; risc_v_mike_data_memory:i_risc_v_mike_data_memory|data_mem_ff[58][9]~197                           ; LABCELL_X43_Y17_N9   ; 32      ; Clock enable              ; no     ; --                   ; --               ; --                        ;
; risc_v_mike_data_memory:i_risc_v_mike_data_memory|data_mem_ff[59][9]~199                           ; LABCELL_X43_Y17_N57  ; 32      ; Clock enable              ; no     ; --                   ; --               ; --                        ;
; risc_v_mike_data_memory:i_risc_v_mike_data_memory|data_mem_ff[5][0]~10                             ; MLABCELL_X59_Y13_N9  ; 32      ; Clock enable              ; no     ; --                   ; --               ; --                        ;
; risc_v_mike_data_memory:i_risc_v_mike_data_memory|data_mem_ff[60][16]~201                          ; LABCELL_X48_Y20_N6   ; 32      ; Clock enable              ; no     ; --                   ; --               ; --                        ;
; risc_v_mike_data_memory:i_risc_v_mike_data_memory|data_mem_ff[61][5]~203                           ; LABCELL_X45_Y17_N27  ; 32      ; Clock enable              ; no     ; --                   ; --               ; --                        ;
; risc_v_mike_data_memory:i_risc_v_mike_data_memory|data_mem_ff[62][18]~205                          ; LABCELL_X48_Y21_N21  ; 32      ; Clock enable              ; no     ; --                   ; --               ; --                        ;
; risc_v_mike_data_memory:i_risc_v_mike_data_memory|data_mem_ff[63][12]~207                          ; LABCELL_X43_Y17_N6   ; 32      ; Clock enable              ; no     ; --                   ; --               ; --                        ;
; risc_v_mike_data_memory:i_risc_v_mike_data_memory|data_mem_ff[64][24]~32                           ; LABCELL_X57_Y14_N15  ; 32      ; Clock enable              ; no     ; --                   ; --               ; --                        ;
; risc_v_mike_data_memory:i_risc_v_mike_data_memory|data_mem_ff[65][17]~40                           ; LABCELL_X63_Y12_N39  ; 32      ; Clock enable              ; no     ; --                   ; --               ; --                        ;
; risc_v_mike_data_memory:i_risc_v_mike_data_memory|data_mem_ff[66][19]~33                           ; LABCELL_X60_Y13_N18  ; 32      ; Clock enable              ; no     ; --                   ; --               ; --                        ;
; risc_v_mike_data_memory:i_risc_v_mike_data_memory|data_mem_ff[67][20]~41                           ; MLABCELL_X59_Y12_N18 ; 32      ; Clock enable              ; no     ; --                   ; --               ; --                        ;
; risc_v_mike_data_memory:i_risc_v_mike_data_memory|data_mem_ff[68][28]~34                           ; LABCELL_X57_Y16_N45  ; 32      ; Clock enable              ; no     ; --                   ; --               ; --                        ;
; risc_v_mike_data_memory:i_risc_v_mike_data_memory|data_mem_ff[69][11]~42                           ; LABCELL_X62_Y14_N9   ; 32      ; Clock enable              ; no     ; --                   ; --               ; --                        ;
; risc_v_mike_data_memory:i_risc_v_mike_data_memory|data_mem_ff[6][0]~3                              ; LABCELL_X45_Y15_N21  ; 32      ; Clock enable              ; no     ; --                   ; --               ; --                        ;
; risc_v_mike_data_memory:i_risc_v_mike_data_memory|data_mem_ff[70][20]~35                           ; MLABCELL_X52_Y8_N18  ; 32      ; Clock enable              ; no     ; --                   ; --               ; --                        ;
; risc_v_mike_data_memory:i_risc_v_mike_data_memory|data_mem_ff[71][28]~43                           ; LABCELL_X61_Y12_N36  ; 32      ; Clock enable              ; no     ; --                   ; --               ; --                        ;
; risc_v_mike_data_memory:i_risc_v_mike_data_memory|data_mem_ff[72][31]~144                          ; LABCELL_X60_Y13_N48  ; 32      ; Clock enable              ; no     ; --                   ; --               ; --                        ;
; risc_v_mike_data_memory:i_risc_v_mike_data_memory|data_mem_ff[73][13]~176                          ; LABCELL_X61_Y15_N9   ; 32      ; Clock enable              ; no     ; --                   ; --               ; --                        ;
; risc_v_mike_data_memory:i_risc_v_mike_data_memory|data_mem_ff[74][28]~146                          ; LABCELL_X60_Y13_N12  ; 32      ; Clock enable              ; no     ; --                   ; --               ; --                        ;
; risc_v_mike_data_memory:i_risc_v_mike_data_memory|data_mem_ff[75][25]~178                          ; LABCELL_X61_Y19_N27  ; 32      ; Clock enable              ; no     ; --                   ; --               ; --                        ;
; risc_v_mike_data_memory:i_risc_v_mike_data_memory|data_mem_ff[76][19]~152                          ; LABCELL_X57_Y13_N54  ; 32      ; Clock enable              ; no     ; --                   ; --               ; --                        ;
; risc_v_mike_data_memory:i_risc_v_mike_data_memory|data_mem_ff[77][17]~184                          ; LABCELL_X61_Y13_N33  ; 32      ; Clock enable              ; no     ; --                   ; --               ; --                        ;
; risc_v_mike_data_memory:i_risc_v_mike_data_memory|data_mem_ff[78][21]~154                          ; LABCELL_X57_Y13_N57  ; 32      ; Clock enable              ; no     ; --                   ; --               ; --                        ;
; risc_v_mike_data_memory:i_risc_v_mike_data_memory|data_mem_ff[79][2]~186                           ; MLABCELL_X65_Y13_N54 ; 32      ; Clock enable              ; no     ; --                   ; --               ; --                        ;
; risc_v_mike_data_memory:i_risc_v_mike_data_memory|data_mem_ff[7][0]~11                             ; MLABCELL_X59_Y13_N24 ; 32      ; Clock enable              ; no     ; --                   ; --               ; --                        ;
; risc_v_mike_data_memory:i_risc_v_mike_data_memory|data_mem_ff[80][10]~65                           ; LABCELL_X61_Y18_N24  ; 32      ; Clock enable              ; no     ; --                   ; --               ; --                        ;
; risc_v_mike_data_memory:i_risc_v_mike_data_memory|data_mem_ff[81][25]~81                           ; LABCELL_X57_Y13_N18  ; 32      ; Clock enable              ; no     ; --                   ; --               ; --                        ;
; risc_v_mike_data_memory:i_risc_v_mike_data_memory|data_mem_ff[82][0]~73                            ; LABCELL_X57_Y13_N3   ; 32      ; Clock enable              ; no     ; --                   ; --               ; --                        ;
; risc_v_mike_data_memory:i_risc_v_mike_data_memory|data_mem_ff[83][0]~85                            ; LABCELL_X57_Y13_N21  ; 32      ; Clock enable              ; no     ; --                   ; --               ; --                        ;
; risc_v_mike_data_memory:i_risc_v_mike_data_memory|data_mem_ff[84][9]~67                            ; LABCELL_X61_Y13_N45  ; 32      ; Clock enable              ; no     ; --                   ; --               ; --                        ;
; risc_v_mike_data_memory:i_risc_v_mike_data_memory|data_mem_ff[85][6]~89                            ; LABCELL_X61_Y13_N54  ; 32      ; Clock enable              ; no     ; --                   ; --               ; --                        ;
; risc_v_mike_data_memory:i_risc_v_mike_data_memory|data_mem_ff[86][16]~75                           ; LABCELL_X57_Y13_N33  ; 32      ; Clock enable              ; no     ; --                   ; --               ; --                        ;
; risc_v_mike_data_memory:i_risc_v_mike_data_memory|data_mem_ff[87][7]~93                            ; LABCELL_X64_Y12_N33  ; 32      ; Clock enable              ; no     ; --                   ; --               ; --                        ;
; risc_v_mike_data_memory:i_risc_v_mike_data_memory|data_mem_ff[88][5]~224                           ; LABCELL_X68_Y26_N3   ; 32      ; Clock enable              ; no     ; --                   ; --               ; --                        ;
; risc_v_mike_data_memory:i_risc_v_mike_data_memory|data_mem_ff[89][1]~226                           ; LABCELL_X51_Y29_N57  ; 32      ; Clock enable              ; no     ; --                   ; --               ; --                        ;
; risc_v_mike_data_memory:i_risc_v_mike_data_memory|data_mem_ff[8][12]~128                           ; LABCELL_X45_Y15_N48  ; 32      ; Clock enable              ; no     ; --                   ; --               ; --                        ;
; risc_v_mike_data_memory:i_risc_v_mike_data_memory|data_mem_ff[90][4]~228                           ; LABCELL_X53_Y27_N27  ; 32      ; Clock enable              ; no     ; --                   ; --               ; --                        ;
; risc_v_mike_data_memory:i_risc_v_mike_data_memory|data_mem_ff[91][19]~230                          ; LABCELL_X70_Y21_N33  ; 32      ; Clock enable              ; no     ; --                   ; --               ; --                        ;
; risc_v_mike_data_memory:i_risc_v_mike_data_memory|data_mem_ff[92][30]~232                          ; LABCELL_X55_Y29_N57  ; 32      ; Clock enable              ; no     ; --                   ; --               ; --                        ;
; risc_v_mike_data_memory:i_risc_v_mike_data_memory|data_mem_ff[93][0]~234                           ; LABCELL_X46_Y15_N48  ; 32      ; Clock enable              ; no     ; --                   ; --               ; --                        ;
; risc_v_mike_data_memory:i_risc_v_mike_data_memory|data_mem_ff[94][10]~236                          ; LABCELL_X56_Y25_N12  ; 32      ; Clock enable              ; no     ; --                   ; --               ; --                        ;
; risc_v_mike_data_memory:i_risc_v_mike_data_memory|data_mem_ff[95][1]~238                           ; LABCELL_X51_Y11_N57  ; 32      ; Clock enable              ; no     ; --                   ; --               ; --                        ;
; risc_v_mike_data_memory:i_risc_v_mike_data_memory|data_mem_ff[96][8]~48                            ; LABCELL_X61_Y14_N39  ; 32      ; Clock enable              ; no     ; --                   ; --               ; --                        ;
; risc_v_mike_data_memory:i_risc_v_mike_data_memory|data_mem_ff[97][15]~56                           ; LABCELL_X60_Y13_N39  ; 32      ; Clock enable              ; no     ; --                   ; --               ; --                        ;
; risc_v_mike_data_memory:i_risc_v_mike_data_memory|data_mem_ff[98][28]~49                           ; LABCELL_X45_Y13_N36  ; 32      ; Clock enable              ; no     ; --                   ; --               ; --                        ;
; risc_v_mike_data_memory:i_risc_v_mike_data_memory|data_mem_ff[99][19]~57                           ; LABCELL_X57_Y6_N15   ; 32      ; Clock enable              ; no     ; --                   ; --               ; --                        ;
; risc_v_mike_data_memory:i_risc_v_mike_data_memory|data_mem_ff[9][5]~160                            ; LABCELL_X63_Y19_N42  ; 32      ; Clock enable              ; no     ; --                   ; --               ; --                        ;
; risc_v_mike_reg_file:i_risc_v_mike_reg_file|reg_file_ff[10][13]~17                                 ; LABCELL_X24_Y9_N45   ; 32      ; Clock enable              ; no     ; --                   ; --               ; --                        ;
; risc_v_mike_reg_file:i_risc_v_mike_reg_file|reg_file_ff[11][20]~19                                 ; LABCELL_X27_Y5_N27   ; 32      ; Clock enable              ; no     ; --                   ; --               ; --                        ;
; risc_v_mike_reg_file:i_risc_v_mike_reg_file|reg_file_ff[12][20]~20                                 ; LABCELL_X24_Y4_N45   ; 32      ; Clock enable              ; no     ; --                   ; --               ; --                        ;
; risc_v_mike_reg_file:i_risc_v_mike_reg_file|reg_file_ff[13][9]~22                                  ; LABCELL_X31_Y5_N33   ; 32      ; Clock enable              ; no     ; --                   ; --               ; --                        ;
; risc_v_mike_reg_file:i_risc_v_mike_reg_file|reg_file_ff[14][2]~21                                  ; LABCELL_X24_Y4_N24   ; 32      ; Clock enable              ; no     ; --                   ; --               ; --                        ;
; risc_v_mike_reg_file:i_risc_v_mike_reg_file|reg_file_ff[15][13]~23                                 ; LABCELL_X31_Y5_N24   ; 32      ; Clock enable              ; no     ; --                   ; --               ; --                        ;
; risc_v_mike_reg_file:i_risc_v_mike_reg_file|reg_file_ff[16][17]~0                                  ; LABCELL_X27_Y4_N0    ; 32      ; Clock enable              ; no     ; --                   ; --               ; --                        ;
; risc_v_mike_reg_file:i_risc_v_mike_reg_file|reg_file_ff[17][18]~8                                  ; LABCELL_X24_Y5_N45   ; 32      ; Clock enable              ; no     ; --                   ; --               ; --                        ;
; risc_v_mike_reg_file:i_risc_v_mike_reg_file|reg_file_ff[18][12]~4                                  ; MLABCELL_X25_Y11_N15 ; 32      ; Clock enable              ; no     ; --                   ; --               ; --                        ;
; risc_v_mike_reg_file:i_risc_v_mike_reg_file|reg_file_ff[19][12]~12                                 ; LABCELL_X23_Y2_N15   ; 32      ; Clock enable              ; no     ; --                   ; --               ; --                        ;
; risc_v_mike_reg_file:i_risc_v_mike_reg_file|reg_file_ff[1][22]~29                                  ; LABCELL_X29_Y7_N48   ; 32      ; Clock enable              ; no     ; --                   ; --               ; --                        ;
; risc_v_mike_reg_file:i_risc_v_mike_reg_file|reg_file_ff[20][11]~1                                  ; LABCELL_X29_Y5_N27   ; 32      ; Clock enable              ; no     ; --                   ; --               ; --                        ;
; risc_v_mike_reg_file:i_risc_v_mike_reg_file|reg_file_ff[21][30]~9                                  ; LABCELL_X27_Y7_N15   ; 32      ; Clock enable              ; no     ; --                   ; --               ; --                        ;
; risc_v_mike_reg_file:i_risc_v_mike_reg_file|reg_file_ff[22][9]~5                                   ; LABCELL_X27_Y7_N54   ; 32      ; Clock enable              ; no     ; --                   ; --               ; --                        ;
; risc_v_mike_reg_file:i_risc_v_mike_reg_file|reg_file_ff[23][7]~13                                  ; LABCELL_X24_Y2_N54   ; 32      ; Clock enable              ; no     ; --                   ; --               ; --                        ;
; risc_v_mike_reg_file:i_risc_v_mike_reg_file|reg_file_ff[24][7]~2                                   ; LABCELL_X31_Y11_N18  ; 32      ; Clock enable              ; no     ; --                   ; --               ; --                        ;
; risc_v_mike_reg_file:i_risc_v_mike_reg_file|reg_file_ff[25][10]~10                                 ; LABCELL_X29_Y11_N42  ; 32      ; Clock enable              ; no     ; --                   ; --               ; --                        ;
; risc_v_mike_reg_file:i_risc_v_mike_reg_file|reg_file_ff[26][4]~6                                   ; LABCELL_X29_Y11_N39  ; 32      ; Clock enable              ; no     ; --                   ; --               ; --                        ;
; risc_v_mike_reg_file:i_risc_v_mike_reg_file|reg_file_ff[27][7]~14                                  ; MLABCELL_X28_Y2_N15  ; 32      ; Clock enable              ; no     ; --                   ; --               ; --                        ;
; risc_v_mike_reg_file:i_risc_v_mike_reg_file|reg_file_ff[28][13]~3                                  ; LABCELL_X24_Y9_N0    ; 32      ; Clock enable              ; no     ; --                   ; --               ; --                        ;
; risc_v_mike_reg_file:i_risc_v_mike_reg_file|reg_file_ff[29][30]~11                                 ; LABCELL_X31_Y5_N27   ; 32      ; Clock enable              ; no     ; --                   ; --               ; --                        ;
; risc_v_mike_reg_file:i_risc_v_mike_reg_file|reg_file_ff[2][6]~30                                   ; LABCELL_X29_Y7_N51   ; 32      ; Clock enable              ; no     ; --                   ; --               ; --                        ;
; risc_v_mike_reg_file:i_risc_v_mike_reg_file|reg_file_ff[30][3]~7                                   ; LABCELL_X24_Y3_N51   ; 32      ; Clock enable              ; no     ; --                   ; --               ; --                        ;
; risc_v_mike_reg_file:i_risc_v_mike_reg_file|reg_file_ff[31][5]~15                                  ; MLABCELL_X28_Y2_N42  ; 32      ; Clock enable              ; no     ; --                   ; --               ; --                        ;
; risc_v_mike_reg_file:i_risc_v_mike_reg_file|reg_file_ff[3][29]~28                                  ; MLABCELL_X28_Y2_N54  ; 32      ; Clock enable              ; no     ; --                   ; --               ; --                        ;
; risc_v_mike_reg_file:i_risc_v_mike_reg_file|reg_file_ff[4][28]~24                                  ; LABCELL_X23_Y8_N45   ; 32      ; Clock enable              ; no     ; --                   ; --               ; --                        ;
; risc_v_mike_reg_file:i_risc_v_mike_reg_file|reg_file_ff[5][3]~26                                   ; LABCELL_X23_Y5_N42   ; 32      ; Clock enable              ; no     ; --                   ; --               ; --                        ;
; risc_v_mike_reg_file:i_risc_v_mike_reg_file|reg_file_ff[6][24]~25                                  ; LABCELL_X27_Y3_N57   ; 32      ; Clock enable              ; no     ; --                   ; --               ; --                        ;
; risc_v_mike_reg_file:i_risc_v_mike_reg_file|reg_file_ff[7][24]~27                                  ; MLABCELL_X28_Y2_N27  ; 32      ; Clock enable              ; no     ; --                   ; --               ; --                        ;
; risc_v_mike_reg_file:i_risc_v_mike_reg_file|reg_file_ff[8][23]~16                                  ; LABCELL_X24_Y4_N0    ; 32      ; Clock enable              ; no     ; --                   ; --               ; --                        ;
; risc_v_mike_reg_file:i_risc_v_mike_reg_file|reg_file_ff[9][31]~18                                  ; LABCELL_X29_Y11_N21  ; 32      ; Clock enable              ; no     ; --                   ; --               ; --                        ;
; rst                                                                                                ; PIN_AA30             ; 3       ; Async. clear, Sync. clear ; no     ; --                   ; --               ; --                        ;
+----------------------------------------------------------------------------------------------------+----------------------+---------+---------------------------+--------+----------------------+------------------+---------------------------+


+------------------------------------------------------------------------------------------------------------------------------------------------------------------+
; Global & Other Fast Signals                                                                                                                                      ;
+------------------------------------------------------------------+---------------+---------+----------------------+------------------+---------------------------+
; Name                                                             ; Location      ; Fan-Out ; Global Resource Used ; Global Line Name ; Enable Signal Source Name ;
+------------------------------------------------------------------+---------------+---------+----------------------+------------------+---------------------------+
; clk_in                                                           ; PIN_AF14      ; 2       ; Global Clock         ; GCLK4            ; --                        ;
; risc_v_mike_clk_divider:i_risc_v_mike_clk_divider|pre_clk_cnt[0] ; FF_X88_Y24_N2 ; 17506   ; Global Clock         ; GCLK10           ; --                        ;
+------------------------------------------------------------------+---------------+---------+----------------------+------------------+---------------------------+


+---------------------------------------------------------------------+
; Non-Global High Fan-Out Signals                                     ;
+-----------------------------------------------------------+---------+
; Name                                                      ; Fan-Out ;
+-----------------------------------------------------------+---------+
; risc_v_mike_clk_divider:i_risc_v_mike_clk_divider|rst_out ; 18022   ;
; Mux120~1                                                  ; 1710    ;
; Mux122~1                                                  ; 1640    ;
; Mux121~1                                                  ; 1632    ;
; Mux123~0                                                  ; 1459    ;
; Mux124~0                                                  ; 1445    ;
; Mux119~1                                                  ; 1443    ;
; Mux118~0                                                  ; 1428    ;
; Mux125~0                                                  ; 1380    ;
; risc_v_mike_reg_file:i_risc_v_mike_reg_file|Mux61~10      ; 521     ;
; risc_v_mike_reg_file:i_risc_v_mike_reg_file|Mux60~10      ; 521     ;
; risc_v_mike_reg_file:i_risc_v_mike_reg_file|Mux63~10      ; 519     ;
; risc_v_mike_reg_file:i_risc_v_mike_reg_file|Mux59~10      ; 518     ;
; risc_v_mike_reg_file:i_risc_v_mike_reg_file|Mux58~10      ; 516     ;
; risc_v_mike_reg_file:i_risc_v_mike_reg_file|Mux57~10      ; 516     ;
; risc_v_mike_reg_file:i_risc_v_mike_reg_file|Mux56~10      ; 516     ;
; risc_v_mike_reg_file:i_risc_v_mike_reg_file|Mux53~10      ; 516     ;
; risc_v_mike_reg_file:i_risc_v_mike_reg_file|Mux54~10      ; 516     ;
; risc_v_mike_reg_file:i_risc_v_mike_reg_file|Mux39~10      ; 516     ;
; risc_v_mike_reg_file:i_risc_v_mike_reg_file|Mux41~13      ; 516     ;
; risc_v_mike_reg_file:i_risc_v_mike_reg_file|Mux33~10      ; 516     ;
; risc_v_mike_reg_file:i_risc_v_mike_reg_file|Mux62~10      ; 516     ;
; risc_v_mike_reg_file:i_risc_v_mike_reg_file|Mux55~10      ; 515     ;
; risc_v_mike_reg_file:i_risc_v_mike_reg_file|Mux43~10      ; 515     ;
; risc_v_mike_reg_file:i_risc_v_mike_reg_file|Mux49~10      ; 515     ;
; risc_v_mike_reg_file:i_risc_v_mike_reg_file|Mux48~10      ; 515     ;
; risc_v_mike_reg_file:i_risc_v_mike_reg_file|Mux47~10      ; 515     ;
; risc_v_mike_reg_file:i_risc_v_mike_reg_file|Mux51~10      ; 515     ;
; risc_v_mike_reg_file:i_risc_v_mike_reg_file|Mux38~10      ; 515     ;
; risc_v_mike_reg_file:i_risc_v_mike_reg_file|Mux40~10      ; 515     ;
; risc_v_mike_reg_file:i_risc_v_mike_reg_file|Mux37~10      ; 515     ;
; risc_v_mike_reg_file:i_risc_v_mike_reg_file|Mux34~10      ; 515     ;
; risc_v_mike_reg_file:i_risc_v_mike_reg_file|Mux36~10      ; 515     ;
; risc_v_mike_reg_file:i_risc_v_mike_reg_file|Mux44~10      ; 515     ;
; risc_v_mike_reg_file:i_risc_v_mike_reg_file|Mux46~10      ; 515     ;
; risc_v_mike_reg_file:i_risc_v_mike_reg_file|Mux45~10      ; 515     ;
; risc_v_mike_reg_file:i_risc_v_mike_reg_file|Mux35~10      ; 515     ;
; risc_v_mike_reg_file:i_risc_v_mike_reg_file|Mux52~10      ; 515     ;
; risc_v_mike_reg_file:i_risc_v_mike_reg_file|Mux32~10      ; 515     ;
; risc_v_mike_reg_file:i_risc_v_mike_reg_file|Mux50~10      ; 515     ;
; risc_v_mike_reg_file:i_risc_v_mike_reg_file|Mux42~10      ; 515     ;
+-----------------------------------------------------------+---------+


+-------------------------------------------------------------------------+
; Routing Usage Summary                                                   ;
+---------------------------------------------+---------------------------+
; Routing Resource Type                       ; Usage                     ;
+---------------------------------------------+---------------------------+
; Block interconnects                         ; 46,619 / 289,320 ( 16 % ) ;
; C12 interconnects                           ; 3,871 / 13,420 ( 29 % )   ;
; C2 interconnects                            ; 28,808 / 119,108 ( 24 % ) ;
; C4 interconnects                            ; 16,121 / 56,300 ( 29 % )  ;
; DQS bus muxes                               ; 0 / 25 ( 0 % )            ;
; DQS-18 I/O buses                            ; 0 / 25 ( 0 % )            ;
; DQS-9 I/O buses                             ; 0 / 25 ( 0 % )            ;
; Direct links                                ; 982 / 289,320 ( < 1 % )   ;
; Global clocks                               ; 2 / 16 ( 13 % )           ;
; HPS SDRAM PLL inputs                        ; 0 / 1 ( 0 % )             ;
; HPS SDRAM PLL outputs                       ; 0 / 1 ( 0 % )             ;
; HPS_INTERFACE_BOOT_FROM_FPGA_INPUTs         ; 0 / 9 ( 0 % )             ;
; HPS_INTERFACE_CLOCKS_RESETS_INPUTs          ; 0 / 7 ( 0 % )             ;
; HPS_INTERFACE_CLOCKS_RESETS_OUTPUTs         ; 0 / 6 ( 0 % )             ;
; HPS_INTERFACE_CROSS_TRIGGER_INPUTs          ; 0 / 18 ( 0 % )            ;
; HPS_INTERFACE_CROSS_TRIGGER_OUTPUTs         ; 0 / 24 ( 0 % )            ;
; HPS_INTERFACE_DBG_APB_INPUTs                ; 0 / 37 ( 0 % )            ;
; HPS_INTERFACE_DBG_APB_OUTPUTs               ; 0 / 55 ( 0 % )            ;
; HPS_INTERFACE_DMA_INPUTs                    ; 0 / 16 ( 0 % )            ;
; HPS_INTERFACE_DMA_OUTPUTs                   ; 0 / 8 ( 0 % )             ;
; HPS_INTERFACE_FPGA2HPS_INPUTs               ; 0 / 287 ( 0 % )           ;
; HPS_INTERFACE_FPGA2HPS_OUTPUTs              ; 0 / 154 ( 0 % )           ;
; HPS_INTERFACE_FPGA2SDRAM_INPUTs             ; 0 / 852 ( 0 % )           ;
; HPS_INTERFACE_FPGA2SDRAM_OUTPUTs            ; 0 / 408 ( 0 % )           ;
; HPS_INTERFACE_HPS2FPGA_INPUTs               ; 0 / 165 ( 0 % )           ;
; HPS_INTERFACE_HPS2FPGA_LIGHT_WEIGHT_INPUTs  ; 0 / 67 ( 0 % )            ;
; HPS_INTERFACE_HPS2FPGA_LIGHT_WEIGHT_OUTPUTs ; 0 / 156 ( 0 % )           ;
; HPS_INTERFACE_HPS2FPGA_OUTPUTs              ; 0 / 282 ( 0 % )           ;
; HPS_INTERFACE_INTERRUPTS_INPUTs             ; 0 / 64 ( 0 % )            ;
; HPS_INTERFACE_INTERRUPTS_OUTPUTs            ; 0 / 42 ( 0 % )            ;
; HPS_INTERFACE_JTAG_OUTPUTs                  ; 0 / 5 ( 0 % )             ;
; HPS_INTERFACE_LOAN_IO_INPUTs                ; 0 / 142 ( 0 % )           ;
; HPS_INTERFACE_LOAN_IO_OUTPUTs               ; 0 / 85 ( 0 % )            ;
; HPS_INTERFACE_MPU_EVENT_STANDBY_INPUTs      ; 0 / 1 ( 0 % )             ;
; HPS_INTERFACE_MPU_EVENT_STANDBY_OUTPUTs     ; 0 / 5 ( 0 % )             ;
; HPS_INTERFACE_MPU_GENERAL_PURPOSE_INPUTs    ; 0 / 32 ( 0 % )            ;
; HPS_INTERFACE_MPU_GENERAL_PURPOSE_OUTPUTs   ; 0 / 32 ( 0 % )            ;
; HPS_INTERFACE_PERIPHERAL_CAN_INPUTs         ; 0 / 2 ( 0 % )             ;
; HPS_INTERFACE_PERIPHERAL_CAN_OUTPUTs        ; 0 / 2 ( 0 % )             ;
; HPS_INTERFACE_PERIPHERAL_EMAC_INPUTs        ; 0 / 32 ( 0 % )            ;
; HPS_INTERFACE_PERIPHERAL_EMAC_OUTPUTs       ; 0 / 34 ( 0 % )            ;
; HPS_INTERFACE_PERIPHERAL_I2C_INPUTs         ; 0 / 8 ( 0 % )             ;
; HPS_INTERFACE_PERIPHERAL_I2C_OUTPUTs        ; 0 / 8 ( 0 % )             ;
; HPS_INTERFACE_PERIPHERAL_NAND_INPUTs        ; 0 / 12 ( 0 % )            ;
; HPS_INTERFACE_PERIPHERAL_NAND_OUTPUTs       ; 0 / 18 ( 0 % )            ;
; HPS_INTERFACE_PERIPHERAL_QSPI_INPUTs        ; 0 / 4 ( 0 % )             ;
; HPS_INTERFACE_PERIPHERAL_QSPI_OUTPUTs       ; 0 / 13 ( 0 % )            ;
; HPS_INTERFACE_PERIPHERAL_SDMMC_INPUTs       ; 0 / 13 ( 0 % )            ;
; HPS_INTERFACE_PERIPHERAL_SDMMC_OUTPUTs      ; 0 / 22 ( 0 % )            ;
; HPS_INTERFACE_PERIPHERAL_SPI_MASTER_INPUTs  ; 0 / 4 ( 0 % )             ;
; HPS_INTERFACE_PERIPHERAL_SPI_MASTER_OUTPUTs ; 0 / 14 ( 0 % )            ;
; HPS_INTERFACE_PERIPHERAL_SPI_SLAVE_INPUTs   ; 0 / 6 ( 0 % )             ;
; HPS_INTERFACE_PERIPHERAL_SPI_SLAVE_OUTPUTs  ; 0 / 4 ( 0 % )             ;
; HPS_INTERFACE_PERIPHERAL_UART_INPUTs        ; 0 / 10 ( 0 % )            ;
; HPS_INTERFACE_PERIPHERAL_UART_OUTPUTs       ; 0 / 10 ( 0 % )            ;
; HPS_INTERFACE_PERIPHERAL_USB_INPUTs         ; 0 / 22 ( 0 % )            ;
; HPS_INTERFACE_PERIPHERAL_USB_OUTPUTs        ; 0 / 34 ( 0 % )            ;
; HPS_INTERFACE_STM_EVENT_INPUTs              ; 0 / 28 ( 0 % )            ;
; HPS_INTERFACE_TEST_INPUTs                   ; 0 / 610 ( 0 % )           ;
; HPS_INTERFACE_TEST_OUTPUTs                  ; 0 / 513 ( 0 % )           ;
; HPS_INTERFACE_TPIU_TRACE_INPUTs             ; 0 / 2 ( 0 % )             ;
; HPS_INTERFACE_TPIU_TRACE_OUTPUTs            ; 0 / 33 ( 0 % )            ;
; Horizontal periphery clocks                 ; 0 / 72 ( 0 % )            ;
; Local interconnects                         ; 5,565 / 84,580 ( 7 % )    ;
; Quadrant clocks                             ; 0 / 66 ( 0 % )            ;
; R14 interconnects                           ; 4,360 / 12,676 ( 34 % )   ;
; R14/C12 interconnect drivers                ; 7,157 / 20,720 ( 35 % )   ;
; R3 interconnects                            ; 31,807 / 130,992 ( 24 % ) ;
; R6 interconnects                            ; 52,025 / 266,960 ( 19 % ) ;
; Spine clocks                                ; 11 / 360 ( 3 % )          ;
; Wire stub REs                               ; 0 / 15,858 ( 0 % )        ;
+---------------------------------------------+---------------------------+


+------------------------------------------+
; I/O Rules Summary                        ;
+----------------------------------+-------+
; I/O Rules Statistic              ; Total ;
+----------------------------------+-------+
; Total I/O Rules                  ; 28    ;
; Number of I/O Rules Passed       ; 9     ;
; Number of I/O Rules Failed       ; 0     ;
; Number of I/O Rules Unchecked    ; 0     ;
; Number of I/O Rules Inapplicable ; 19    ;
+----------------------------------+-------+


+-----------------------------------------------------------------------------------------------------------------------------------------------------------------------------------------------------------------------------------------------------------------------------------+
; I/O Rules Details                                                                                                                                                                                                                                                                 ;
+--------------+-----------+-----------------------------------+------------------------------------------------------------------------------------+----------+--------------------------------------------------------------------------+---------------------+-------------------+
; Status       ; ID        ; Category                          ; Rule Description                                                                   ; Severity ; Information                                                              ; Area                ; Extra Information ;
+--------------+-----------+-----------------------------------+------------------------------------------------------------------------------------+----------+--------------------------------------------------------------------------+---------------------+-------------------+
; Pass         ; IO_000001 ; Capacity Checks                   ; Number of pins in an I/O bank should not exceed the number of locations available. ; Critical ; 0 such failures found.                                                   ; I/O                 ;                   ;
; Inapplicable ; IO_000002 ; Capacity Checks                   ; Number of clocks in an I/O bank should not exceed the number of clocks available.  ; Critical ; No Global Signal assignments found.                                      ; I/O                 ;                   ;
; Pass         ; IO_000003 ; Capacity Checks                   ; Number of pins in a Vrefgroup should not exceed the number of locations available. ; Critical ; 0 such failures found.                                                   ; I/O                 ;                   ;
; Inapplicable ; IO_000004 ; Voltage Compatibility Checks      ; The I/O bank should support the requested VCCIO.                                   ; Critical ; No IOBANK_VCCIO assignments found.                                       ; I/O                 ;                   ;
; Inapplicable ; IO_000005 ; Voltage Compatibility Checks      ; The I/O bank should not have competing VREF values.                                ; Critical ; No VREF I/O Standard assignments found.                                  ; I/O                 ;                   ;
; Pass         ; IO_000006 ; Voltage Compatibility Checks      ; The I/O bank should not have competing VCCIO values.                               ; Critical ; 0 such failures found.                                                   ; I/O                 ;                   ;
; Pass         ; IO_000007 ; Valid Location Checks             ; Checks for unavailable locations.                                                  ; Critical ; 0 such failures found.                                                   ; I/O                 ;                   ;
; Inapplicable ; IO_000008 ; Valid Location Checks             ; Checks for reserved locations.                                                     ; Critical ; No reserved LogicLock region found.                                      ; I/O                 ;                   ;
; Pass         ; IO_000009 ; I/O Properties Checks for One I/O ; The location should support the requested I/O standard.                            ; Critical ; 0 such failures found.                                                   ; I/O                 ;                   ;
; Pass         ; IO_000010 ; I/O Properties Checks for One I/O ; The location should support the requested I/O direction.                           ; Critical ; 0 such failures found.                                                   ; I/O                 ;                   ;
; Inapplicable ; IO_000011 ; I/O Properties Checks for One I/O ; The location should support the requested Current Strength.                        ; Critical ; No Current Strength assignments found.                                   ; I/O                 ;                   ;
; Pass         ; IO_000012 ; I/O Properties Checks for One I/O ; The location should support the requested On Chip Termination value.               ; Critical ; 0 such failures found.                                                   ; I/O                 ;                   ;
; Inapplicable ; IO_000013 ; I/O Properties Checks for One I/O ; The location should support the requested Bus Hold value.                          ; Critical ; No Enable Bus-Hold Circuitry assignments found.                          ; I/O                 ;                   ;
; Inapplicable ; IO_000014 ; I/O Properties Checks for One I/O ; The location should support the requested Weak Pull Up value.                      ; Critical ; No Weak Pull-Up Resistor assignments found.                              ; I/O                 ;                   ;
; Inapplicable ; IO_000015 ; I/O Properties Checks for One I/O ; The location should support the requested PCI Clamp Diode.                         ; Critical ; No Clamping Diode assignments found.                                     ; I/O                 ;                   ;
; Inapplicable ; IO_000018 ; I/O Properties Checks for One I/O ; The I/O standard should support the requested Current Strength.                    ; Critical ; No Current Strength assignments found.                                   ; I/O                 ;                   ;
; Pass         ; IO_000019 ; I/O Properties Checks for One I/O ; The I/O standard should support the requested On Chip Termination value.           ; Critical ; 0 such failures found.                                                   ; I/O                 ;                   ;
; Inapplicable ; IO_000020 ; I/O Properties Checks for One I/O ; The I/O standard should support the requested PCI Clamp Diode.                     ; Critical ; No Clamping Diode assignments found.                                     ; I/O                 ;                   ;
; Inapplicable ; IO_000021 ; I/O Properties Checks for One I/O ; The I/O standard should support the requested Weak Pull Up value.                  ; Critical ; No Weak Pull-Up Resistor assignments found.                              ; I/O                 ;                   ;
; Inapplicable ; IO_000022 ; I/O Properties Checks for One I/O ; The I/O standard should support the requested Bus Hold value.                      ; Critical ; No Enable Bus-Hold Circuitry assignments found.                          ; I/O                 ;                   ;
; Inapplicable ; IO_000023 ; I/O Properties Checks for One I/O ; The I/O standard should support the Open Drain value.                              ; Critical ; No open drain assignments found.                                         ; I/O                 ;                   ;
; Pass         ; IO_000024 ; I/O Properties Checks for One I/O ; The I/O direction should support the On Chip Termination value.                    ; Critical ; 0 such failures found.                                                   ; I/O                 ;                   ;
; Inapplicable ; IO_000026 ; I/O Properties Checks for One I/O ; On Chip Termination and Current Strength should not be used at the same time.      ; Critical ; No Current Strength assignments found.                                   ; I/O                 ;                   ;
; Inapplicable ; IO_000027 ; I/O Properties Checks for One I/O ; Weak Pull Up and Bus Hold should not be used at the same time.                     ; Critical ; No Enable Bus-Hold Circuitry or Weak Pull-Up Resistor assignments found. ; I/O                 ;                   ;
; Inapplicable ; IO_000045 ; I/O Properties Checks for One I/O ; The I/O standard should support the requested Slew Rate value.                     ; Critical ; No Slew Rate assignments found.                                          ; I/O                 ;                   ;
; Inapplicable ; IO_000046 ; I/O Properties Checks for One I/O ; The location should support the requested Slew Rate value.                         ; Critical ; No Slew Rate assignments found.                                          ; I/O                 ;                   ;
; Inapplicable ; IO_000047 ; I/O Properties Checks for One I/O ; On Chip Termination and Slew Rate should not be used at the same time.             ; Critical ; No Slew Rate assignments found.                                          ; I/O                 ;                   ;
; Inapplicable ; IO_000034 ; SI Related Distance Checks        ; Single-ended outputs should be 0 LAB row(s) away from a differential I/O.          ; High     ; No Differential I/O Standard assignments found.                          ; I/O                 ;                   ;
; ----         ; ----      ; Disclaimer                        ; OCT rules are checked but not reported.                                            ; None     ; ----                                                                     ; On Chip Termination ;                   ;
+--------------+-----------+-----------------------------------+------------------------------------------------------------------------------------+----------+--------------------------------------------------------------------------+---------------------+-------------------+


+--------------------------------------------------------------------------------------------------------------------------------------------------------------------------------------------------------------------------------------------------------------------------------------------------------------------------------------------------------------------------------------------------------------------------------------+
; I/O Rules Matrix                                                                                                                                                                                                                                                                                                                                                                                                                     ;
+--------------------+-----------+--------------+-----------+--------------+--------------+-----------+-----------+--------------+-----------+-----------+--------------+--------------+--------------+--------------+--------------+--------------+--------------+--------------+--------------+--------------+--------------+--------------+--------------+--------------+--------------+--------------+--------------+--------------+
; Pin/Rules          ; IO_000001 ; IO_000002    ; IO_000003 ; IO_000004    ; IO_000005    ; IO_000006 ; IO_000007 ; IO_000008    ; IO_000009 ; IO_000010 ; IO_000011    ; IO_000012    ; IO_000013    ; IO_000014    ; IO_000015    ; IO_000018    ; IO_000019    ; IO_000020    ; IO_000021    ; IO_000022    ; IO_000023    ; IO_000024    ; IO_000026    ; IO_000027    ; IO_000045    ; IO_000046    ; IO_000047    ; IO_000034    ;
+--------------------+-----------+--------------+-----------+--------------+--------------+-----------+-----------+--------------+-----------+-----------+--------------+--------------+--------------+--------------+--------------+--------------+--------------+--------------+--------------+--------------+--------------+--------------+--------------+--------------+--------------+--------------+--------------+--------------+
; Total Pass         ; 20        ; 0            ; 20        ; 0            ; 0            ; 20        ; 20        ; 0            ; 20        ; 20        ; 0            ; 15           ; 0            ; 0            ; 0            ; 0            ; 15           ; 0            ; 0            ; 0            ; 0            ; 15           ; 0            ; 0            ; 0            ; 0            ; 0            ; 0            ;
; Total Unchecked    ; 0         ; 0            ; 0         ; 0            ; 0            ; 0         ; 0         ; 0            ; 0         ; 0         ; 0            ; 0            ; 0            ; 0            ; 0            ; 0            ; 0            ; 0            ; 0            ; 0            ; 0            ; 0            ; 0            ; 0            ; 0            ; 0            ; 0            ; 0            ;
; Total Inapplicable ; 0         ; 20           ; 0         ; 20           ; 20           ; 0         ; 0         ; 20           ; 0         ; 0         ; 20           ; 5            ; 20           ; 20           ; 20           ; 20           ; 5            ; 20           ; 20           ; 20           ; 20           ; 5            ; 20           ; 20           ; 20           ; 20           ; 20           ; 20           ;
; Total Fail         ; 0         ; 0            ; 0         ; 0            ; 0            ; 0         ; 0         ; 0            ; 0         ; 0         ; 0            ; 0            ; 0            ; 0            ; 0            ; 0            ; 0            ; 0            ; 0            ; 0            ; 0            ; 0            ; 0            ; 0            ; 0            ; 0            ; 0            ; 0            ;
; tx                 ; Pass      ; Inapplicable ; Pass      ; Inapplicable ; Inapplicable ; Pass      ; Pass      ; Inapplicable ; Pass      ; Pass      ; Inapplicable ; Pass         ; Inapplicable ; Inapplicable ; Inapplicable ; Inapplicable ; Pass         ; Inapplicable ; Inapplicable ; Inapplicable ; Inapplicable ; Pass         ; Inapplicable ; Inapplicable ; Inapplicable ; Inapplicable ; Inapplicable ; Inapplicable ;
; seg_a              ; Pass      ; Inapplicable ; Pass      ; Inapplicable ; Inapplicable ; Pass      ; Pass      ; Inapplicable ; Pass      ; Pass      ; Inapplicable ; Pass         ; Inapplicable ; Inapplicable ; Inapplicable ; Inapplicable ; Pass         ; Inapplicable ; Inapplicable ; Inapplicable ; Inapplicable ; Pass         ; Inapplicable ; Inapplicable ; Inapplicable ; Inapplicable ; Inapplicable ; Inapplicable ;
; seg_b              ; Pass      ; Inapplicable ; Pass      ; Inapplicable ; Inapplicable ; Pass      ; Pass      ; Inapplicable ; Pass      ; Pass      ; Inapplicable ; Pass         ; Inapplicable ; Inapplicable ; Inapplicable ; Inapplicable ; Pass         ; Inapplicable ; Inapplicable ; Inapplicable ; Inapplicable ; Pass         ; Inapplicable ; Inapplicable ; Inapplicable ; Inapplicable ; Inapplicable ; Inapplicable ;
; seg_c              ; Pass      ; Inapplicable ; Pass      ; Inapplicable ; Inapplicable ; Pass      ; Pass      ; Inapplicable ; Pass      ; Pass      ; Inapplicable ; Pass         ; Inapplicable ; Inapplicable ; Inapplicable ; Inapplicable ; Pass         ; Inapplicable ; Inapplicable ; Inapplicable ; Inapplicable ; Pass         ; Inapplicable ; Inapplicable ; Inapplicable ; Inapplicable ; Inapplicable ; Inapplicable ;
; seg_d              ; Pass      ; Inapplicable ; Pass      ; Inapplicable ; Inapplicable ; Pass      ; Pass      ; Inapplicable ; Pass      ; Pass      ; Inapplicable ; Pass         ; Inapplicable ; Inapplicable ; Inapplicable ; Inapplicable ; Pass         ; Inapplicable ; Inapplicable ; Inapplicable ; Inapplicable ; Pass         ; Inapplicable ; Inapplicable ; Inapplicable ; Inapplicable ; Inapplicable ; Inapplicable ;
; seg_e              ; Pass      ; Inapplicable ; Pass      ; Inapplicable ; Inapplicable ; Pass      ; Pass      ; Inapplicable ; Pass      ; Pass      ; Inapplicable ; Pass         ; Inapplicable ; Inapplicable ; Inapplicable ; Inapplicable ; Pass         ; Inapplicable ; Inapplicable ; Inapplicable ; Inapplicable ; Pass         ; Inapplicable ; Inapplicable ; Inapplicable ; Inapplicable ; Inapplicable ; Inapplicable ;
; seg_f              ; Pass      ; Inapplicable ; Pass      ; Inapplicable ; Inapplicable ; Pass      ; Pass      ; Inapplicable ; Pass      ; Pass      ; Inapplicable ; Pass         ; Inapplicable ; Inapplicable ; Inapplicable ; Inapplicable ; Pass         ; Inapplicable ; Inapplicable ; Inapplicable ; Inapplicable ; Pass         ; Inapplicable ; Inapplicable ; Inapplicable ; Inapplicable ; Inapplicable ; Inapplicable ;
; seg_g              ; Pass      ; Inapplicable ; Pass      ; Inapplicable ; Inapplicable ; Pass      ; Pass      ; Inapplicable ; Pass      ; Pass      ; Inapplicable ; Pass         ; Inapplicable ; Inapplicable ; Inapplicable ; Inapplicable ; Pass         ; Inapplicable ; Inapplicable ; Inapplicable ; Inapplicable ; Pass         ; Inapplicable ; Inapplicable ; Inapplicable ; Inapplicable ; Inapplicable ; Inapplicable ;
; tx_seg_a           ; Pass      ; Inapplicable ; Pass      ; Inapplicable ; Inapplicable ; Pass      ; Pass      ; Inapplicable ; Pass      ; Pass      ; Inapplicable ; Pass         ; Inapplicable ; Inapplicable ; Inapplicable ; Inapplicable ; Pass         ; Inapplicable ; Inapplicable ; Inapplicable ; Inapplicable ; Pass         ; Inapplicable ; Inapplicable ; Inapplicable ; Inapplicable ; Inapplicable ; Inapplicable ;
; tx_seg_b           ; Pass      ; Inapplicable ; Pass      ; Inapplicable ; Inapplicable ; Pass      ; Pass      ; Inapplicable ; Pass      ; Pass      ; Inapplicable ; Pass         ; Inapplicable ; Inapplicable ; Inapplicable ; Inapplicable ; Pass         ; Inapplicable ; Inapplicable ; Inapplicable ; Inapplicable ; Pass         ; Inapplicable ; Inapplicable ; Inapplicable ; Inapplicable ; Inapplicable ; Inapplicable ;
; tx_seg_c           ; Pass      ; Inapplicable ; Pass      ; Inapplicable ; Inapplicable ; Pass      ; Pass      ; Inapplicable ; Pass      ; Pass      ; Inapplicable ; Pass         ; Inapplicable ; Inapplicable ; Inapplicable ; Inapplicable ; Pass         ; Inapplicable ; Inapplicable ; Inapplicable ; Inapplicable ; Pass         ; Inapplicable ; Inapplicable ; Inapplicable ; Inapplicable ; Inapplicable ; Inapplicable ;
; tx_seg_d           ; Pass      ; Inapplicable ; Pass      ; Inapplicable ; Inapplicable ; Pass      ; Pass      ; Inapplicable ; Pass      ; Pass      ; Inapplicable ; Pass         ; Inapplicable ; Inapplicable ; Inapplicable ; Inapplicable ; Pass         ; Inapplicable ; Inapplicable ; Inapplicable ; Inapplicable ; Pass         ; Inapplicable ; Inapplicable ; Inapplicable ; Inapplicable ; Inapplicable ; Inapplicable ;
; tx_seg_e           ; Pass      ; Inapplicable ; Pass      ; Inapplicable ; Inapplicable ; Pass      ; Pass      ; Inapplicable ; Pass      ; Pass      ; Inapplicable ; Pass         ; Inapplicable ; Inapplicable ; Inapplicable ; Inapplicable ; Pass         ; Inapplicable ; Inapplicable ; Inapplicable ; Inapplicable ; Pass         ; Inapplicable ; Inapplicable ; Inapplicable ; Inapplicable ; Inapplicable ; Inapplicable ;
; tx_seg_f           ; Pass      ; Inapplicable ; Pass      ; Inapplicable ; Inapplicable ; Pass      ; Pass      ; Inapplicable ; Pass      ; Pass      ; Inapplicable ; Pass         ; Inapplicable ; Inapplicable ; Inapplicable ; Inapplicable ; Pass         ; Inapplicable ; Inapplicable ; Inapplicable ; Inapplicable ; Pass         ; Inapplicable ; Inapplicable ; Inapplicable ; Inapplicable ; Inapplicable ; Inapplicable ;
; tx_seg_g           ; Pass      ; Inapplicable ; Pass      ; Inapplicable ; Inapplicable ; Pass      ; Pass      ; Inapplicable ; Pass      ; Pass      ; Inapplicable ; Pass         ; Inapplicable ; Inapplicable ; Inapplicable ; Inapplicable ; Pass         ; Inapplicable ; Inapplicable ; Inapplicable ; Inapplicable ; Pass         ; Inapplicable ; Inapplicable ; Inapplicable ; Inapplicable ; Inapplicable ; Inapplicable ;
; asci_or_hexa_rx    ; Pass      ; Inapplicable ; Pass      ; Inapplicable ; Inapplicable ; Pass      ; Pass      ; Inapplicable ; Pass      ; Pass      ; Inapplicable ; Inapplicable ; Inapplicable ; Inapplicable ; Inapplicable ; Inapplicable ; Inapplicable ; Inapplicable ; Inapplicable ; Inapplicable ; Inapplicable ; Inapplicable ; Inapplicable ; Inapplicable ; Inapplicable ; Inapplicable ; Inapplicable ; Inapplicable ;
; asci_or_hexa_tx    ; Pass      ; Inapplicable ; Pass      ; Inapplicable ; Inapplicable ; Pass      ; Pass      ; Inapplicable ; Pass      ; Pass      ; Inapplicable ; Inapplicable ; Inapplicable ; Inapplicable ; Inapplicable ; Inapplicable ; Inapplicable ; Inapplicable ; Inapplicable ; Inapplicable ; Inapplicable ; Inapplicable ; Inapplicable ; Inapplicable ; Inapplicable ; Inapplicable ; Inapplicable ; Inapplicable ;
; clk_in             ; Pass      ; Inapplicable ; Pass      ; Inapplicable ; Inapplicable ; Pass      ; Pass      ; Inapplicable ; Pass      ; Pass      ; Inapplicable ; Inapplicable ; Inapplicable ; Inapplicable ; Inapplicable ; Inapplicable ; Inapplicable ; Inapplicable ; Inapplicable ; Inapplicable ; Inapplicable ; Inapplicable ; Inapplicable ; Inapplicable ; Inapplicable ; Inapplicable ; Inapplicable ; Inapplicable ;
; rst                ; Pass      ; Inapplicable ; Pass      ; Inapplicable ; Inapplicable ; Pass      ; Pass      ; Inapplicable ; Pass      ; Pass      ; Inapplicable ; Inapplicable ; Inapplicable ; Inapplicable ; Inapplicable ; Inapplicable ; Inapplicable ; Inapplicable ; Inapplicable ; Inapplicable ; Inapplicable ; Inapplicable ; Inapplicable ; Inapplicable ; Inapplicable ; Inapplicable ; Inapplicable ; Inapplicable ;
; rx                 ; Pass      ; Inapplicable ; Pass      ; Inapplicable ; Inapplicable ; Pass      ; Pass      ; Inapplicable ; Pass      ; Pass      ; Inapplicable ; Inapplicable ; Inapplicable ; Inapplicable ; Inapplicable ; Inapplicable ; Inapplicable ; Inapplicable ; Inapplicable ; Inapplicable ; Inapplicable ; Inapplicable ; Inapplicable ; Inapplicable ; Inapplicable ; Inapplicable ; Inapplicable ; Inapplicable ;
+--------------------+-----------+--------------+-----------+--------------+--------------+-----------+-----------+--------------+-----------+-----------+--------------+--------------+--------------+--------------+--------------+--------------+--------------+--------------+--------------+--------------+--------------+--------------+--------------+--------------+--------------+--------------+--------------+--------------+


+------------------------------------------------------------------------------------------------+
; Fitter Device Options                                                                          ;
+------------------------------------------------------------------+-----------------------------+
; Option                                                           ; Setting                     ;
+------------------------------------------------------------------+-----------------------------+
; Enable user-supplied start-up clock (CLKUSR)                     ; Off                         ;
; Enable device-wide reset (DEV_CLRn)                              ; Off                         ;
; Enable device-wide output enable (DEV_OE)                        ; Off                         ;
; Enable INIT_DONE output                                          ; Off                         ;
; Configuration scheme                                             ; Passive Serial              ;
; Enable Error Detection CRC_ERROR pin                             ; Off                         ;
; Enable CvP_CONFDONE pin                                          ; Off                         ;
; Enable open drain on CRC_ERROR pin                               ; On                          ;
; Enable open drain on CvP_CONFDONE pin                            ; On                          ;
; Enable open drain on INIT_DONE pin                               ; On                          ;
; Enable open drain on Partial Reconfiguration pins                ; Off                         ;
; Enable open drain on nCEO pin                                    ; On                          ;
; Enable Partial Reconfiguration pins                              ; Off                         ;
; Enable input tri-state on active configuration pins in user mode ; Off                         ;
; Enable internal scrubbing                                        ; Off                         ;
; Active Serial clock source                                       ; 100 MHz Internal Oscillator ;
; Device initialization clock source                               ; Internal Oscillator         ;
; Configuration via Protocol                                       ; Off                         ;
; Configuration Voltage Level                                      ; Auto                        ;
; Force Configuration Voltage Level                                ; Off                         ;
; Enable nCEO output                                               ; Off                         ;
; Data[15..8]                                                      ; Unreserved                  ;
; Data[7..5]                                                       ; Unreserved                  ;
; Base pin-out file on sameframe device                            ; Off                         ;
+------------------------------------------------------------------+-----------------------------+


+------------------------------------+
; Operating Settings and Conditions  ;
+---------------------------+--------+
; Setting                   ; Value  ;
+---------------------------+--------+
; Nominal Core Voltage      ; 1.10 V ;
; Low Junction Temperature  ; 0 °C   ;
; High Junction Temperature ; 85 °C  ;
+---------------------------+--------+


+----------------------------------------------------------------------------------------------------------------------------------------------------------------+
; Estimated Delay Added for Hold Timing Summary                                                                                                                  ;
+-------------------------------------------------------------------------+------------------------------------------------------------------+-------------------+
; Source Clock(s)                                                         ; Destination Clock(s)                                             ; Delay Added in ns ;
+-------------------------------------------------------------------------+------------------------------------------------------------------+-------------------+
; risc_v_mike_clk_divider:i_risc_v_mike_clk_divider|pre_clk_cnt[0],clk_in ; risc_v_mike_clk_divider:i_risc_v_mike_clk_divider|pre_clk_cnt[0] ; 5156.0            ;
; clk_in                                                                  ; risc_v_mike_clk_divider:i_risc_v_mike_clk_divider|pre_clk_cnt[0] ; 5011.6            ;
+-------------------------------------------------------------------------+------------------------------------------------------------------+-------------------+
Note: For more information on problematic transfers, consider running the Fitter again with the Optimize hold timing option (Settings Menu) turned off.
This will disable optimization of problematic paths and expose them for further analysis using the Timing Analyzer.


+---------------------------------------------------------------------------------------------------------------------------------------------------------------+
; Estimated Delay Added for Hold Timing Details                                                                                                                 ;
+------------------------------------------------------------------+------------------------------------------------------------------------+-------------------+
; Source Register                                                  ; Destination Register                                                   ; Delay Added in ns ;
+------------------------------------------------------------------+------------------------------------------------------------------------+-------------------+
; risc_v_mike_clk_divider:i_risc_v_mike_clk_divider|pre_clk_cnt[0] ; risc_v_mike_clk_divider:i_risc_v_mike_clk_divider|pre_clk_cnt[0]       ; 7.263             ;
; risc_v_mike_clk_divider:i_risc_v_mike_clk_divider|rst_out        ; risc_v_mike_data_memory:i_risc_v_mike_data_memory|data_mem_ff[183][6]  ; 3.842             ;
; risc_v_mike_reg_file:i_risc_v_mike_reg_file|reg_file_ff[9][6]    ; risc_v_mike_data_memory:i_risc_v_mike_data_memory|data_mem_ff[500][28] ; 2.525             ;
; risc_v_mike_reg_file:i_risc_v_mike_reg_file|reg_file_ff[8][30]   ; risc_v_mike_data_memory:i_risc_v_mike_data_memory|data_mem_ff[500][28] ; 2.497             ;
; risc_v_mike_reg_file:i_risc_v_mike_reg_file|reg_file_ff[11][4]   ; risc_v_mike_data_memory:i_risc_v_mike_data_memory|data_mem_ff[500][28] ; 2.491             ;
; risc_v_mike_reg_file:i_risc_v_mike_reg_file|reg_file_ff[9][4]    ; risc_v_mike_data_memory:i_risc_v_mike_data_memory|data_mem_ff[500][28] ; 2.488             ;
; risc_v_mike_reg_file:i_risc_v_mike_reg_file|reg_file_ff[10][30]  ; risc_v_mike_data_memory:i_risc_v_mike_data_memory|data_mem_ff[500][28] ; 2.467             ;
; risc_v_mike_reg_file:i_risc_v_mike_reg_file|reg_file_ff[10][16]  ; risc_v_mike_data_memory:i_risc_v_mike_data_memory|data_mem_ff[500][28] ; 2.445             ;
; risc_v_mike_reg_file:i_risc_v_mike_reg_file|reg_file_ff[11][27]  ; risc_v_mike_data_memory:i_risc_v_mike_data_memory|data_mem_ff[500][28] ; 2.441             ;
; risc_v_mike_reg_file:i_risc_v_mike_reg_file|reg_file_ff[9][27]   ; risc_v_mike_data_memory:i_risc_v_mike_data_memory|data_mem_ff[500][28] ; 2.439             ;
; risc_v_mike_reg_file:i_risc_v_mike_reg_file|reg_file_ff[7][7]    ; risc_v_mike_data_memory:i_risc_v_mike_data_memory|data_mem_ff[500][28] ; 2.435             ;
; risc_v_mike_reg_file:i_risc_v_mike_reg_file|reg_file_ff[11][14]  ; risc_v_mike_data_memory:i_risc_v_mike_data_memory|data_mem_ff[500][28] ; 2.431             ;
; pc_addr[1]                                                       ; risc_v_mike_data_memory:i_risc_v_mike_data_memory|data_mem_ff[500][28] ; 2.421             ;
; pc_addr[31]                                                      ; risc_v_mike_data_memory:i_risc_v_mike_data_memory|data_mem_ff[500][28] ; 2.421             ;
; pc_addr[25]                                                      ; risc_v_mike_data_memory:i_risc_v_mike_data_memory|data_mem_ff[500][28] ; 2.421             ;
; pc_addr[29]                                                      ; risc_v_mike_data_memory:i_risc_v_mike_data_memory|data_mem_ff[500][28] ; 2.421             ;
; pc_addr[14]                                                      ; risc_v_mike_data_memory:i_risc_v_mike_data_memory|data_mem_ff[500][28] ; 2.421             ;
; pc_addr[22]                                                      ; risc_v_mike_data_memory:i_risc_v_mike_data_memory|data_mem_ff[500][28] ; 2.421             ;
; pc_addr[24]                                                      ; risc_v_mike_data_memory:i_risc_v_mike_data_memory|data_mem_ff[500][28] ; 2.421             ;
; pc_addr[17]                                                      ; risc_v_mike_data_memory:i_risc_v_mike_data_memory|data_mem_ff[500][28] ; 2.421             ;
; pc_addr[20]                                                      ; risc_v_mike_data_memory:i_risc_v_mike_data_memory|data_mem_ff[500][28] ; 2.421             ;
; risc_v_mike_reg_file:i_risc_v_mike_reg_file|reg_file_ff[16][19]  ; risc_v_mike_data_memory:i_risc_v_mike_data_memory|data_mem_ff[500][28] ; 2.421             ;
; risc_v_mike_reg_file:i_risc_v_mike_reg_file|reg_file_ff[20][19]  ; risc_v_mike_data_memory:i_risc_v_mike_data_memory|data_mem_ff[500][28] ; 2.421             ;
; risc_v_mike_reg_file:i_risc_v_mike_reg_file|reg_file_ff[24][19]  ; risc_v_mike_data_memory:i_risc_v_mike_data_memory|data_mem_ff[500][28] ; 2.421             ;
; risc_v_mike_reg_file:i_risc_v_mike_reg_file|reg_file_ff[28][19]  ; risc_v_mike_data_memory:i_risc_v_mike_data_memory|data_mem_ff[500][28] ; 2.421             ;
; risc_v_mike_reg_file:i_risc_v_mike_reg_file|reg_file_ff[18][19]  ; risc_v_mike_data_memory:i_risc_v_mike_data_memory|data_mem_ff[500][28] ; 2.421             ;
; risc_v_mike_reg_file:i_risc_v_mike_reg_file|reg_file_ff[22][19]  ; risc_v_mike_data_memory:i_risc_v_mike_data_memory|data_mem_ff[500][28] ; 2.421             ;
; risc_v_mike_reg_file:i_risc_v_mike_reg_file|reg_file_ff[26][19]  ; risc_v_mike_data_memory:i_risc_v_mike_data_memory|data_mem_ff[500][28] ; 2.421             ;
; risc_v_mike_reg_file:i_risc_v_mike_reg_file|reg_file_ff[30][19]  ; risc_v_mike_data_memory:i_risc_v_mike_data_memory|data_mem_ff[500][28] ; 2.421             ;
; risc_v_mike_reg_file:i_risc_v_mike_reg_file|reg_file_ff[17][19]  ; risc_v_mike_data_memory:i_risc_v_mike_data_memory|data_mem_ff[500][28] ; 2.421             ;
; risc_v_mike_reg_file:i_risc_v_mike_reg_file|reg_file_ff[21][19]  ; risc_v_mike_data_memory:i_risc_v_mike_data_memory|data_mem_ff[500][28] ; 2.421             ;
; risc_v_mike_reg_file:i_risc_v_mike_reg_file|reg_file_ff[25][19]  ; risc_v_mike_data_memory:i_risc_v_mike_data_memory|data_mem_ff[500][28] ; 2.421             ;
; risc_v_mike_reg_file:i_risc_v_mike_reg_file|reg_file_ff[29][19]  ; risc_v_mike_data_memory:i_risc_v_mike_data_memory|data_mem_ff[500][28] ; 2.421             ;
; risc_v_mike_reg_file:i_risc_v_mike_reg_file|reg_file_ff[19][19]  ; risc_v_mike_data_memory:i_risc_v_mike_data_memory|data_mem_ff[500][28] ; 2.421             ;
; risc_v_mike_reg_file:i_risc_v_mike_reg_file|reg_file_ff[23][19]  ; risc_v_mike_data_memory:i_risc_v_mike_data_memory|data_mem_ff[500][28] ; 2.421             ;
; risc_v_mike_reg_file:i_risc_v_mike_reg_file|reg_file_ff[27][19]  ; risc_v_mike_data_memory:i_risc_v_mike_data_memory|data_mem_ff[500][28] ; 2.421             ;
; risc_v_mike_reg_file:i_risc_v_mike_reg_file|reg_file_ff[31][19]  ; risc_v_mike_data_memory:i_risc_v_mike_data_memory|data_mem_ff[500][28] ; 2.421             ;
; risc_v_mike_reg_file:i_risc_v_mike_reg_file|reg_file_ff[8][19]   ; risc_v_mike_data_memory:i_risc_v_mike_data_memory|data_mem_ff[500][28] ; 2.421             ;
; risc_v_mike_reg_file:i_risc_v_mike_reg_file|reg_file_ff[10][19]  ; risc_v_mike_data_memory:i_risc_v_mike_data_memory|data_mem_ff[500][28] ; 2.421             ;
; risc_v_mike_reg_file:i_risc_v_mike_reg_file|reg_file_ff[9][19]   ; risc_v_mike_data_memory:i_risc_v_mike_data_memory|data_mem_ff[500][28] ; 2.421             ;
; risc_v_mike_reg_file:i_risc_v_mike_reg_file|reg_file_ff[11][19]  ; risc_v_mike_data_memory:i_risc_v_mike_data_memory|data_mem_ff[500][28] ; 2.421             ;
; risc_v_mike_reg_file:i_risc_v_mike_reg_file|reg_file_ff[12][19]  ; risc_v_mike_data_memory:i_risc_v_mike_data_memory|data_mem_ff[500][28] ; 2.421             ;
; risc_v_mike_reg_file:i_risc_v_mike_reg_file|reg_file_ff[14][19]  ; risc_v_mike_data_memory:i_risc_v_mike_data_memory|data_mem_ff[500][28] ; 2.421             ;
; risc_v_mike_reg_file:i_risc_v_mike_reg_file|reg_file_ff[13][19]  ; risc_v_mike_data_memory:i_risc_v_mike_data_memory|data_mem_ff[500][28] ; 2.421             ;
; risc_v_mike_reg_file:i_risc_v_mike_reg_file|reg_file_ff[4][19]   ; risc_v_mike_data_memory:i_risc_v_mike_data_memory|data_mem_ff[500][28] ; 2.421             ;
; risc_v_mike_reg_file:i_risc_v_mike_reg_file|reg_file_ff[6][19]   ; risc_v_mike_data_memory:i_risc_v_mike_data_memory|data_mem_ff[500][28] ; 2.421             ;
; risc_v_mike_reg_file:i_risc_v_mike_reg_file|reg_file_ff[5][19]   ; risc_v_mike_data_memory:i_risc_v_mike_data_memory|data_mem_ff[500][28] ; 2.421             ;
; risc_v_mike_reg_file:i_risc_v_mike_reg_file|reg_file_ff[7][19]   ; risc_v_mike_data_memory:i_risc_v_mike_data_memory|data_mem_ff[500][28] ; 2.421             ;
; risc_v_mike_reg_file:i_risc_v_mike_reg_file|reg_file_ff[3][19]   ; risc_v_mike_data_memory:i_risc_v_mike_data_memory|data_mem_ff[500][28] ; 2.421             ;
; risc_v_mike_reg_file:i_risc_v_mike_reg_file|reg_file_ff[1][19]   ; risc_v_mike_data_memory:i_risc_v_mike_data_memory|data_mem_ff[500][28] ; 2.421             ;
; risc_v_mike_reg_file:i_risc_v_mike_reg_file|reg_file_ff[2][19]   ; risc_v_mike_data_memory:i_risc_v_mike_data_memory|data_mem_ff[500][28] ; 2.421             ;
; risc_v_mike_reg_file:i_risc_v_mike_reg_file|reg_file_ff[16][18]  ; risc_v_mike_data_memory:i_risc_v_mike_data_memory|data_mem_ff[500][28] ; 2.421             ;
; risc_v_mike_reg_file:i_risc_v_mike_reg_file|reg_file_ff[20][18]  ; risc_v_mike_data_memory:i_risc_v_mike_data_memory|data_mem_ff[500][28] ; 2.421             ;
; risc_v_mike_reg_file:i_risc_v_mike_reg_file|reg_file_ff[24][18]  ; risc_v_mike_data_memory:i_risc_v_mike_data_memory|data_mem_ff[500][28] ; 2.421             ;
; risc_v_mike_reg_file:i_risc_v_mike_reg_file|reg_file_ff[28][18]  ; risc_v_mike_data_memory:i_risc_v_mike_data_memory|data_mem_ff[500][28] ; 2.421             ;
; risc_v_mike_reg_file:i_risc_v_mike_reg_file|reg_file_ff[18][18]  ; risc_v_mike_data_memory:i_risc_v_mike_data_memory|data_mem_ff[500][28] ; 2.421             ;
; risc_v_mike_reg_file:i_risc_v_mike_reg_file|reg_file_ff[22][18]  ; risc_v_mike_data_memory:i_risc_v_mike_data_memory|data_mem_ff[500][28] ; 2.421             ;
; risc_v_mike_reg_file:i_risc_v_mike_reg_file|reg_file_ff[26][18]  ; risc_v_mike_data_memory:i_risc_v_mike_data_memory|data_mem_ff[500][28] ; 2.421             ;
; risc_v_mike_reg_file:i_risc_v_mike_reg_file|reg_file_ff[30][18]  ; risc_v_mike_data_memory:i_risc_v_mike_data_memory|data_mem_ff[500][28] ; 2.421             ;
; risc_v_mike_reg_file:i_risc_v_mike_reg_file|reg_file_ff[17][18]  ; risc_v_mike_data_memory:i_risc_v_mike_data_memory|data_mem_ff[500][28] ; 2.421             ;
; risc_v_mike_reg_file:i_risc_v_mike_reg_file|reg_file_ff[21][18]  ; risc_v_mike_data_memory:i_risc_v_mike_data_memory|data_mem_ff[500][28] ; 2.421             ;
; risc_v_mike_reg_file:i_risc_v_mike_reg_file|reg_file_ff[25][18]  ; risc_v_mike_data_memory:i_risc_v_mike_data_memory|data_mem_ff[500][28] ; 2.421             ;
; risc_v_mike_reg_file:i_risc_v_mike_reg_file|reg_file_ff[29][18]  ; risc_v_mike_data_memory:i_risc_v_mike_data_memory|data_mem_ff[500][28] ; 2.421             ;
; risc_v_mike_reg_file:i_risc_v_mike_reg_file|reg_file_ff[19][18]  ; risc_v_mike_data_memory:i_risc_v_mike_data_memory|data_mem_ff[500][28] ; 2.421             ;
; risc_v_mike_reg_file:i_risc_v_mike_reg_file|reg_file_ff[23][18]  ; risc_v_mike_data_memory:i_risc_v_mike_data_memory|data_mem_ff[500][28] ; 2.421             ;
; risc_v_mike_reg_file:i_risc_v_mike_reg_file|reg_file_ff[27][18]  ; risc_v_mike_data_memory:i_risc_v_mike_data_memory|data_mem_ff[500][28] ; 2.421             ;
; risc_v_mike_reg_file:i_risc_v_mike_reg_file|reg_file_ff[31][18]  ; risc_v_mike_data_memory:i_risc_v_mike_data_memory|data_mem_ff[500][28] ; 2.421             ;
; risc_v_mike_reg_file:i_risc_v_mike_reg_file|reg_file_ff[8][18]   ; risc_v_mike_data_memory:i_risc_v_mike_data_memory|data_mem_ff[500][28] ; 2.421             ;
; risc_v_mike_reg_file:i_risc_v_mike_reg_file|reg_file_ff[10][18]  ; risc_v_mike_data_memory:i_risc_v_mike_data_memory|data_mem_ff[500][28] ; 2.421             ;
; risc_v_mike_reg_file:i_risc_v_mike_reg_file|reg_file_ff[9][18]   ; risc_v_mike_data_memory:i_risc_v_mike_data_memory|data_mem_ff[500][28] ; 2.421             ;
; risc_v_mike_reg_file:i_risc_v_mike_reg_file|reg_file_ff[11][18]  ; risc_v_mike_data_memory:i_risc_v_mike_data_memory|data_mem_ff[500][28] ; 2.421             ;
; risc_v_mike_reg_file:i_risc_v_mike_reg_file|reg_file_ff[12][18]  ; risc_v_mike_data_memory:i_risc_v_mike_data_memory|data_mem_ff[500][28] ; 2.421             ;
; risc_v_mike_reg_file:i_risc_v_mike_reg_file|reg_file_ff[14][18]  ; risc_v_mike_data_memory:i_risc_v_mike_data_memory|data_mem_ff[500][28] ; 2.421             ;
; risc_v_mike_reg_file:i_risc_v_mike_reg_file|reg_file_ff[13][18]  ; risc_v_mike_data_memory:i_risc_v_mike_data_memory|data_mem_ff[500][28] ; 2.421             ;
; risc_v_mike_reg_file:i_risc_v_mike_reg_file|reg_file_ff[4][18]   ; risc_v_mike_data_memory:i_risc_v_mike_data_memory|data_mem_ff[500][28] ; 2.421             ;
; risc_v_mike_reg_file:i_risc_v_mike_reg_file|reg_file_ff[6][18]   ; risc_v_mike_data_memory:i_risc_v_mike_data_memory|data_mem_ff[500][28] ; 2.421             ;
; risc_v_mike_reg_file:i_risc_v_mike_reg_file|reg_file_ff[5][18]   ; risc_v_mike_data_memory:i_risc_v_mike_data_memory|data_mem_ff[500][28] ; 2.421             ;
; risc_v_mike_reg_file:i_risc_v_mike_reg_file|reg_file_ff[7][18]   ; risc_v_mike_data_memory:i_risc_v_mike_data_memory|data_mem_ff[500][28] ; 2.421             ;
; risc_v_mike_reg_file:i_risc_v_mike_reg_file|reg_file_ff[3][18]   ; risc_v_mike_data_memory:i_risc_v_mike_data_memory|data_mem_ff[500][28] ; 2.421             ;
; risc_v_mike_reg_file:i_risc_v_mike_reg_file|reg_file_ff[1][18]   ; risc_v_mike_data_memory:i_risc_v_mike_data_memory|data_mem_ff[500][28] ; 2.421             ;
; risc_v_mike_reg_file:i_risc_v_mike_reg_file|reg_file_ff[2][18]   ; risc_v_mike_data_memory:i_risc_v_mike_data_memory|data_mem_ff[500][28] ; 2.421             ;
; risc_v_mike_reg_file:i_risc_v_mike_reg_file|reg_file_ff[16][23]  ; risc_v_mike_data_memory:i_risc_v_mike_data_memory|data_mem_ff[500][28] ; 2.421             ;
; risc_v_mike_reg_file:i_risc_v_mike_reg_file|reg_file_ff[20][23]  ; risc_v_mike_data_memory:i_risc_v_mike_data_memory|data_mem_ff[500][28] ; 2.421             ;
; risc_v_mike_reg_file:i_risc_v_mike_reg_file|reg_file_ff[24][23]  ; risc_v_mike_data_memory:i_risc_v_mike_data_memory|data_mem_ff[500][28] ; 2.421             ;
; risc_v_mike_reg_file:i_risc_v_mike_reg_file|reg_file_ff[28][23]  ; risc_v_mike_data_memory:i_risc_v_mike_data_memory|data_mem_ff[500][28] ; 2.421             ;
; risc_v_mike_reg_file:i_risc_v_mike_reg_file|reg_file_ff[18][23]  ; risc_v_mike_data_memory:i_risc_v_mike_data_memory|data_mem_ff[500][28] ; 2.421             ;
; risc_v_mike_reg_file:i_risc_v_mike_reg_file|reg_file_ff[22][23]  ; risc_v_mike_data_memory:i_risc_v_mike_data_memory|data_mem_ff[500][28] ; 2.421             ;
; risc_v_mike_reg_file:i_risc_v_mike_reg_file|reg_file_ff[26][23]  ; risc_v_mike_data_memory:i_risc_v_mike_data_memory|data_mem_ff[500][28] ; 2.421             ;
; risc_v_mike_reg_file:i_risc_v_mike_reg_file|reg_file_ff[30][23]  ; risc_v_mike_data_memory:i_risc_v_mike_data_memory|data_mem_ff[500][28] ; 2.421             ;
; risc_v_mike_reg_file:i_risc_v_mike_reg_file|reg_file_ff[17][23]  ; risc_v_mike_data_memory:i_risc_v_mike_data_memory|data_mem_ff[500][28] ; 2.421             ;
; risc_v_mike_reg_file:i_risc_v_mike_reg_file|reg_file_ff[21][23]  ; risc_v_mike_data_memory:i_risc_v_mike_data_memory|data_mem_ff[500][28] ; 2.421             ;
; risc_v_mike_reg_file:i_risc_v_mike_reg_file|reg_file_ff[25][23]  ; risc_v_mike_data_memory:i_risc_v_mike_data_memory|data_mem_ff[500][28] ; 2.421             ;
; risc_v_mike_reg_file:i_risc_v_mike_reg_file|reg_file_ff[29][23]  ; risc_v_mike_data_memory:i_risc_v_mike_data_memory|data_mem_ff[500][28] ; 2.421             ;
; risc_v_mike_reg_file:i_risc_v_mike_reg_file|reg_file_ff[19][23]  ; risc_v_mike_data_memory:i_risc_v_mike_data_memory|data_mem_ff[500][28] ; 2.421             ;
; risc_v_mike_reg_file:i_risc_v_mike_reg_file|reg_file_ff[23][23]  ; risc_v_mike_data_memory:i_risc_v_mike_data_memory|data_mem_ff[500][28] ; 2.421             ;
; risc_v_mike_reg_file:i_risc_v_mike_reg_file|reg_file_ff[27][23]  ; risc_v_mike_data_memory:i_risc_v_mike_data_memory|data_mem_ff[500][28] ; 2.421             ;
; risc_v_mike_reg_file:i_risc_v_mike_reg_file|reg_file_ff[31][23]  ; risc_v_mike_data_memory:i_risc_v_mike_data_memory|data_mem_ff[500][28] ; 2.421             ;
; risc_v_mike_reg_file:i_risc_v_mike_reg_file|reg_file_ff[8][23]   ; risc_v_mike_data_memory:i_risc_v_mike_data_memory|data_mem_ff[500][28] ; 2.421             ;
; risc_v_mike_reg_file:i_risc_v_mike_reg_file|reg_file_ff[10][23]  ; risc_v_mike_data_memory:i_risc_v_mike_data_memory|data_mem_ff[500][28] ; 2.421             ;
; risc_v_mike_reg_file:i_risc_v_mike_reg_file|reg_file_ff[9][23]   ; risc_v_mike_data_memory:i_risc_v_mike_data_memory|data_mem_ff[500][28] ; 2.421             ;
+------------------------------------------------------------------+------------------------------------------------------------------------+-------------------+
Note: This table only shows the top 100 path(s) that have the largest delay added for hold.


+-----------------+
; Fitter Messages ;
+-----------------+
Warning (18236): Number of processors has not been specified which may cause overloading on shared machines.  Set the global assignment NUM_PARALLEL_PROCESSORS in your QSF to an appropriate value for best performance.
Info (20030): Parallel compilation is enabled and will use 4 of the 4 processors detected
Info (119006): Selected device 5CSXFC6D6F31C6 for design "RISC_V_multi_UART"
Info (21077): Low junction temperature is 0 degrees C
Info (21077): High junction temperature is 85 degrees C
Info (171003): Fitter is performing an Auto Fit compilation, which may decrease Fitter effort to reduce compilation time
Warning (292013): Feature LogicLock is only available with a valid subscription license. You can purchase a software subscription to gain full access to this feature.
Warning (15714): Some pins have incomplete I/O assignments. Refer to the I/O Assignment Warnings report for details
Info (184020): Starting Fitter periphery placement operations
Info (11191): Automatically promoted 2 clocks (2 global)
    Info (11162): risc_v_mike_clk_divider:i_risc_v_mike_clk_divider|pre_clk_cnt[0]~CLKENA0 with 17506 fanout uses global clock CLKCTRL_G3
        Info (12525): This signal is driven by core routing -- it may be moved during placement to reduce routing delays
    Info (11162): clk_in~inputCLKENA0 with 2 fanout uses global clock CLKCTRL_G4
Info (184021): Fitter periphery placement operations ending: elapsed time is 00:00:00
Info (176233): Starting register packing
Info (332104): Reading SDC File: 'output_files/SDC1.sdc'
Warning (332174): Ignored filter at SDC1.sdc(5): CLOCK_50 could not be matched with a port File: C:/Users/matriana/Personal/Masters/Diseno de Micros/RISC-V/RISC-V_unicycle/proj_quartus_w_UART/output_files/SDC1.sdc Line: 5
Warning (332049): Ignored create_clock at SDC1.sdc(5): Argument <targets> is an empty collection File: C:/Users/matriana/Personal/Masters/Diseno de Micros/RISC-V/RISC-V_unicycle/proj_quartus_w_UART/output_files/SDC1.sdc Line: 5
    Info (332050): create_clock -name CLK -period 20 [get_ports CLOCK_50] File: C:/Users/matriana/Personal/Masters/Diseno de Micros/RISC-V/RISC-V_unicycle/proj_quartus_w_UART/output_files/SDC1.sdc Line: 5
Warning (332174): Ignored filter at SDC1.sdc(40): altera_reserved_tck could not be matched with a port File: C:/Users/matriana/Personal/Masters/Diseno de Micros/RISC-V/RISC-V_unicycle/proj_quartus_w_UART/output_files/SDC1.sdc Line: 40
Warning (332049): Ignored create_clock at SDC1.sdc(40): Argument <targets> is an empty collection File: C:/Users/matriana/Personal/Masters/Diseno de Micros/RISC-V/RISC-V_unicycle/proj_quartus_w_UART/output_files/SDC1.sdc Line: 40
    Info (332050): create_clock -name {altera_reserved_tck} -period $jtag_33Mhz_t_period [get_ports {altera_reserved_tck}]  File: C:/Users/matriana/Personal/Masters/Diseno de Micros/RISC-V/RISC-V_unicycle/proj_quartus_w_UART/output_files/SDC1.sdc Line: 40
Warning (332174): Ignored filter at SDC1.sdc(41): altera_reserved_tck could not be matched with a clock File: C:/Users/matriana/Personal/Masters/Diseno de Micros/RISC-V/RISC-V_unicycle/proj_quartus_w_UART/output_files/SDC1.sdc Line: 41
Warning (332049): Ignored set_clock_groups at SDC1.sdc(41): Argument -group with value altera_reserved_tck could not match any element of the following types: ( clk ) File: C:/Users/matriana/Personal/Masters/Diseno de Micros/RISC-V/RISC-V_unicycle/proj_quartus_w_UART/output_files/SDC1.sdc Line: 41
    Info (332050): set_clock_groups -asynchronous -group {altera_reserved_tck}  File: C:/Users/matriana/Personal/Masters/Diseno de Micros/RISC-V/RISC-V_unicycle/proj_quartus_w_UART/output_files/SDC1.sdc Line: 41
Warning (332174): Ignored filter at SDC1.sdc(44): altera_reserved_tdo could not be matched with a port File: C:/Users/matriana/Personal/Masters/Diseno de Micros/RISC-V/RISC-V_unicycle/proj_quartus_w_UART/output_files/SDC1.sdc Line: 44
Warning (332049): Ignored set_max_delay at SDC1.sdc(44): Argument <to> is an empty collection File: C:/Users/matriana/Personal/Masters/Diseno de Micros/RISC-V/RISC-V_unicycle/proj_quartus_w_UART/output_files/SDC1.sdc Line: 44
    Info (332050): set_max_delay -to [get_ports { altera_reserved_tdo } ] 0  File: C:/Users/matriana/Personal/Masters/Diseno de Micros/RISC-V/RISC-V_unicycle/proj_quartus_w_UART/output_files/SDC1.sdc Line: 44
Info (332144): No user constrained base clocks found in the design
Info (332143): No user constrained clock uncertainty found in the design. Calling "derive_clock_uncertainty"
Info (332123): Deriving Clock Uncertainty. Please refer to report_sdc in the Timing Analyzer to see clock uncertainties.
Info (332130): Timing requirements not specified -- quality metrics such as performance may be sacrificed to reduce compilation time.
Info (176235): Finished register packing
    Extra Info (176219): No registers were packed into other blocks
Info (11798): Fitter preparation operations ending: elapsed time is 00:00:17
Info (170189): Fitter placement preparation operations beginning
Info (14951): The Fitter is using Advanced Physical Optimization.
Info (170190): Fitter placement preparation operations ending: elapsed time is 00:01:10
Info (170191): Fitter placement operations beginning
Info (170137): Fitter placement was successful
Info (170192): Fitter placement operations ending: elapsed time is 00:00:58
Info (170193): Fitter routing operations beginning
Info (170089): 9e+03 ns of routing delay (approximately 4.9% of available device routing delay) has been added to meet hold timing. For more information, refer to the Estimated Delay Added for Hold Timing section in the Fitter report.
Info (170195): Router estimated average interconnect usage is 21% of the available device resources
    Info (170196): Router estimated peak interconnect usage is 72% of the available device resources in the region that extends from location X56_Y11 to location X66_Y22
Info (170202): The Fitter performed an Auto Fit compilation.  No optimizations were skipped because the design's timing and routability requirements required full optimization.
Info (170194): Fitter routing operations ending: elapsed time is 00:14:20
Info (11888): Total time spent on timing analysis during the Fitter is 44.79 seconds.
Info (334003): Started post-fitting delay annotation
Info (334004): Delay annotation completed successfully
Info (334003): Started post-fitting delay annotation
Info (334004): Delay annotation completed successfully
Info (11801): Fitter post-fit operations ending: elapsed time is 00:00:54
Info (144001): Generated suppressed messages file C:/Users/matriana/Personal/Masters/Diseno de Micros/RISC-V/RISC-V_unicycle/proj_quartus_w_UART/output_files/RISC_V_multi_UART.fit.smsg
Info: Quartus Prime Fitter was successful. 0 errors, 11 warnings
    Info: Peak virtual memory: 6874 megabytes
    Info: Processing ended: Thu Apr 11 23:58:07 2024
    Info: Elapsed time: 00:19:17
    Info: Total CPU time (on all processors): 00:15:42


+----------------------------+
; Fitter Suppressed Messages ;
+----------------------------+
The suppressed messages can be found in C:/Users/matriana/Personal/Masters/Diseno de Micros/RISC-V/RISC-V_unicycle/proj_quartus_w_UART/output_files/RISC_V_multi_UART.fit.smsg.


