Timing Analyzer report for RISC_V_multi_UART
Thu Apr 11 23:59:37 2024
Quartus Prime Version 22.1std.2 Build 922 07/20/2023 SC Lite Edition


---------------------
; Table of Contents ;
---------------------
  1. Legal Notice
  2. Timing Analyzer Summary
  3. Parallel Compilation
  4. SDC File List
  5. Clocks
  6. Slow 1100mV 85C Model Fmax Summary
  7. Timing Closure Recommendations
  8. Slow 1100mV 85C Model Setup Summary
  9. Slow 1100mV 85C Model Hold Summary
 10. Slow 1100mV 85C Model Recovery Summary
 11. Slow 1100mV 85C Model Removal Summary
 12. Slow 1100mV 85C Model Minimum Pulse Width Summary
 13. Slow 1100mV 85C Model Metastability Summary
 14. Slow 1100mV 0C Model Fmax Summary
 15. Slow 1100mV 0C Model Setup Summary
 16. Slow 1100mV 0C Model Hold Summary
 17. Slow 1100mV 0C Model Recovery Summary
 18. Slow 1100mV 0C Model Removal Summary
 19. Slow 1100mV 0C Model Minimum Pulse Width Summary
 20. Slow 1100mV 0C Model Metastability Summary
 21. Fast 1100mV 85C Model Setup Summary
 22. Fast 1100mV 85C Model Hold Summary
 23. Fast 1100mV 85C Model Recovery Summary
 24. Fast 1100mV 85C Model Removal Summary
 25. Fast 1100mV 85C Model Minimum Pulse Width Summary
 26. Fast 1100mV 85C Model Metastability Summary
 27. Fast 1100mV 0C Model Setup Summary
 28. Fast 1100mV 0C Model Hold Summary
 29. Fast 1100mV 0C Model Recovery Summary
 30. Fast 1100mV 0C Model Removal Summary
 31. Fast 1100mV 0C Model Minimum Pulse Width Summary
 32. Fast 1100mV 0C Model Metastability Summary
 33. Multicorner Timing Analysis Summary
 34. Board Trace Model Assignments
 35. Input Transition Times
 36. Signal Integrity Metrics (Slow 1100mv 0c Model)
 37. Signal Integrity Metrics (Slow 1100mv 85c Model)
 38. Signal Integrity Metrics (Fast 1100mv 0c Model)
 39. Signal Integrity Metrics (Fast 1100mv 85c Model)
 40. Setup Transfers
 41. Hold Transfers
 42. Report TCCS
 43. Report RSKM
 44. Unconstrained Paths Summary
 45. Clock Status Summary
 46. Unconstrained Input Ports
 47. Unconstrained Output Ports
 48. Unconstrained Input Ports
 49. Unconstrained Output Ports
 50. Timing Analyzer Messages



----------------
; Legal Notice ;
----------------
Copyright (C) 2023  Intel Corporation. All rights reserved.
Your use of Intel Corporation's design tools, logic functions 
and other software and tools, and any partner logic 
functions, and any output files from any of the foregoing 
(including device programming or simulation files), and any 
associated documentation or information are expressly subject 
to the terms and conditions of the Intel Program License 
Subscription Agreement, the Intel Quartus Prime License Agreement,
the Intel FPGA IP License Agreement, or other applicable license
agreement, including, without limitation, that your use is for
the sole purpose of programming logic devices manufactured by
Intel and sold by Intel or its authorized distributors.  Please
refer to the applicable agreement for further details, at
https://fpgasoftware.intel.com/eula.



+--------------------------------------------------------------------------------+
; Timing Analyzer Summary                                                        ;
+-----------------------+--------------------------------------------------------+
; Quartus Prime Version ; Version 22.1std.2 Build 922 07/20/2023 SC Lite Edition ;
; Timing Analyzer       ; Legacy Timing Analyzer                                 ;
; Revision Name         ; RISC_V_multi_UART                                      ;
; Device Family         ; Cyclone V                                              ;
; Device Name           ; 5CSXFC6D6F31C6                                         ;
; Timing Models         ; Final                                                  ;
; Delay Model           ; Combined                                               ;
; Rise/Fall Delays      ; Enabled                                                ;
+-----------------------+--------------------------------------------------------+


+------------------------------------------+
; Parallel Compilation                     ;
+----------------------------+-------------+
; Processors                 ; Number      ;
+----------------------------+-------------+
; Number detected on machine ; 8           ;
; Maximum allowed            ; 4           ;
;                            ;             ;
; Average used               ; 3.37        ;
; Maximum used               ; 4           ;
;                            ;             ;
; Usage by Processor         ; % Time Used ;
;     Processor 1            ; 100.0%      ;
;     Processor 2            ;  79.5%      ;
;     Processor 3            ;  79.1%      ;
;     Processor 4            ;  78.2%      ;
+----------------------------+-------------+


+-----------------------------------------------------------+
; SDC File List                                             ;
+-----------------------+--------+--------------------------+
; SDC File Path         ; Status ; Read at                  ;
+-----------------------+--------+--------------------------+
; output_files/SDC1.sdc ; OK     ; Thu Apr 11 23:58:30 2024 ;
+-----------------------+--------+--------------------------+


+----------------------------------------------------------------------------------------------------------------------------------------------------------------------------------------------------------------------------------------------------------------------------------------------------+
; Clocks                                                                                                                                                                                                                                                                                             ;
+------------------------------------------------------------------+------+--------+------------+-------+-------+------------+-----------+-------------+-------+--------+-----------+------------+----------+--------+--------+----------------------------------------------------------------------+
; Clock Name                                                       ; Type ; Period ; Frequency  ; Rise  ; Fall  ; Duty Cycle ; Divide by ; Multiply by ; Phase ; Offset ; Edge List ; Edge Shift ; Inverted ; Master ; Source ; Targets                                                              ;
+------------------------------------------------------------------+------+--------+------------+-------+-------+------------+-----------+-------------+-------+--------+-----------+------------+----------+--------+--------+----------------------------------------------------------------------+
; clk_in                                                           ; Base ; 1.000  ; 1000.0 MHz ; 0.000 ; 0.500 ;            ;           ;             ;       ;        ;           ;            ;          ;        ;        ; { clk_in }                                                           ;
; risc_v_mike_clk_divider:i_risc_v_mike_clk_divider|pre_clk_cnt[0] ; Base ; 1.000  ; 1000.0 MHz ; 0.000 ; 0.500 ;            ;           ;             ;       ;        ;           ;            ;          ;        ;        ; { risc_v_mike_clk_divider:i_risc_v_mike_clk_divider|pre_clk_cnt[0] } ;
+------------------------------------------------------------------+------+--------+------------+-------+-------+------------+-----------+-------------+-------+--------+-----------+------------+----------+--------+--------+----------------------------------------------------------------------+


+--------------------------------------------------------------------------------------------------------------------------------------------------------+
; Slow 1100mV 85C Model Fmax Summary                                                                                                                     ;
+------------+-----------------+------------------------------------------------------------------+------------------------------------------------------+
; Fmax       ; Restricted Fmax ; Clock Name                                                       ; Note                                                 ;
+------------+-----------------+------------------------------------------------------------------+------------------------------------------------------+
; 39.21 MHz  ; 39.21 MHz       ; risc_v_mike_clk_divider:i_risc_v_mike_clk_divider|pre_clk_cnt[0] ;                                                      ;
; 976.56 MHz ; 527.43 MHz      ; clk_in                                                           ; limit due to low minimum pulse width violation (tcl) ;
+------------+-----------------+------------------------------------------------------------------+------------------------------------------------------+
This panel reports FMAX for every clock in the design, regardless of the user-specified clock periods.  FMAX is only computed for paths where the source and destination registers or ports are driven by the same clock.  Paths of different clocks, including generated clocks, are ignored.  For paths between a clock and its inversion, FMAX is computed as if the rising and falling edges are scaled along with FMAX, such that the duty cycle (in terms of a percentage) is maintained. Altera recommends that you always use clock constraints and other slack reports for sign-off analysis.


----------------------------------
; Timing Closure Recommendations ;
----------------------------------
HTML report is unavailable in plain text report export.


+--------------------------------------------------------------------------------------------+
; Slow 1100mV 85C Model Setup Summary                                                        ;
+------------------------------------------------------------------+---------+---------------+
; Clock                                                            ; Slack   ; End Point TNS ;
+------------------------------------------------------------------+---------+---------------+
; risc_v_mike_clk_divider:i_risc_v_mike_clk_divider|pre_clk_cnt[0] ; -24.504 ; -396591.083   ;
; clk_in                                                           ; -3.728  ; -3.752        ;
+------------------------------------------------------------------+---------+---------------+


+------------------------------------------------------------------------------------------+
; Slow 1100mV 85C Model Hold Summary                                                       ;
+------------------------------------------------------------------+-------+---------------+
; Clock                                                            ; Slack ; End Point TNS ;
+------------------------------------------------------------------+-------+---------------+
; clk_in                                                           ; 0.310 ; 0.000         ;
; risc_v_mike_clk_divider:i_risc_v_mike_clk_divider|pre_clk_cnt[0] ; 0.363 ; 0.000         ;
+------------------------------------------------------------------+-------+---------------+


------------------------------------------
; Slow 1100mV 85C Model Recovery Summary ;
------------------------------------------
No paths to report.


-----------------------------------------
; Slow 1100mV 85C Model Removal Summary ;
-----------------------------------------
No paths to report.


+-------------------------------------------------------------------------------------------+
; Slow 1100mV 85C Model Minimum Pulse Width Summary                                         ;
+------------------------------------------------------------------+--------+---------------+
; Clock                                                            ; Slack  ; End Point TNS ;
+------------------------------------------------------------------+--------+---------------+
; clk_in                                                           ; -0.448 ; -1.881        ;
; risc_v_mike_clk_divider:i_risc_v_mike_clk_divider|pre_clk_cnt[0] ; -0.394 ; -10009.853    ;
+------------------------------------------------------------------+--------+---------------+


-----------------------------------------------
; Slow 1100mV 85C Model Metastability Summary ;
-----------------------------------------------
Design MTBF is not calculated because the design doesn't meet its timing requirements.



+---------------------------------------------------------------------------------------------------------------------------------------------------------+
; Slow 1100mV 0C Model Fmax Summary                                                                                                                       ;
+-------------+-----------------+------------------------------------------------------------------+------------------------------------------------------+
; Fmax        ; Restricted Fmax ; Clock Name                                                       ; Note                                                 ;
+-------------+-----------------+------------------------------------------------------------------+------------------------------------------------------+
; 40.13 MHz   ; 40.13 MHz       ; risc_v_mike_clk_divider:i_risc_v_mike_clk_divider|pre_clk_cnt[0] ;                                                      ;
; 1003.01 MHz ; 499.0 MHz       ; clk_in                                                           ; limit due to low minimum pulse width violation (tcl) ;
+-------------+-----------------+------------------------------------------------------------------+------------------------------------------------------+
This panel reports FMAX for every clock in the design, regardless of the user-specified clock periods.  FMAX is only computed for paths where the source and destination registers or ports are driven by the same clock.  Paths of different clocks, including generated clocks, are ignored.  For paths between a clock and its inversion, FMAX is computed as if the rising and falling edges are scaled along with FMAX, such that the duty cycle (in terms of a percentage) is maintained. Altera recommends that you always use clock constraints and other slack reports for sign-off analysis.


+--------------------------------------------------------------------------------------------+
; Slow 1100mV 0C Model Setup Summary                                                         ;
+------------------------------------------------------------------+---------+---------------+
; Clock                                                            ; Slack   ; End Point TNS ;
+------------------------------------------------------------------+---------+---------------+
; risc_v_mike_clk_divider:i_risc_v_mike_clk_divider|pre_clk_cnt[0] ; -23.916 ; -388316.504   ;
; clk_in                                                           ; -3.515  ; -3.515        ;
+------------------------------------------------------------------+---------+---------------+


+------------------------------------------------------------------------------------------+
; Slow 1100mV 0C Model Hold Summary                                                        ;
+------------------------------------------------------------------+-------+---------------+
; Clock                                                            ; Slack ; End Point TNS ;
+------------------------------------------------------------------+-------+---------------+
; clk_in                                                           ; 0.291 ; 0.000         ;
; risc_v_mike_clk_divider:i_risc_v_mike_clk_divider|pre_clk_cnt[0] ; 0.383 ; 0.000         ;
+------------------------------------------------------------------+-------+---------------+


-----------------------------------------
; Slow 1100mV 0C Model Recovery Summary ;
-----------------------------------------
No paths to report.


----------------------------------------
; Slow 1100mV 0C Model Removal Summary ;
----------------------------------------
No paths to report.


+-------------------------------------------------------------------------------------------+
; Slow 1100mV 0C Model Minimum Pulse Width Summary                                          ;
+------------------------------------------------------------------+--------+---------------+
; Clock                                                            ; Slack  ; End Point TNS ;
+------------------------------------------------------------------+--------+---------------+
; clk_in                                                           ; -0.502 ; -2.030        ;
; risc_v_mike_clk_divider:i_risc_v_mike_clk_divider|pre_clk_cnt[0] ; -0.394 ; -9025.211     ;
+------------------------------------------------------------------+--------+---------------+


----------------------------------------------
; Slow 1100mV 0C Model Metastability Summary ;
----------------------------------------------
Design MTBF is not calculated because the design doesn't meet its timing requirements.



+--------------------------------------------------------------------------------------------+
; Fast 1100mV 85C Model Setup Summary                                                        ;
+------------------------------------------------------------------+---------+---------------+
; Clock                                                            ; Slack   ; End Point TNS ;
+------------------------------------------------------------------+---------+---------------+
; risc_v_mike_clk_divider:i_risc_v_mike_clk_divider|pre_clk_cnt[0] ; -15.069 ; -235252.695   ;
; clk_in                                                           ; -2.884  ; -2.884        ;
+------------------------------------------------------------------+---------+---------------+


+------------------------------------------------------------------------------------------+
; Fast 1100mV 85C Model Hold Summary                                                       ;
+------------------------------------------------------------------+-------+---------------+
; Clock                                                            ; Slack ; End Point TNS ;
+------------------------------------------------------------------+-------+---------------+
; risc_v_mike_clk_divider:i_risc_v_mike_clk_divider|pre_clk_cnt[0] ; 0.179 ; 0.000         ;
; clk_in                                                           ; 0.186 ; 0.000         ;
+------------------------------------------------------------------+-------+---------------+


------------------------------------------
; Fast 1100mV 85C Model Recovery Summary ;
------------------------------------------
No paths to report.


-----------------------------------------
; Fast 1100mV 85C Model Removal Summary ;
-----------------------------------------
No paths to report.


+-------------------------------------------------------------------------------------------+
; Fast 1100mV 85C Model Minimum Pulse Width Summary                                         ;
+------------------------------------------------------------------+--------+---------------+
; Clock                                                            ; Slack  ; End Point TNS ;
+------------------------------------------------------------------+--------+---------------+
; clk_in                                                           ; -0.516 ; -0.849        ;
; risc_v_mike_clk_divider:i_risc_v_mike_clk_divider|pre_clk_cnt[0] ; 0.020  ; 0.000         ;
+------------------------------------------------------------------+--------+---------------+


-----------------------------------------------
; Fast 1100mV 85C Model Metastability Summary ;
-----------------------------------------------
Design MTBF is not calculated because the design doesn't meet its timing requirements.



+--------------------------------------------------------------------------------------------+
; Fast 1100mV 0C Model Setup Summary                                                         ;
+------------------------------------------------------------------+---------+---------------+
; Clock                                                            ; Slack   ; End Point TNS ;
+------------------------------------------------------------------+---------+---------------+
; risc_v_mike_clk_divider:i_risc_v_mike_clk_divider|pre_clk_cnt[0] ; -13.298 ; -209052.365   ;
; clk_in                                                           ; -2.420  ; -2.420        ;
+------------------------------------------------------------------+---------+---------------+


+------------------------------------------------------------------------------------------+
; Fast 1100mV 0C Model Hold Summary                                                        ;
+------------------------------------------------------------------+-------+---------------+
; Clock                                                            ; Slack ; End Point TNS ;
+------------------------------------------------------------------+-------+---------------+
; clk_in                                                           ; 0.167 ; 0.000         ;
; risc_v_mike_clk_divider:i_risc_v_mike_clk_divider|pre_clk_cnt[0] ; 0.171 ; 0.000         ;
+------------------------------------------------------------------+-------+---------------+


-----------------------------------------
; Fast 1100mV 0C Model Recovery Summary ;
-----------------------------------------
No paths to report.


----------------------------------------
; Fast 1100mV 0C Model Removal Summary ;
----------------------------------------
No paths to report.


+-------------------------------------------------------------------------------------------+
; Fast 1100mV 0C Model Minimum Pulse Width Summary                                          ;
+------------------------------------------------------------------+--------+---------------+
; Clock                                                            ; Slack  ; End Point TNS ;
+------------------------------------------------------------------+--------+---------------+
; clk_in                                                           ; -0.539 ; -0.903        ;
; risc_v_mike_clk_divider:i_risc_v_mike_clk_divider|pre_clk_cnt[0] ; 0.080  ; 0.000         ;
+------------------------------------------------------------------+--------+---------------+


----------------------------------------------
; Fast 1100mV 0C Model Metastability Summary ;
----------------------------------------------
Design MTBF is not calculated because the design doesn't meet its timing requirements.



+------------------------------------------------------------------------------------------------------------------------------------+
; Multicorner Timing Analysis Summary                                                                                                ;
+-------------------------------------------------------------------+-------------+-------+----------+---------+---------------------+
; Clock                                                             ; Setup       ; Hold  ; Recovery ; Removal ; Minimum Pulse Width ;
+-------------------------------------------------------------------+-------------+-------+----------+---------+---------------------+
; Worst-case Slack                                                  ; -24.504     ; 0.167 ; N/A      ; N/A     ; -0.539              ;
;  clk_in                                                           ; -3.728      ; 0.167 ; N/A      ; N/A     ; -0.539              ;
;  risc_v_mike_clk_divider:i_risc_v_mike_clk_divider|pre_clk_cnt[0] ; -24.504     ; 0.171 ; N/A      ; N/A     ; -0.394              ;
; Design-wide TNS                                                   ; -396594.835 ; 0.0   ; 0.0      ; 0.0     ; -10011.734          ;
;  clk_in                                                           ; -3.752      ; 0.000 ; N/A      ; N/A     ; -2.030              ;
;  risc_v_mike_clk_divider:i_risc_v_mike_clk_divider|pre_clk_cnt[0] ; -396591.083 ; 0.000 ; N/A      ; N/A     ; -10009.853          ;
+-------------------------------------------------------------------+-------------+-------+----------+---------+---------------------+


+-------------------------------------------------------------------------------------------------------------------------------------------------------------------------------------------------------------------------------------------------------------------------------------------------------------------------------------------------------------------------------------------------------------+
; Board Trace Model Assignments                                                                                                                                                                                                                                                                                                                                                                               ;
+----------+--------------+-------------------+-------------------------+-------------------------+---------------+---------------------+----------------+------------------+--------+------------------+------------------------+------------------------+--------------+---------------+-----------------+-------+---------------------+--------------------+---------------+-----------------+-------------+
; Pin      ; I/O Standard ; Near Tline Length ; Near Tline L per Length ; Near Tline C per Length ; Near Series R ; Near Differential R ; Near Pull-up R ; Near Pull-down R ; Near C ; Far Tline Length ; Far Tline L per Length ; Far Tline C per Length ; Far Series R ; Far Pull-up R ; Far Pull-down R ; Far C ; Termination Voltage ; Far Differential R ; EBD File Name ; EBD Signal Name ; EBD Far-end ;
+----------+--------------+-------------------+-------------------------+-------------------------+---------------+---------------------+----------------+------------------+--------+------------------+------------------------+------------------------+--------------+---------------+-----------------+-------+---------------------+--------------------+---------------+-----------------+-------------+
; tx       ; 2.5 V        ; 0 in              ; 0 H/in                  ; 0 F/in                  ; short         ; -                   ; open           ; open             ; open   ; 0 in             ; 0 H/in                 ; 0 F/in                 ; short        ; open          ; open            ; open  ; 0 V                 ; -                  ; n/a           ; n/a             ; n/a         ;
; seg_a    ; 2.5 V        ; 0 in              ; 0 H/in                  ; 0 F/in                  ; short         ; -                   ; open           ; open             ; open   ; 0 in             ; 0 H/in                 ; 0 F/in                 ; short        ; open          ; open            ; open  ; 0 V                 ; -                  ; n/a           ; n/a             ; n/a         ;
; seg_b    ; 2.5 V        ; 0 in              ; 0 H/in                  ; 0 F/in                  ; short         ; -                   ; open           ; open             ; open   ; 0 in             ; 0 H/in                 ; 0 F/in                 ; short        ; open          ; open            ; open  ; 0 V                 ; -                  ; n/a           ; n/a             ; n/a         ;
; seg_c    ; 2.5 V        ; 0 in              ; 0 H/in                  ; 0 F/in                  ; short         ; -                   ; open           ; open             ; open   ; 0 in             ; 0 H/in                 ; 0 F/in                 ; short        ; open          ; open            ; open  ; 0 V                 ; -                  ; n/a           ; n/a             ; n/a         ;
; seg_d    ; 2.5 V        ; 0 in              ; 0 H/in                  ; 0 F/in                  ; short         ; -                   ; open           ; open             ; open   ; 0 in             ; 0 H/in                 ; 0 F/in                 ; short        ; open          ; open            ; open  ; 0 V                 ; -                  ; n/a           ; n/a             ; n/a         ;
; seg_e    ; 2.5 V        ; 0 in              ; 0 H/in                  ; 0 F/in                  ; short         ; -                   ; open           ; open             ; open   ; 0 in             ; 0 H/in                 ; 0 F/in                 ; short        ; open          ; open            ; open  ; 0 V                 ; -                  ; n/a           ; n/a             ; n/a         ;
; seg_f    ; 2.5 V        ; 0 in              ; 0 H/in                  ; 0 F/in                  ; short         ; -                   ; open           ; open             ; open   ; 0 in             ; 0 H/in                 ; 0 F/in                 ; short        ; open          ; open            ; open  ; 0 V                 ; -                  ; n/a           ; n/a             ; n/a         ;
; seg_g    ; 2.5 V        ; 0 in              ; 0 H/in                  ; 0 F/in                  ; short         ; -                   ; open           ; open             ; open   ; 0 in             ; 0 H/in                 ; 0 F/in                 ; short        ; open          ; open            ; open  ; 0 V                 ; -                  ; n/a           ; n/a             ; n/a         ;
; tx_seg_a ; 2.5 V        ; 0 in              ; 0 H/in                  ; 0 F/in                  ; short         ; -                   ; open           ; open             ; open   ; 0 in             ; 0 H/in                 ; 0 F/in                 ; short        ; open          ; open            ; open  ; 0 V                 ; -                  ; n/a           ; n/a             ; n/a         ;
; tx_seg_b ; 2.5 V        ; 0 in              ; 0 H/in                  ; 0 F/in                  ; short         ; -                   ; open           ; open             ; open   ; 0 in             ; 0 H/in                 ; 0 F/in                 ; short        ; open          ; open            ; open  ; 0 V                 ; -                  ; n/a           ; n/a             ; n/a         ;
; tx_seg_c ; 2.5 V        ; 0 in              ; 0 H/in                  ; 0 F/in                  ; short         ; -                   ; open           ; open             ; open   ; 0 in             ; 0 H/in                 ; 0 F/in                 ; short        ; open          ; open            ; open  ; 0 V                 ; -                  ; n/a           ; n/a             ; n/a         ;
; tx_seg_d ; 2.5 V        ; 0 in              ; 0 H/in                  ; 0 F/in                  ; short         ; -                   ; open           ; open             ; open   ; 0 in             ; 0 H/in                 ; 0 F/in                 ; short        ; open          ; open            ; open  ; 0 V                 ; -                  ; n/a           ; n/a             ; n/a         ;
; tx_seg_e ; 2.5 V        ; 0 in              ; 0 H/in                  ; 0 F/in                  ; short         ; -                   ; open           ; open             ; open   ; 0 in             ; 0 H/in                 ; 0 F/in                 ; short        ; open          ; open            ; open  ; 0 V                 ; -                  ; n/a           ; n/a             ; n/a         ;
; tx_seg_f ; 2.5 V        ; 0 in              ; 0 H/in                  ; 0 F/in                  ; short         ; -                   ; open           ; open             ; open   ; 0 in             ; 0 H/in                 ; 0 F/in                 ; short        ; open          ; open            ; open  ; 0 V                 ; -                  ; n/a           ; n/a             ; n/a         ;
; tx_seg_g ; 2.5 V        ; 0 in              ; 0 H/in                  ; 0 F/in                  ; short         ; -                   ; open           ; open             ; open   ; 0 in             ; 0 H/in                 ; 0 F/in                 ; short        ; open          ; open            ; open  ; 0 V                 ; -                  ; n/a           ; n/a             ; n/a         ;
+----------+--------------+-------------------+-------------------------+-------------------------+---------------+---------------------+----------------+------------------+--------+------------------+------------------------+------------------------+--------------+---------------+-----------------+-------+---------------------+--------------------+---------------+-----------------+-------------+


+--------------------------------------------------------------------+
; Input Transition Times                                             ;
+-----------------+--------------+-----------------+-----------------+
; Pin             ; I/O Standard ; 10-90 Rise Time ; 90-10 Fall Time ;
+-----------------+--------------+-----------------+-----------------+
; asci_or_hexa_rx ; 2.5 V        ; 2000 ps         ; 2000 ps         ;
; asci_or_hexa_tx ; 2.5 V        ; 2000 ps         ; 2000 ps         ;
; clk_in          ; 2.5 V        ; 2000 ps         ; 2000 ps         ;
; rst             ; 2.5 V        ; 2000 ps         ; 2000 ps         ;
; rx              ; 2.5 V        ; 2000 ps         ; 2000 ps         ;
+-----------------+--------------+-----------------+-----------------+


+---------------------------------------------------------------------------------------------------------------------------------------------------------------------------------------------------------------------------------------------------------------------------------------------------------------------------------------------------------------------------------------------------------------------------------------------------------------------------------------------------------------------------------------------------------------------------------------------------------------------------------------------------------------------------------------+
; Signal Integrity Metrics (Slow 1100mv 0c Model)                                                                                                                                                                                                                                                                                                                                                                                                                                                                                                                                                                                                                                       ;
+----------+--------------+---------------------+---------------------+------------------------------+------------------------------+---------------------+---------------------+--------------------------------------+--------------------------------------+-----------------------------+-----------------------------+----------------------------+----------------------------+-----------------------------+-----------------------------+--------------------+--------------------+-------------------------------------+-------------------------------------+----------------------------+----------------------------+---------------------------+---------------------------+
; Pin      ; I/O Standard ; Board Delay on Rise ; Board Delay on Fall ; Steady State Voh at FPGA Pin ; Steady State Vol at FPGA Pin ; Voh Max at FPGA Pin ; Vol Min at FPGA Pin ; Ringback Voltage on Rise at FPGA Pin ; Ringback Voltage on Fall at FPGA Pin ; 10-90 Rise Time at FPGA Pin ; 90-10 Fall Time at FPGA Pin ; Monotonic Rise at FPGA Pin ; Monotonic Fall at FPGA Pin ; Steady State Voh at Far-end ; Steady State Vol at Far-end ; Voh Max at Far-end ; Vol Min at Far-end ; Ringback Voltage on Rise at Far-end ; Ringback Voltage on Fall at Far-end ; 10-90 Rise Time at Far-end ; 90-10 Fall Time at Far-end ; Monotonic Rise at Far-end ; Monotonic Fall at Far-end ;
+----------+--------------+---------------------+---------------------+------------------------------+------------------------------+---------------------+---------------------+--------------------------------------+--------------------------------------+-----------------------------+-----------------------------+----------------------------+----------------------------+-----------------------------+-----------------------------+--------------------+--------------------+-------------------------------------+-------------------------------------+----------------------------+----------------------------+---------------------------+---------------------------+
; tx       ; 2.5 V        ; 0 s                 ; 0 s                 ; 2.32 V                       ; 3.52e-07 V                   ; 2.42 V              ; -0.0557 V           ; 0.175 V                              ; 0.114 V                              ; 4.5e-10 s                   ; 4.35e-10 s                  ; No                         ; No                         ; 2.32 V                      ; 3.52e-07 V                  ; 2.42 V             ; -0.0557 V          ; 0.175 V                             ; 0.114 V                             ; 4.5e-10 s                  ; 4.35e-10 s                 ; No                        ; No                        ;
; seg_a    ; 2.5 V        ; 0 s                 ; 0 s                 ; 2.32 V                       ; 3.07e-07 V                   ; 2.36 V              ; -0.0231 V           ; 0.14 V                               ; 0.089 V                              ; 4.52e-10 s                  ; 4.35e-10 s                  ; No                         ; Yes                        ; 2.32 V                      ; 3.07e-07 V                  ; 2.36 V             ; -0.0231 V          ; 0.14 V                              ; 0.089 V                             ; 4.52e-10 s                 ; 4.35e-10 s                 ; No                        ; Yes                       ;
; seg_b    ; 2.5 V        ; 0 s                 ; 0 s                 ; 2.32 V                       ; 3.6e-07 V                    ; 2.41 V              ; -0.0463 V           ; 0.201 V                              ; 0.131 V                              ; 4.61e-10 s                  ; 4.53e-10 s                  ; No                         ; Yes                        ; 2.32 V                      ; 3.6e-07 V                   ; 2.41 V             ; -0.0463 V          ; 0.201 V                             ; 0.131 V                             ; 4.61e-10 s                 ; 4.53e-10 s                 ; No                        ; Yes                       ;
; seg_c    ; 2.5 V        ; 0 s                 ; 0 s                 ; 2.32 V                       ; 3.52e-07 V                   ; 2.42 V              ; -0.0557 V           ; 0.175 V                              ; 0.114 V                              ; 4.5e-10 s                   ; 4.35e-10 s                  ; No                         ; No                         ; 2.32 V                      ; 3.52e-07 V                  ; 2.42 V             ; -0.0557 V          ; 0.175 V                             ; 0.114 V                             ; 4.5e-10 s                  ; 4.35e-10 s                 ; No                        ; No                        ;
; seg_d    ; 2.5 V        ; 0 s                 ; 0 s                 ; 2.32 V                       ; 3.52e-07 V                   ; 2.42 V              ; -0.0568 V           ; 0.173 V                              ; 0.113 V                              ; 4.5e-10 s                   ; 4.35e-10 s                  ; No                         ; No                         ; 2.32 V                      ; 3.52e-07 V                  ; 2.42 V             ; -0.0568 V          ; 0.173 V                             ; 0.113 V                             ; 4.5e-10 s                  ; 4.35e-10 s                 ; No                        ; No                        ;
; seg_e    ; 2.5 V        ; 0 s                 ; 0 s                 ; 2.32 V                       ; 3.52e-07 V                   ; 2.42 V              ; -0.0568 V           ; 0.173 V                              ; 0.113 V                              ; 4.5e-10 s                   ; 4.35e-10 s                  ; No                         ; No                         ; 2.32 V                      ; 3.52e-07 V                  ; 2.42 V             ; -0.0568 V          ; 0.173 V                             ; 0.113 V                             ; 4.5e-10 s                  ; 4.35e-10 s                 ; No                        ; No                        ;
; seg_f    ; 2.5 V        ; 0 s                 ; 0 s                 ; 2.32 V                       ; 3.52e-07 V                   ; 2.42 V              ; -0.0568 V           ; 0.173 V                              ; 0.113 V                              ; 4.5e-10 s                   ; 4.35e-10 s                  ; No                         ; No                         ; 2.32 V                      ; 3.52e-07 V                  ; 2.42 V             ; -0.0568 V          ; 0.173 V                             ; 0.113 V                             ; 4.5e-10 s                  ; 4.35e-10 s                 ; No                        ; No                        ;
; seg_g    ; 2.5 V        ; 0 s                 ; 0 s                 ; 2.32 V                       ; 3.52e-07 V                   ; 2.42 V              ; -0.0557 V           ; 0.175 V                              ; 0.114 V                              ; 4.5e-10 s                   ; 4.35e-10 s                  ; No                         ; No                         ; 2.32 V                      ; 3.52e-07 V                  ; 2.42 V             ; -0.0557 V          ; 0.175 V                             ; 0.114 V                             ; 4.5e-10 s                  ; 4.35e-10 s                 ; No                        ; No                        ;
; tx_seg_a ; 2.5 V        ; 0 s                 ; 0 s                 ; 2.32 V                       ; 3.52e-07 V                   ; 2.42 V              ; -0.0557 V           ; 0.175 V                              ; 0.114 V                              ; 4.5e-10 s                   ; 4.35e-10 s                  ; No                         ; No                         ; 2.32 V                      ; 3.52e-07 V                  ; 2.42 V             ; -0.0557 V          ; 0.175 V                             ; 0.114 V                             ; 4.5e-10 s                  ; 4.35e-10 s                 ; No                        ; No                        ;
; tx_seg_b ; 2.5 V        ; 0 s                 ; 0 s                 ; 2.32 V                       ; 3.6e-07 V                    ; 2.41 V              ; -0.0463 V           ; 0.201 V                              ; 0.131 V                              ; 4.61e-10 s                  ; 4.53e-10 s                  ; No                         ; Yes                        ; 2.32 V                      ; 3.6e-07 V                   ; 2.41 V             ; -0.0463 V          ; 0.201 V                             ; 0.131 V                             ; 4.61e-10 s                 ; 4.53e-10 s                 ; No                        ; Yes                       ;
; tx_seg_c ; 2.5 V        ; 0 s                 ; 0 s                 ; 2.32 V                       ; 3.52e-07 V                   ; 2.42 V              ; -0.0568 V           ; 0.173 V                              ; 0.113 V                              ; 4.5e-10 s                   ; 4.35e-10 s                  ; No                         ; No                         ; 2.32 V                      ; 3.52e-07 V                  ; 2.42 V             ; -0.0568 V          ; 0.173 V                             ; 0.113 V                             ; 4.5e-10 s                  ; 4.35e-10 s                 ; No                        ; No                        ;
; tx_seg_d ; 2.5 V        ; 0 s                 ; 0 s                 ; 2.32 V                       ; 3.07e-07 V                   ; 2.36 V              ; -0.0231 V           ; 0.14 V                               ; 0.089 V                              ; 4.52e-10 s                  ; 4.35e-10 s                  ; No                         ; Yes                        ; 2.32 V                      ; 3.07e-07 V                  ; 2.36 V             ; -0.0231 V          ; 0.14 V                              ; 0.089 V                             ; 4.52e-10 s                 ; 4.35e-10 s                 ; No                        ; Yes                       ;
; tx_seg_e ; 2.5 V        ; 0 s                 ; 0 s                 ; 2.32 V                       ; 3.6e-07 V                    ; 2.41 V              ; -0.0463 V           ; 0.201 V                              ; 0.131 V                              ; 4.61e-10 s                  ; 4.53e-10 s                  ; No                         ; Yes                        ; 2.32 V                      ; 3.6e-07 V                   ; 2.41 V             ; -0.0463 V          ; 0.201 V                             ; 0.131 V                             ; 4.61e-10 s                 ; 4.53e-10 s                 ; No                        ; Yes                       ;
; tx_seg_f ; 2.5 V        ; 0 s                 ; 0 s                 ; 2.32 V                       ; 3.6e-07 V                    ; 2.41 V              ; -0.0463 V           ; 0.201 V                              ; 0.131 V                              ; 4.61e-10 s                  ; 4.53e-10 s                  ; No                         ; Yes                        ; 2.32 V                      ; 3.6e-07 V                   ; 2.41 V             ; -0.0463 V          ; 0.201 V                             ; 0.131 V                             ; 4.61e-10 s                 ; 4.53e-10 s                 ; No                        ; Yes                       ;
; tx_seg_g ; 2.5 V        ; 0 s                 ; 0 s                 ; 2.32 V                       ; 3.6e-07 V                    ; 2.41 V              ; -0.0463 V           ; 0.201 V                              ; 0.131 V                              ; 4.61e-10 s                  ; 4.53e-10 s                  ; No                         ; Yes                        ; 2.32 V                      ; 3.6e-07 V                   ; 2.41 V             ; -0.0463 V          ; 0.201 V                             ; 0.131 V                             ; 4.61e-10 s                 ; 4.53e-10 s                 ; No                        ; Yes                       ;
+----------+--------------+---------------------+---------------------+------------------------------+------------------------------+---------------------+---------------------+--------------------------------------+--------------------------------------+-----------------------------+-----------------------------+----------------------------+----------------------------+-----------------------------+-----------------------------+--------------------+--------------------+-------------------------------------+-------------------------------------+----------------------------+----------------------------+---------------------------+---------------------------+


+---------------------------------------------------------------------------------------------------------------------------------------------------------------------------------------------------------------------------------------------------------------------------------------------------------------------------------------------------------------------------------------------------------------------------------------------------------------------------------------------------------------------------------------------------------------------------------------------------------------------------------------------------------------------------------------+
; Signal Integrity Metrics (Slow 1100mv 85c Model)                                                                                                                                                                                                                                                                                                                                                                                                                                                                                                                                                                                                                                      ;
+----------+--------------+---------------------+---------------------+------------------------------+------------------------------+---------------------+---------------------+--------------------------------------+--------------------------------------+-----------------------------+-----------------------------+----------------------------+----------------------------+-----------------------------+-----------------------------+--------------------+--------------------+-------------------------------------+-------------------------------------+----------------------------+----------------------------+---------------------------+---------------------------+
; Pin      ; I/O Standard ; Board Delay on Rise ; Board Delay on Fall ; Steady State Voh at FPGA Pin ; Steady State Vol at FPGA Pin ; Voh Max at FPGA Pin ; Vol Min at FPGA Pin ; Ringback Voltage on Rise at FPGA Pin ; Ringback Voltage on Fall at FPGA Pin ; 10-90 Rise Time at FPGA Pin ; 90-10 Fall Time at FPGA Pin ; Monotonic Rise at FPGA Pin ; Monotonic Fall at FPGA Pin ; Steady State Voh at Far-end ; Steady State Vol at Far-end ; Voh Max at Far-end ; Vol Min at Far-end ; Ringback Voltage on Rise at Far-end ; Ringback Voltage on Fall at Far-end ; 10-90 Rise Time at Far-end ; 90-10 Fall Time at Far-end ; Monotonic Rise at Far-end ; Monotonic Fall at Far-end ;
+----------+--------------+---------------------+---------------------+------------------------------+------------------------------+---------------------+---------------------+--------------------------------------+--------------------------------------+-----------------------------+-----------------------------+----------------------------+----------------------------+-----------------------------+-----------------------------+--------------------+--------------------+-------------------------------------+-------------------------------------+----------------------------+----------------------------+---------------------------+---------------------------+
; tx       ; 2.5 V        ; 0 s                 ; 0 s                 ; 2.32 V                       ; 3.88e-05 V                   ; 2.39 V              ; -0.037 V            ; 0.188 V                              ; 0.158 V                              ; 4.67e-10 s                  ; 4.67e-10 s                  ; No                         ; Yes                        ; 2.32 V                      ; 3.88e-05 V                  ; 2.39 V             ; -0.037 V           ; 0.188 V                             ; 0.158 V                             ; 4.67e-10 s                 ; 4.67e-10 s                 ; No                        ; Yes                       ;
; seg_a    ; 2.5 V        ; 0 s                 ; 0 s                 ; 2.32 V                       ; 3.49e-05 V                   ; 2.34 V              ; -0.0118 V           ; 0.182 V                              ; 0.051 V                              ; 4.81e-10 s                  ; 4.83e-10 s                  ; Yes                        ; Yes                        ; 2.32 V                      ; 3.49e-05 V                  ; 2.34 V             ; -0.0118 V          ; 0.182 V                             ; 0.051 V                             ; 4.81e-10 s                 ; 4.83e-10 s                 ; Yes                       ; Yes                       ;
; seg_b    ; 2.5 V        ; 0 s                 ; 0 s                 ; 2.32 V                       ; 3.96e-05 V                   ; 2.38 V              ; -0.0306 V           ; 0.23 V                               ; 0.206 V                              ; 4.83e-10 s                  ; 5.01e-10 s                  ; No                         ; Yes                        ; 2.32 V                      ; 3.96e-05 V                  ; 2.38 V             ; -0.0306 V          ; 0.23 V                              ; 0.206 V                             ; 4.83e-10 s                 ; 5.01e-10 s                 ; No                        ; Yes                       ;
; seg_c    ; 2.5 V        ; 0 s                 ; 0 s                 ; 2.32 V                       ; 3.88e-05 V                   ; 2.39 V              ; -0.037 V            ; 0.188 V                              ; 0.158 V                              ; 4.67e-10 s                  ; 4.67e-10 s                  ; No                         ; Yes                        ; 2.32 V                      ; 3.88e-05 V                  ; 2.39 V             ; -0.037 V           ; 0.188 V                             ; 0.158 V                             ; 4.67e-10 s                 ; 4.67e-10 s                 ; No                        ; Yes                       ;
; seg_d    ; 2.5 V        ; 0 s                 ; 0 s                 ; 2.32 V                       ; 3.88e-05 V                   ; 2.39 V              ; -0.0374 V           ; 0.189 V                              ; 0.158 V                              ; 4.66e-10 s                  ; 4.67e-10 s                  ; No                         ; Yes                        ; 2.32 V                      ; 3.88e-05 V                  ; 2.39 V             ; -0.0374 V          ; 0.189 V                             ; 0.158 V                             ; 4.66e-10 s                 ; 4.67e-10 s                 ; No                        ; Yes                       ;
; seg_e    ; 2.5 V        ; 0 s                 ; 0 s                 ; 2.32 V                       ; 3.88e-05 V                   ; 2.39 V              ; -0.0374 V           ; 0.189 V                              ; 0.158 V                              ; 4.66e-10 s                  ; 4.67e-10 s                  ; No                         ; Yes                        ; 2.32 V                      ; 3.88e-05 V                  ; 2.39 V             ; -0.0374 V          ; 0.189 V                             ; 0.158 V                             ; 4.66e-10 s                 ; 4.67e-10 s                 ; No                        ; Yes                       ;
; seg_f    ; 2.5 V        ; 0 s                 ; 0 s                 ; 2.32 V                       ; 3.88e-05 V                   ; 2.39 V              ; -0.0374 V           ; 0.189 V                              ; 0.158 V                              ; 4.66e-10 s                  ; 4.67e-10 s                  ; No                         ; Yes                        ; 2.32 V                      ; 3.88e-05 V                  ; 2.39 V             ; -0.0374 V          ; 0.189 V                             ; 0.158 V                             ; 4.66e-10 s                 ; 4.67e-10 s                 ; No                        ; Yes                       ;
; seg_g    ; 2.5 V        ; 0 s                 ; 0 s                 ; 2.32 V                       ; 3.88e-05 V                   ; 2.39 V              ; -0.037 V            ; 0.188 V                              ; 0.158 V                              ; 4.67e-10 s                  ; 4.67e-10 s                  ; No                         ; Yes                        ; 2.32 V                      ; 3.88e-05 V                  ; 2.39 V             ; -0.037 V           ; 0.188 V                             ; 0.158 V                             ; 4.67e-10 s                 ; 4.67e-10 s                 ; No                        ; Yes                       ;
; tx_seg_a ; 2.5 V        ; 0 s                 ; 0 s                 ; 2.32 V                       ; 3.88e-05 V                   ; 2.39 V              ; -0.037 V            ; 0.188 V                              ; 0.158 V                              ; 4.67e-10 s                  ; 4.67e-10 s                  ; No                         ; Yes                        ; 2.32 V                      ; 3.88e-05 V                  ; 2.39 V             ; -0.037 V           ; 0.188 V                             ; 0.158 V                             ; 4.67e-10 s                 ; 4.67e-10 s                 ; No                        ; Yes                       ;
; tx_seg_b ; 2.5 V        ; 0 s                 ; 0 s                 ; 2.32 V                       ; 3.96e-05 V                   ; 2.38 V              ; -0.0306 V           ; 0.23 V                               ; 0.206 V                              ; 4.83e-10 s                  ; 5.01e-10 s                  ; No                         ; Yes                        ; 2.32 V                      ; 3.96e-05 V                  ; 2.38 V             ; -0.0306 V          ; 0.23 V                              ; 0.206 V                             ; 4.83e-10 s                 ; 5.01e-10 s                 ; No                        ; Yes                       ;
; tx_seg_c ; 2.5 V        ; 0 s                 ; 0 s                 ; 2.32 V                       ; 3.88e-05 V                   ; 2.39 V              ; -0.0374 V           ; 0.189 V                              ; 0.158 V                              ; 4.66e-10 s                  ; 4.67e-10 s                  ; No                         ; Yes                        ; 2.32 V                      ; 3.88e-05 V                  ; 2.39 V             ; -0.0374 V          ; 0.189 V                             ; 0.158 V                             ; 4.66e-10 s                 ; 4.67e-10 s                 ; No                        ; Yes                       ;
; tx_seg_d ; 2.5 V        ; 0 s                 ; 0 s                 ; 2.32 V                       ; 3.49e-05 V                   ; 2.34 V              ; -0.0118 V           ; 0.182 V                              ; 0.051 V                              ; 4.81e-10 s                  ; 4.83e-10 s                  ; Yes                        ; Yes                        ; 2.32 V                      ; 3.49e-05 V                  ; 2.34 V             ; -0.0118 V          ; 0.182 V                             ; 0.051 V                             ; 4.81e-10 s                 ; 4.83e-10 s                 ; Yes                       ; Yes                       ;
; tx_seg_e ; 2.5 V        ; 0 s                 ; 0 s                 ; 2.32 V                       ; 3.96e-05 V                   ; 2.38 V              ; -0.0306 V           ; 0.23 V                               ; 0.206 V                              ; 4.83e-10 s                  ; 5.01e-10 s                  ; No                         ; Yes                        ; 2.32 V                      ; 3.96e-05 V                  ; 2.38 V             ; -0.0306 V          ; 0.23 V                              ; 0.206 V                             ; 4.83e-10 s                 ; 5.01e-10 s                 ; No                        ; Yes                       ;
; tx_seg_f ; 2.5 V        ; 0 s                 ; 0 s                 ; 2.32 V                       ; 3.96e-05 V                   ; 2.38 V              ; -0.0306 V           ; 0.23 V                               ; 0.206 V                              ; 4.83e-10 s                  ; 5.01e-10 s                  ; No                         ; Yes                        ; 2.32 V                      ; 3.96e-05 V                  ; 2.38 V             ; -0.0306 V          ; 0.23 V                              ; 0.206 V                             ; 4.83e-10 s                 ; 5.01e-10 s                 ; No                        ; Yes                       ;
; tx_seg_g ; 2.5 V        ; 0 s                 ; 0 s                 ; 2.32 V                       ; 3.96e-05 V                   ; 2.38 V              ; -0.0306 V           ; 0.23 V                               ; 0.206 V                              ; 4.83e-10 s                  ; 5.01e-10 s                  ; No                         ; Yes                        ; 2.32 V                      ; 3.96e-05 V                  ; 2.38 V             ; -0.0306 V          ; 0.23 V                              ; 0.206 V                             ; 4.83e-10 s                 ; 5.01e-10 s                 ; No                        ; Yes                       ;
+----------+--------------+---------------------+---------------------+------------------------------+------------------------------+---------------------+---------------------+--------------------------------------+--------------------------------------+-----------------------------+-----------------------------+----------------------------+----------------------------+-----------------------------+-----------------------------+--------------------+--------------------+-------------------------------------+-------------------------------------+----------------------------+----------------------------+---------------------------+---------------------------+


+---------------------------------------------------------------------------------------------------------------------------------------------------------------------------------------------------------------------------------------------------------------------------------------------------------------------------------------------------------------------------------------------------------------------------------------------------------------------------------------------------------------------------------------------------------------------------------------------------------------------------------------------------------------------------------------+
; Signal Integrity Metrics (Fast 1100mv 0c Model)                                                                                                                                                                                                                                                                                                                                                                                                                                                                                                                                                                                                                                       ;
+----------+--------------+---------------------+---------------------+------------------------------+------------------------------+---------------------+---------------------+--------------------------------------+--------------------------------------+-----------------------------+-----------------------------+----------------------------+----------------------------+-----------------------------+-----------------------------+--------------------+--------------------+-------------------------------------+-------------------------------------+----------------------------+----------------------------+---------------------------+---------------------------+
; Pin      ; I/O Standard ; Board Delay on Rise ; Board Delay on Fall ; Steady State Voh at FPGA Pin ; Steady State Vol at FPGA Pin ; Voh Max at FPGA Pin ; Vol Min at FPGA Pin ; Ringback Voltage on Rise at FPGA Pin ; Ringback Voltage on Fall at FPGA Pin ; 10-90 Rise Time at FPGA Pin ; 90-10 Fall Time at FPGA Pin ; Monotonic Rise at FPGA Pin ; Monotonic Fall at FPGA Pin ; Steady State Voh at Far-end ; Steady State Vol at Far-end ; Voh Max at Far-end ; Vol Min at Far-end ; Ringback Voltage on Rise at Far-end ; Ringback Voltage on Fall at Far-end ; 10-90 Rise Time at Far-end ; 90-10 Fall Time at Far-end ; Monotonic Rise at Far-end ; Monotonic Fall at Far-end ;
+----------+--------------+---------------------+---------------------+------------------------------+------------------------------+---------------------+---------------------+--------------------------------------+--------------------------------------+-----------------------------+-----------------------------+----------------------------+----------------------------+-----------------------------+-----------------------------+--------------------+--------------------+-------------------------------------+-------------------------------------+----------------------------+----------------------------+---------------------------+---------------------------+
; tx       ; 2.5 V        ; 0 s                 ; 0 s                 ; 2.75 V                       ; 4.14e-06 V                   ; 2.91 V              ; -0.121 V            ; 0.326 V                              ; 0.297 V                              ; 2.74e-10 s                  ; 2.8e-10 s                   ; No                         ; No                         ; 2.75 V                      ; 4.14e-06 V                  ; 2.91 V             ; -0.121 V           ; 0.326 V                             ; 0.297 V                             ; 2.74e-10 s                 ; 2.8e-10 s                  ; No                        ; No                        ;
; seg_a    ; 2.5 V        ; 0 s                 ; 0 s                 ; 2.75 V                       ; 3.54e-06 V                   ; 2.81 V              ; -0.0578 V           ; 0.303 V                              ; 0.28 V                               ; 2.93e-10 s                  ; 3.01e-10 s                  ; No                         ; No                         ; 2.75 V                      ; 3.54e-06 V                  ; 2.81 V             ; -0.0578 V          ; 0.303 V                             ; 0.28 V                              ; 2.93e-10 s                 ; 3.01e-10 s                 ; No                        ; No                        ;
; seg_b    ; 2.5 V        ; 0 s                 ; 0 s                 ; 2.75 V                       ; 4.25e-06 V                   ; 2.9 V               ; -0.107 V            ; 0.378 V                              ; 0.16 V                               ; 2.87e-10 s                  ; 4.28e-10 s                  ; No                         ; No                         ; 2.75 V                      ; 4.25e-06 V                  ; 2.9 V              ; -0.107 V           ; 0.378 V                             ; 0.16 V                              ; 2.87e-10 s                 ; 4.28e-10 s                 ; No                        ; No                        ;
; seg_c    ; 2.5 V        ; 0 s                 ; 0 s                 ; 2.75 V                       ; 4.14e-06 V                   ; 2.91 V              ; -0.121 V            ; 0.326 V                              ; 0.297 V                              ; 2.74e-10 s                  ; 2.8e-10 s                   ; No                         ; No                         ; 2.75 V                      ; 4.14e-06 V                  ; 2.91 V             ; -0.121 V           ; 0.326 V                             ; 0.297 V                             ; 2.74e-10 s                 ; 2.8e-10 s                  ; No                        ; No                        ;
; seg_d    ; 2.5 V        ; 0 s                 ; 0 s                 ; 2.75 V                       ; 4.14e-06 V                   ; 2.91 V              ; -0.119 V            ; 0.326 V                              ; 0.298 V                              ; 2.74e-10 s                  ; 2.8e-10 s                   ; No                         ; No                         ; 2.75 V                      ; 4.14e-06 V                  ; 2.91 V             ; -0.119 V           ; 0.326 V                             ; 0.298 V                             ; 2.74e-10 s                 ; 2.8e-10 s                  ; No                        ; No                        ;
; seg_e    ; 2.5 V        ; 0 s                 ; 0 s                 ; 2.75 V                       ; 4.14e-06 V                   ; 2.91 V              ; -0.119 V            ; 0.326 V                              ; 0.298 V                              ; 2.74e-10 s                  ; 2.8e-10 s                   ; No                         ; No                         ; 2.75 V                      ; 4.14e-06 V                  ; 2.91 V             ; -0.119 V           ; 0.326 V                             ; 0.298 V                             ; 2.74e-10 s                 ; 2.8e-10 s                  ; No                        ; No                        ;
; seg_f    ; 2.5 V        ; 0 s                 ; 0 s                 ; 2.75 V                       ; 4.14e-06 V                   ; 2.91 V              ; -0.119 V            ; 0.326 V                              ; 0.298 V                              ; 2.74e-10 s                  ; 2.8e-10 s                   ; No                         ; No                         ; 2.75 V                      ; 4.14e-06 V                  ; 2.91 V             ; -0.119 V           ; 0.326 V                             ; 0.298 V                             ; 2.74e-10 s                 ; 2.8e-10 s                  ; No                        ; No                        ;
; seg_g    ; 2.5 V        ; 0 s                 ; 0 s                 ; 2.75 V                       ; 4.14e-06 V                   ; 2.91 V              ; -0.121 V            ; 0.326 V                              ; 0.297 V                              ; 2.74e-10 s                  ; 2.8e-10 s                   ; No                         ; No                         ; 2.75 V                      ; 4.14e-06 V                  ; 2.91 V             ; -0.121 V           ; 0.326 V                             ; 0.297 V                             ; 2.74e-10 s                 ; 2.8e-10 s                  ; No                        ; No                        ;
; tx_seg_a ; 2.5 V        ; 0 s                 ; 0 s                 ; 2.75 V                       ; 4.14e-06 V                   ; 2.91 V              ; -0.121 V            ; 0.326 V                              ; 0.297 V                              ; 2.74e-10 s                  ; 2.8e-10 s                   ; No                         ; No                         ; 2.75 V                      ; 4.14e-06 V                  ; 2.91 V             ; -0.121 V           ; 0.326 V                             ; 0.297 V                             ; 2.74e-10 s                 ; 2.8e-10 s                  ; No                        ; No                        ;
; tx_seg_b ; 2.5 V        ; 0 s                 ; 0 s                 ; 2.75 V                       ; 4.25e-06 V                   ; 2.9 V               ; -0.107 V            ; 0.378 V                              ; 0.16 V                               ; 2.87e-10 s                  ; 4.28e-10 s                  ; No                         ; No                         ; 2.75 V                      ; 4.25e-06 V                  ; 2.9 V              ; -0.107 V           ; 0.378 V                             ; 0.16 V                              ; 2.87e-10 s                 ; 4.28e-10 s                 ; No                        ; No                        ;
; tx_seg_c ; 2.5 V        ; 0 s                 ; 0 s                 ; 2.75 V                       ; 4.14e-06 V                   ; 2.91 V              ; -0.119 V            ; 0.326 V                              ; 0.298 V                              ; 2.74e-10 s                  ; 2.8e-10 s                   ; No                         ; No                         ; 2.75 V                      ; 4.14e-06 V                  ; 2.91 V             ; -0.119 V           ; 0.326 V                             ; 0.298 V                             ; 2.74e-10 s                 ; 2.8e-10 s                  ; No                        ; No                        ;
; tx_seg_d ; 2.5 V        ; 0 s                 ; 0 s                 ; 2.75 V                       ; 3.54e-06 V                   ; 2.81 V              ; -0.0578 V           ; 0.303 V                              ; 0.28 V                               ; 2.93e-10 s                  ; 3.01e-10 s                  ; No                         ; No                         ; 2.75 V                      ; 3.54e-06 V                  ; 2.81 V             ; -0.0578 V          ; 0.303 V                             ; 0.28 V                              ; 2.93e-10 s                 ; 3.01e-10 s                 ; No                        ; No                        ;
; tx_seg_e ; 2.5 V        ; 0 s                 ; 0 s                 ; 2.75 V                       ; 4.25e-06 V                   ; 2.9 V               ; -0.107 V            ; 0.378 V                              ; 0.16 V                               ; 2.87e-10 s                  ; 4.28e-10 s                  ; No                         ; No                         ; 2.75 V                      ; 4.25e-06 V                  ; 2.9 V              ; -0.107 V           ; 0.378 V                             ; 0.16 V                              ; 2.87e-10 s                 ; 4.28e-10 s                 ; No                        ; No                        ;
; tx_seg_f ; 2.5 V        ; 0 s                 ; 0 s                 ; 2.75 V                       ; 4.25e-06 V                   ; 2.9 V               ; -0.107 V            ; 0.378 V                              ; 0.16 V                               ; 2.87e-10 s                  ; 4.28e-10 s                  ; No                         ; No                         ; 2.75 V                      ; 4.25e-06 V                  ; 2.9 V              ; -0.107 V           ; 0.378 V                             ; 0.16 V                              ; 2.87e-10 s                 ; 4.28e-10 s                 ; No                        ; No                        ;
; tx_seg_g ; 2.5 V        ; 0 s                 ; 0 s                 ; 2.75 V                       ; 4.25e-06 V                   ; 2.9 V               ; -0.107 V            ; 0.378 V                              ; 0.16 V                               ; 2.87e-10 s                  ; 4.28e-10 s                  ; No                         ; No                         ; 2.75 V                      ; 4.25e-06 V                  ; 2.9 V              ; -0.107 V           ; 0.378 V                             ; 0.16 V                              ; 2.87e-10 s                 ; 4.28e-10 s                 ; No                        ; No                        ;
+----------+--------------+---------------------+---------------------+------------------------------+------------------------------+---------------------+---------------------+--------------------------------------+--------------------------------------+-----------------------------+-----------------------------+----------------------------+----------------------------+-----------------------------+-----------------------------+--------------------+--------------------+-------------------------------------+-------------------------------------+----------------------------+----------------------------+---------------------------+---------------------------+


+---------------------------------------------------------------------------------------------------------------------------------------------------------------------------------------------------------------------------------------------------------------------------------------------------------------------------------------------------------------------------------------------------------------------------------------------------------------------------------------------------------------------------------------------------------------------------------------------------------------------------------------------------------------------------------------+
; Signal Integrity Metrics (Fast 1100mv 85c Model)                                                                                                                                                                                                                                                                                                                                                                                                                                                                                                                                                                                                                                      ;
+----------+--------------+---------------------+---------------------+------------------------------+------------------------------+---------------------+---------------------+--------------------------------------+--------------------------------------+-----------------------------+-----------------------------+----------------------------+----------------------------+-----------------------------+-----------------------------+--------------------+--------------------+-------------------------------------+-------------------------------------+----------------------------+----------------------------+---------------------------+---------------------------+
; Pin      ; I/O Standard ; Board Delay on Rise ; Board Delay on Fall ; Steady State Voh at FPGA Pin ; Steady State Vol at FPGA Pin ; Voh Max at FPGA Pin ; Vol Min at FPGA Pin ; Ringback Voltage on Rise at FPGA Pin ; Ringback Voltage on Fall at FPGA Pin ; 10-90 Rise Time at FPGA Pin ; 90-10 Fall Time at FPGA Pin ; Monotonic Rise at FPGA Pin ; Monotonic Fall at FPGA Pin ; Steady State Voh at Far-end ; Steady State Vol at Far-end ; Voh Max at Far-end ; Vol Min at Far-end ; Ringback Voltage on Rise at Far-end ; Ringback Voltage on Fall at Far-end ; 10-90 Rise Time at Far-end ; 90-10 Fall Time at Far-end ; Monotonic Rise at Far-end ; Monotonic Fall at Far-end ;
+----------+--------------+---------------------+---------------------+------------------------------+------------------------------+---------------------+---------------------+--------------------------------------+--------------------------------------+-----------------------------+-----------------------------+----------------------------+----------------------------+-----------------------------+-----------------------------+--------------------+--------------------+-------------------------------------+-------------------------------------+----------------------------+----------------------------+---------------------------+---------------------------+
; tx       ; 2.5 V        ; 0 s                 ; 0 s                 ; 2.75 V                       ; 0.000242 V                   ; 2.86 V              ; -0.0814 V           ; 0.36 V                               ; 0.156 V                              ; 3e-10 s                     ; 4.34e-10 s                  ; No                         ; No                         ; 2.75 V                      ; 0.000242 V                  ; 2.86 V             ; -0.0814 V          ; 0.36 V                              ; 0.156 V                             ; 3e-10 s                    ; 4.34e-10 s                 ; No                        ; No                        ;
; seg_a    ; 2.5 V        ; 0 s                 ; 0 s                 ; 2.75 V                       ; 0.000213 V                   ; 2.79 V              ; -0.0324 V           ; 0.139 V                              ; 0.119 V                              ; 4.42e-10 s                  ; 4.33e-10 s                  ; No                         ; Yes                        ; 2.75 V                      ; 0.000213 V                  ; 2.79 V             ; -0.0324 V          ; 0.139 V                             ; 0.119 V                             ; 4.42e-10 s                 ; 4.33e-10 s                 ; No                        ; Yes                       ;
; seg_b    ; 2.5 V        ; 0 s                 ; 0 s                 ; 2.75 V                       ; 0.000247 V                   ; 2.85 V              ; -0.0711 V           ; 0.204 V                              ; 0.181 V                              ; 4.55e-10 s                  ; 4.49e-10 s                  ; No                         ; No                         ; 2.75 V                      ; 0.000247 V                  ; 2.85 V             ; -0.0711 V          ; 0.204 V                             ; 0.181 V                             ; 4.55e-10 s                 ; 4.49e-10 s                 ; No                        ; No                        ;
; seg_c    ; 2.5 V        ; 0 s                 ; 0 s                 ; 2.75 V                       ; 0.000242 V                   ; 2.86 V              ; -0.0814 V           ; 0.36 V                               ; 0.156 V                              ; 3e-10 s                     ; 4.34e-10 s                  ; No                         ; No                         ; 2.75 V                      ; 0.000242 V                  ; 2.86 V             ; -0.0814 V          ; 0.36 V                              ; 0.156 V                             ; 3e-10 s                    ; 4.34e-10 s                 ; No                        ; No                        ;
; seg_d    ; 2.5 V        ; 0 s                 ; 0 s                 ; 2.75 V                       ; 0.000242 V                   ; 2.86 V              ; -0.0805 V           ; 0.358 V                              ; 0.156 V                              ; 3.01e-10 s                  ; 4.34e-10 s                  ; No                         ; No                         ; 2.75 V                      ; 0.000242 V                  ; 2.86 V             ; -0.0805 V          ; 0.358 V                             ; 0.156 V                             ; 3.01e-10 s                 ; 4.34e-10 s                 ; No                        ; No                        ;
; seg_e    ; 2.5 V        ; 0 s                 ; 0 s                 ; 2.75 V                       ; 0.000242 V                   ; 2.86 V              ; -0.0805 V           ; 0.358 V                              ; 0.156 V                              ; 3.01e-10 s                  ; 4.34e-10 s                  ; No                         ; No                         ; 2.75 V                      ; 0.000242 V                  ; 2.86 V             ; -0.0805 V          ; 0.358 V                             ; 0.156 V                             ; 3.01e-10 s                 ; 4.34e-10 s                 ; No                        ; No                        ;
; seg_f    ; 2.5 V        ; 0 s                 ; 0 s                 ; 2.75 V                       ; 0.000242 V                   ; 2.86 V              ; -0.0805 V           ; 0.358 V                              ; 0.156 V                              ; 3.01e-10 s                  ; 4.34e-10 s                  ; No                         ; No                         ; 2.75 V                      ; 0.000242 V                  ; 2.86 V             ; -0.0805 V          ; 0.358 V                             ; 0.156 V                             ; 3.01e-10 s                 ; 4.34e-10 s                 ; No                        ; No                        ;
; seg_g    ; 2.5 V        ; 0 s                 ; 0 s                 ; 2.75 V                       ; 0.000242 V                   ; 2.86 V              ; -0.0814 V           ; 0.36 V                               ; 0.156 V                              ; 3e-10 s                     ; 4.34e-10 s                  ; No                         ; No                         ; 2.75 V                      ; 0.000242 V                  ; 2.86 V             ; -0.0814 V          ; 0.36 V                              ; 0.156 V                             ; 3e-10 s                    ; 4.34e-10 s                 ; No                        ; No                        ;
; tx_seg_a ; 2.5 V        ; 0 s                 ; 0 s                 ; 2.75 V                       ; 0.000242 V                   ; 2.86 V              ; -0.0814 V           ; 0.36 V                               ; 0.156 V                              ; 3e-10 s                     ; 4.34e-10 s                  ; No                         ; No                         ; 2.75 V                      ; 0.000242 V                  ; 2.86 V             ; -0.0814 V          ; 0.36 V                              ; 0.156 V                             ; 3e-10 s                    ; 4.34e-10 s                 ; No                        ; No                        ;
; tx_seg_b ; 2.5 V        ; 0 s                 ; 0 s                 ; 2.75 V                       ; 0.000247 V                   ; 2.85 V              ; -0.0711 V           ; 0.204 V                              ; 0.181 V                              ; 4.55e-10 s                  ; 4.49e-10 s                  ; No                         ; No                         ; 2.75 V                      ; 0.000247 V                  ; 2.85 V             ; -0.0711 V          ; 0.204 V                             ; 0.181 V                             ; 4.55e-10 s                 ; 4.49e-10 s                 ; No                        ; No                        ;
; tx_seg_c ; 2.5 V        ; 0 s                 ; 0 s                 ; 2.75 V                       ; 0.000242 V                   ; 2.86 V              ; -0.0805 V           ; 0.358 V                              ; 0.156 V                              ; 3.01e-10 s                  ; 4.34e-10 s                  ; No                         ; No                         ; 2.75 V                      ; 0.000242 V                  ; 2.86 V             ; -0.0805 V          ; 0.358 V                             ; 0.156 V                             ; 3.01e-10 s                 ; 4.34e-10 s                 ; No                        ; No                        ;
; tx_seg_d ; 2.5 V        ; 0 s                 ; 0 s                 ; 2.75 V                       ; 0.000213 V                   ; 2.79 V              ; -0.0324 V           ; 0.139 V                              ; 0.119 V                              ; 4.42e-10 s                  ; 4.33e-10 s                  ; No                         ; Yes                        ; 2.75 V                      ; 0.000213 V                  ; 2.79 V             ; -0.0324 V          ; 0.139 V                             ; 0.119 V                             ; 4.42e-10 s                 ; 4.33e-10 s                 ; No                        ; Yes                       ;
; tx_seg_e ; 2.5 V        ; 0 s                 ; 0 s                 ; 2.75 V                       ; 0.000247 V                   ; 2.85 V              ; -0.0711 V           ; 0.204 V                              ; 0.181 V                              ; 4.55e-10 s                  ; 4.49e-10 s                  ; No                         ; No                         ; 2.75 V                      ; 0.000247 V                  ; 2.85 V             ; -0.0711 V          ; 0.204 V                             ; 0.181 V                             ; 4.55e-10 s                 ; 4.49e-10 s                 ; No                        ; No                        ;
; tx_seg_f ; 2.5 V        ; 0 s                 ; 0 s                 ; 2.75 V                       ; 0.000247 V                   ; 2.85 V              ; -0.0711 V           ; 0.204 V                              ; 0.181 V                              ; 4.55e-10 s                  ; 4.49e-10 s                  ; No                         ; No                         ; 2.75 V                      ; 0.000247 V                  ; 2.85 V             ; -0.0711 V          ; 0.204 V                             ; 0.181 V                             ; 4.55e-10 s                 ; 4.49e-10 s                 ; No                        ; No                        ;
; tx_seg_g ; 2.5 V        ; 0 s                 ; 0 s                 ; 2.75 V                       ; 0.000247 V                   ; 2.85 V              ; -0.0711 V           ; 0.204 V                              ; 0.181 V                              ; 4.55e-10 s                  ; 4.49e-10 s                  ; No                         ; No                         ; 2.75 V                      ; 0.000247 V                  ; 2.85 V             ; -0.0711 V          ; 0.204 V                             ; 0.181 V                             ; 4.55e-10 s                 ; 4.49e-10 s                 ; No                        ; No                        ;
+----------+--------------+---------------------+---------------------+------------------------------+------------------------------+---------------------+---------------------+--------------------------------------+--------------------------------------+-----------------------------+-----------------------------+----------------------------+----------------------------+-----------------------------+-----------------------------+--------------------+--------------------+-------------------------------------+-------------------------------------+----------------------------+----------------------------+---------------------------+---------------------------+


+-------------------------------------------------------------------------------------------------------------------------------------------------------------------------------------+
; Setup Transfers                                                                                                                                                                     ;
+------------------------------------------------------------------+------------------------------------------------------------------+--------------+----------+----------+----------+
; From Clock                                                       ; To Clock                                                         ; RR Paths     ; FR Paths ; RF Paths ; FF Paths ;
+------------------------------------------------------------------+------------------------------------------------------------------+--------------+----------+----------+----------+
; clk_in                                                           ; clk_in                                                           ; 1            ; 0        ; 0        ; 0        ;
; risc_v_mike_clk_divider:i_risc_v_mike_clk_divider|pre_clk_cnt[0] ; clk_in                                                           ; 1            ; 1        ; 0        ; 0        ;
; clk_in                                                           ; risc_v_mike_clk_divider:i_risc_v_mike_clk_divider|pre_clk_cnt[0] ; 34950        ; 0        ; 0        ; 0        ;
; risc_v_mike_clk_divider:i_risc_v_mike_clk_divider|pre_clk_cnt[0] ; risc_v_mike_clk_divider:i_risc_v_mike_clk_divider|pre_clk_cnt[0] ; > 2147483647 ; 0        ; 0        ; 0        ;
+------------------------------------------------------------------+------------------------------------------------------------------+--------------+----------+----------+----------+
Entries labeled "false path" only account for clock-to-clock false paths and not path-based false paths. As a result, actual path counts may be lower than reported.


+-------------------------------------------------------------------------------------------------------------------------------------------------------------------------------------+
; Hold Transfers                                                                                                                                                                      ;
+------------------------------------------------------------------+------------------------------------------------------------------+--------------+----------+----------+----------+
; From Clock                                                       ; To Clock                                                         ; RR Paths     ; FR Paths ; RF Paths ; FF Paths ;
+------------------------------------------------------------------+------------------------------------------------------------------+--------------+----------+----------+----------+
; clk_in                                                           ; clk_in                                                           ; 1            ; 0        ; 0        ; 0        ;
; risc_v_mike_clk_divider:i_risc_v_mike_clk_divider|pre_clk_cnt[0] ; clk_in                                                           ; 1            ; 1        ; 0        ; 0        ;
; clk_in                                                           ; risc_v_mike_clk_divider:i_risc_v_mike_clk_divider|pre_clk_cnt[0] ; 34950        ; 0        ; 0        ; 0        ;
; risc_v_mike_clk_divider:i_risc_v_mike_clk_divider|pre_clk_cnt[0] ; risc_v_mike_clk_divider:i_risc_v_mike_clk_divider|pre_clk_cnt[0] ; > 2147483647 ; 0        ; 0        ; 0        ;
+------------------------------------------------------------------+------------------------------------------------------------------+--------------+----------+----------+----------+
Entries labeled "false path" only account for clock-to-clock false paths and not path-based false paths. As a result, actual path counts may be lower than reported.


---------------
; Report TCCS ;
---------------
No dedicated SERDES Transmitter circuitry present in device or used in design


---------------
; Report RSKM ;
---------------
No non-DPA dedicated SERDES Receiver circuitry present in device or used in design


+------------------------------------------------+
; Unconstrained Paths Summary                    ;
+---------------------------------+-------+------+
; Property                        ; Setup ; Hold ;
+---------------------------------+-------+------+
; Illegal Clocks                  ; 0     ; 0    ;
; Unconstrained Clocks            ; 0     ; 0    ;
; Unconstrained Input Ports       ; 4     ; 4    ;
; Unconstrained Input Port Paths  ; 32    ; 32   ;
; Unconstrained Output Ports      ; 15    ; 15   ;
; Unconstrained Output Port Paths ; 145   ; 145  ;
+---------------------------------+-------+------+


+----------------------------------------------------------------------------------------------------------------------------------------------------------+
; Clock Status Summary                                                                                                                                     ;
+------------------------------------------------------------------+------------------------------------------------------------------+------+-------------+
; Target                                                           ; Clock                                                            ; Type ; Status      ;
+------------------------------------------------------------------+------------------------------------------------------------------+------+-------------+
; clk_in                                                           ; clk_in                                                           ; Base ; Constrained ;
; risc_v_mike_clk_divider:i_risc_v_mike_clk_divider|pre_clk_cnt[0] ; risc_v_mike_clk_divider:i_risc_v_mike_clk_divider|pre_clk_cnt[0] ; Base ; Constrained ;
+------------------------------------------------------------------+------------------------------------------------------------------+------+-------------+


+--------------------------------------------------------------------------------------------------------+
; Unconstrained Input Ports                                                                              ;
+-----------------+--------------------------------------------------------------------------------------+
; Input Port      ; Comment                                                                              ;
+-----------------+--------------------------------------------------------------------------------------+
; asci_or_hexa_rx ; No input delay, min/max delays, false-path exceptions, or max skew assignments found ;
; asci_or_hexa_tx ; No input delay, min/max delays, false-path exceptions, or max skew assignments found ;
; rst             ; No input delay, min/max delays, false-path exceptions, or max skew assignments found ;
; rx              ; No input delay, min/max delays, false-path exceptions, or max skew assignments found ;
+-----------------+--------------------------------------------------------------------------------------+


+-----------------------------------------------------------------------------------------------------+
; Unconstrained Output Ports                                                                          ;
+-------------+---------------------------------------------------------------------------------------+
; Output Port ; Comment                                                                               ;
+-------------+---------------------------------------------------------------------------------------+
; seg_a       ; No output delay, min/max delays, false-path exceptions, or max skew assignments found ;
; seg_b       ; No output delay, min/max delays, false-path exceptions, or max skew assignments found ;
; seg_c       ; No output delay, min/max delays, false-path exceptions, or max skew assignments found ;
; seg_d       ; No output delay, min/max delays, false-path exceptions, or max skew assignments found ;
; seg_e       ; No output delay, min/max delays, false-path exceptions, or max skew assignments found ;
; seg_f       ; No output delay, min/max delays, false-path exceptions, or max skew assignments found ;
; seg_g       ; No output delay, min/max delays, false-path exceptions, or max skew assignments found ;
; tx          ; No output delay, min/max delays, false-path exceptions, or max skew assignments found ;
; tx_seg_a    ; No output delay, min/max delays, false-path exceptions, or max skew assignments found ;
; tx_seg_b    ; No output delay, min/max delays, false-path exceptions, or max skew assignments found ;
; tx_seg_c    ; No output delay, min/max delays, false-path exceptions, or max skew assignments found ;
; tx_seg_d    ; No output delay, min/max delays, false-path exceptions, or max skew assignments found ;
; tx_seg_e    ; No output delay, min/max delays, false-path exceptions, or max skew assignments found ;
; tx_seg_f    ; No output delay, min/max delays, false-path exceptions, or max skew assignments found ;
; tx_seg_g    ; No output delay, min/max delays, false-path exceptions, or max skew assignments found ;
+-------------+---------------------------------------------------------------------------------------+


+--------------------------------------------------------------------------------------------------------+
; Unconstrained Input Ports                                                                              ;
+-----------------+--------------------------------------------------------------------------------------+
; Input Port      ; Comment                                                                              ;
+-----------------+--------------------------------------------------------------------------------------+
; asci_or_hexa_rx ; No input delay, min/max delays, false-path exceptions, or max skew assignments found ;
; asci_or_hexa_tx ; No input delay, min/max delays, false-path exceptions, or max skew assignments found ;
; rst             ; No input delay, min/max delays, false-path exceptions, or max skew assignments found ;
; rx              ; No input delay, min/max delays, false-path exceptions, or max skew assignments found ;
+-----------------+--------------------------------------------------------------------------------------+


+-----------------------------------------------------------------------------------------------------+
; Unconstrained Output Ports                                                                          ;
+-------------+---------------------------------------------------------------------------------------+
; Output Port ; Comment                                                                               ;
+-------------+---------------------------------------------------------------------------------------+
; seg_a       ; No output delay, min/max delays, false-path exceptions, or max skew assignments found ;
; seg_b       ; No output delay, min/max delays, false-path exceptions, or max skew assignments found ;
; seg_c       ; No output delay, min/max delays, false-path exceptions, or max skew assignments found ;
; seg_d       ; No output delay, min/max delays, false-path exceptions, or max skew assignments found ;
; seg_e       ; No output delay, min/max delays, false-path exceptions, or max skew assignments found ;
; seg_f       ; No output delay, min/max delays, false-path exceptions, or max skew assignments found ;
; seg_g       ; No output delay, min/max delays, false-path exceptions, or max skew assignments found ;
; tx          ; No output delay, min/max delays, false-path exceptions, or max skew assignments found ;
; tx_seg_a    ; No output delay, min/max delays, false-path exceptions, or max skew assignments found ;
; tx_seg_b    ; No output delay, min/max delays, false-path exceptions, or max skew assignments found ;
; tx_seg_c    ; No output delay, min/max delays, false-path exceptions, or max skew assignments found ;
; tx_seg_d    ; No output delay, min/max delays, false-path exceptions, or max skew assignments found ;
; tx_seg_e    ; No output delay, min/max delays, false-path exceptions, or max skew assignments found ;
; tx_seg_f    ; No output delay, min/max delays, false-path exceptions, or max skew assignments found ;
; tx_seg_g    ; No output delay, min/max delays, false-path exceptions, or max skew assignments found ;
+-------------+---------------------------------------------------------------------------------------+


+--------------------------+
; Timing Analyzer Messages ;
+--------------------------+
Info: *******************************************************************
Info: Running Quartus Prime Timing Analyzer
    Info: Version 22.1std.2 Build 922 07/20/2023 SC Lite Edition
    Info: Processing started: Thu Apr 11 23:58:25 2024
Info: Command: quartus_sta RISC_V_multi_UART -c RISC_V_multi_UART
Info: qsta_default_script.tcl version: #1
Warning (18236): Number of processors has not been specified which may cause overloading on shared machines.  Set the global assignment NUM_PARALLEL_PROCESSORS in your QSF to an appropriate value for best performance.
Info (20030): Parallel compilation is enabled and will use 4 of the 4 processors detected
Info (21077): Low junction temperature is 0 degrees C
Info (21077): High junction temperature is 85 degrees C
Info (332104): Reading SDC File: 'output_files/SDC1.sdc'
Warning (332174): Ignored filter at SDC1.sdc(5): CLOCK_50 could not be matched with a port File: C:/Users/matriana/Personal/Masters/Diseno de Micros/RISC-V/RISC-V_unicycle/proj_quartus_w_UART/output_files/SDC1.sdc Line: 5
Warning (332049): Ignored create_clock at SDC1.sdc(5): Argument <targets> is an empty collection File: C:/Users/matriana/Personal/Masters/Diseno de Micros/RISC-V/RISC-V_unicycle/proj_quartus_w_UART/output_files/SDC1.sdc Line: 5
    Info (332050): create_clock -name CLK -period 20 [get_ports CLOCK_50] File: C:/Users/matriana/Personal/Masters/Diseno de Micros/RISC-V/RISC-V_unicycle/proj_quartus_w_UART/output_files/SDC1.sdc Line: 5
Info (332151): Clock uncertainty is not calculated until you update the timing netlist.
Warning (332174): Ignored filter at SDC1.sdc(104): altera_reserved_tck could not be matched with a port File: C:/Users/matriana/Personal/Masters/Diseno de Micros/RISC-V/RISC-V_unicycle/proj_quartus_w_UART/output_files/SDC1.sdc Line: 104
Warning (332049): Ignored create_clock at SDC1.sdc(104): Argument <targets> is an empty collection File: C:/Users/matriana/Personal/Masters/Diseno de Micros/RISC-V/RISC-V_unicycle/proj_quartus_w_UART/output_files/SDC1.sdc Line: 104
    Info (332050): create_clock -name {altera_reserved_tck} -period $tck_t_period  [get_ports {altera_reserved_tck}] File: C:/Users/matriana/Personal/Masters/Diseno de Micros/RISC-V/RISC-V_unicycle/proj_quartus_w_UART/output_files/SDC1.sdc Line: 104
Warning (332174): Ignored filter at SDC1.sdc(105): altera_reserved_tck could not be matched with a clock File: C:/Users/matriana/Personal/Masters/Diseno de Micros/RISC-V/RISC-V_unicycle/proj_quartus_w_UART/output_files/SDC1.sdc Line: 105
Warning (332049): Ignored set_clock_groups at SDC1.sdc(105): Argument -group with value altera_reserved_tck could not match any element of the following types: ( clk ) File: C:/Users/matriana/Personal/Masters/Diseno de Micros/RISC-V/RISC-V_unicycle/proj_quartus_w_UART/output_files/SDC1.sdc Line: 105
    Info (332050): set_clock_groups -asynchronous -group {altera_reserved_tck} File: C:/Users/matriana/Personal/Masters/Diseno de Micros/RISC-V/RISC-V_unicycle/proj_quartus_w_UART/output_files/SDC1.sdc Line: 105
Warning (332174): Ignored filter at SDC1.sdc(151): altera_reserved_tms could not be matched with a port File: C:/Users/matriana/Personal/Masters/Diseno de Micros/RISC-V/RISC-V_unicycle/proj_quartus_w_UART/output_files/SDC1.sdc Line: 151
Warning (332049): Ignored set_input_delay at SDC1.sdc(151): Argument <targets> is an empty collection File: C:/Users/matriana/Personal/Masters/Diseno de Micros/RISC-V/RISC-V_unicycle/proj_quartus_w_UART/output_files/SDC1.sdc Line: 151
    Info (332050): set_input_delay -add_delay -clock_fall -clock altera_reserved_tck -max $tms_in_max [get_ports {altera_reserved_tms}] File: C:/Users/matriana/Personal/Masters/Diseno de Micros/RISC-V/RISC-V_unicycle/proj_quartus_w_UART/output_files/SDC1.sdc Line: 151
Warning (332049): Ignored set_input_delay at SDC1.sdc(151): Argument -clock is not an object ID File: C:/Users/matriana/Personal/Masters/Diseno de Micros/RISC-V/RISC-V_unicycle/proj_quartus_w_UART/output_files/SDC1.sdc Line: 151
Warning (332049): Ignored set_input_delay at SDC1.sdc(152): Argument <targets> is an empty collection File: C:/Users/matriana/Personal/Masters/Diseno de Micros/RISC-V/RISC-V_unicycle/proj_quartus_w_UART/output_files/SDC1.sdc Line: 152
    Info (332050): set_input_delay -add_delay -clock_fall -clock altera_reserved_tck -min $tms_in_min [get_ports {altera_reserved_tms}] File: C:/Users/matriana/Personal/Masters/Diseno de Micros/RISC-V/RISC-V_unicycle/proj_quartus_w_UART/output_files/SDC1.sdc Line: 152
Warning (332049): Ignored set_input_delay at SDC1.sdc(152): Argument -clock is not an object ID File: C:/Users/matriana/Personal/Masters/Diseno de Micros/RISC-V/RISC-V_unicycle/proj_quartus_w_UART/output_files/SDC1.sdc Line: 152
Warning (332174): Ignored filter at SDC1.sdc(173): altera_reserved_tdi could not be matched with a port File: C:/Users/matriana/Personal/Masters/Diseno de Micros/RISC-V/RISC-V_unicycle/proj_quartus_w_UART/output_files/SDC1.sdc Line: 173
Warning (332049): Ignored set_input_delay at SDC1.sdc(173): Argument <targets> is an empty collection File: C:/Users/matriana/Personal/Masters/Diseno de Micros/RISC-V/RISC-V_unicycle/proj_quartus_w_UART/output_files/SDC1.sdc Line: 173
    Info (332050): set_input_delay -add_delay -clock_fall -clock altera_reserved_tck -max $tdi_in_max [get_ports {altera_reserved_tdi}] File: C:/Users/matriana/Personal/Masters/Diseno de Micros/RISC-V/RISC-V_unicycle/proj_quartus_w_UART/output_files/SDC1.sdc Line: 173
Warning (332049): Ignored set_input_delay at SDC1.sdc(173): Argument -clock is not an object ID File: C:/Users/matriana/Personal/Masters/Diseno de Micros/RISC-V/RISC-V_unicycle/proj_quartus_w_UART/output_files/SDC1.sdc Line: 173
Warning (332049): Ignored set_input_delay at SDC1.sdc(174): Argument <targets> is an empty collection File: C:/Users/matriana/Personal/Masters/Diseno de Micros/RISC-V/RISC-V_unicycle/proj_quartus_w_UART/output_files/SDC1.sdc Line: 174
    Info (332050): set_input_delay -add_delay -clock_fall -clock altera_reserved_tck -min $tdi_in_min [get_ports {altera_reserved_tdi}] File: C:/Users/matriana/Personal/Masters/Diseno de Micros/RISC-V/RISC-V_unicycle/proj_quartus_w_UART/output_files/SDC1.sdc Line: 174
Warning (332049): Ignored set_input_delay at SDC1.sdc(174): Argument -clock is not an object ID File: C:/Users/matriana/Personal/Masters/Diseno de Micros/RISC-V/RISC-V_unicycle/proj_quartus_w_UART/output_files/SDC1.sdc Line: 174
Warning (332174): Ignored filter at SDC1.sdc(218): altera_reserved_tdo could not be matched with a port File: C:/Users/matriana/Personal/Masters/Diseno de Micros/RISC-V/RISC-V_unicycle/proj_quartus_w_UART/output_files/SDC1.sdc Line: 218
Warning (332049): Ignored set_output_delay at SDC1.sdc(218): Argument <targets> is an empty collection File: C:/Users/matriana/Personal/Masters/Diseno de Micros/RISC-V/RISC-V_unicycle/proj_quartus_w_UART/output_files/SDC1.sdc Line: 218
    Info (332050): set_output_delay -add_delay -clock_fall -clock altera_reserved_tck -max $tdo_out_max [get_ports {altera_reserved_tdo}] File: C:/Users/matriana/Personal/Masters/Diseno de Micros/RISC-V/RISC-V_unicycle/proj_quartus_w_UART/output_files/SDC1.sdc Line: 218
Warning (332049): Ignored set_output_delay at SDC1.sdc(218): Argument -clock is not an object ID File: C:/Users/matriana/Personal/Masters/Diseno de Micros/RISC-V/RISC-V_unicycle/proj_quartus_w_UART/output_files/SDC1.sdc Line: 218
Warning (332049): Ignored set_output_delay at SDC1.sdc(219): Argument <targets> is an empty collection File: C:/Users/matriana/Personal/Masters/Diseno de Micros/RISC-V/RISC-V_unicycle/proj_quartus_w_UART/output_files/SDC1.sdc Line: 219
    Info (332050): set_output_delay -add_delay -clock_fall -clock altera_reserved_tck -min $tdo_out_min [get_ports {altera_reserved_tdo}] File: C:/Users/matriana/Personal/Masters/Diseno de Micros/RISC-V/RISC-V_unicycle/proj_quartus_w_UART/output_files/SDC1.sdc Line: 219
Warning (332049): Ignored set_output_delay at SDC1.sdc(219): Argument -clock is not an object ID File: C:/Users/matriana/Personal/Masters/Diseno de Micros/RISC-V/RISC-V_unicycle/proj_quartus_w_UART/output_files/SDC1.sdc Line: 219
Warning (332174): Ignored filter at SDC1.sdc(246): altera_reserved_ntrst could not be matched with a port File: C:/Users/matriana/Personal/Masters/Diseno de Micros/RISC-V/RISC-V_unicycle/proj_quartus_w_UART/output_files/SDC1.sdc Line: 246
Warning (332049): Ignored set_false_path at SDC1.sdc(88): Argument <from> is an empty collection File: C:/Users/matriana/Personal/Masters/Diseno de Micros/RISC-V/RISC-V_unicycle/proj_quartus_w_UART/output_files/SDC1.sdc Line: 88
    Info (332050): set_false_path -from [get_ports {altera_reserved_tdi}] -to [get_ports {altera_reserved_tdo}] File: C:/Users/matriana/Personal/Masters/Diseno de Micros/RISC-V/RISC-V_unicycle/proj_quartus_w_UART/output_files/SDC1.sdc Line: 88
Warning (332049): Ignored set_false_path at SDC1.sdc(88): Argument <to> is an empty collection File: C:/Users/matriana/Personal/Masters/Diseno de Micros/RISC-V/RISC-V_unicycle/proj_quartus_w_UART/output_files/SDC1.sdc Line: 88
Warning (332174): Ignored filter at SDC1.sdc(89): *~jtag_reg could not be matched with a register File: C:/Users/matriana/Personal/Masters/Diseno de Micros/RISC-V/RISC-V_unicycle/proj_quartus_w_UART/output_files/SDC1.sdc Line: 89
Warning (332049): Ignored set_false_path at SDC1.sdc(89): Argument <from> is an empty collection File: C:/Users/matriana/Personal/Masters/Diseno de Micros/RISC-V/RISC-V_unicycle/proj_quartus_w_UART/output_files/SDC1.sdc Line: 89
    Info (332050): set_false_path -from [get_registers *~jtag_reg] -to [get_ports {altera_reserved_tdo}] File: C:/Users/matriana/Personal/Masters/Diseno de Micros/RISC-V/RISC-V_unicycle/proj_quartus_w_UART/output_files/SDC1.sdc Line: 89
Warning (332049): Ignored set_false_path at SDC1.sdc(89): Argument <to> is an empty collection File: C:/Users/matriana/Personal/Masters/Diseno de Micros/RISC-V/RISC-V_unicycle/proj_quartus_w_UART/output_files/SDC1.sdc Line: 89
Info (332142): No user constrained base clocks found in the design. Calling "derive_clocks -period 1.0"
Info (332105): Deriving Clocks
    Info (332105): create_clock -period 1.000 -name risc_v_mike_clk_divider:i_risc_v_mike_clk_divider|pre_clk_cnt[0] risc_v_mike_clk_divider:i_risc_v_mike_clk_divider|pre_clk_cnt[0]
    Info (332105): create_clock -period 1.000 -name clk_in clk_in
Info (332123): Deriving Clock Uncertainty. Please refer to report_sdc in the Timing Analyzer to see clock uncertainties.
Info: Found TIMING_ANALYZER_REPORT_SCRIPT_INCLUDE_DEFAULT_ANALYSIS = ON
Info: Analyzing Slow 1100mV 85C Model
Critical Warning (332148): Timing requirements not met
    Info (11105): For recommendations on closing timing, run Report Timing Closure Recommendations in the Timing Analyzer.
Info (332146): Worst-case setup slack is -24.504
    Info (332119):     Slack       End Point TNS Clock 
    Info (332119): ========= =================== =====================
    Info (332119):   -24.504         -396591.083 risc_v_mike_clk_divider:i_risc_v_mike_clk_divider|pre_clk_cnt[0] 
    Info (332119):    -3.728              -3.752 clk_in 
Info (332146): Worst-case hold slack is 0.310
    Info (332119):     Slack       End Point TNS Clock 
    Info (332119): ========= =================== =====================
    Info (332119):     0.310               0.000 clk_in 
    Info (332119):     0.363               0.000 risc_v_mike_clk_divider:i_risc_v_mike_clk_divider|pre_clk_cnt[0] 
Info (332140): No Recovery paths to report
Info (332140): No Removal paths to report
Info (332146): Worst-case minimum pulse width slack is -0.448
    Info (332119):     Slack       End Point TNS Clock 
    Info (332119): ========= =================== =====================
    Info (332119):    -0.448              -1.881 clk_in 
    Info (332119):    -0.394          -10009.853 risc_v_mike_clk_divider:i_risc_v_mike_clk_divider|pre_clk_cnt[0] 
Info (332114): Report Metastability: Found 1 synchronizer chains.
    Info (332114): Design MTBF is not calculated because the design doesn't meet its timing requirements.
Info: Analyzing Slow 1100mV 0C Model
Info (334003): Started post-fitting delay annotation
Info (334004): Delay annotation completed successfully
Info (332123): Deriving Clock Uncertainty. Please refer to report_sdc in the Timing Analyzer to see clock uncertainties.
Critical Warning (332148): Timing requirements not met
    Info (11105): For recommendations on closing timing, run Report Timing Closure Recommendations in the Timing Analyzer.
Info (332146): Worst-case setup slack is -23.916
    Info (332119):     Slack       End Point TNS Clock 
    Info (332119): ========= =================== =====================
    Info (332119):   -23.916         -388316.504 risc_v_mike_clk_divider:i_risc_v_mike_clk_divider|pre_clk_cnt[0] 
    Info (332119):    -3.515              -3.515 clk_in 
Info (332146): Worst-case hold slack is 0.291
    Info (332119):     Slack       End Point TNS Clock 
    Info (332119): ========= =================== =====================
    Info (332119):     0.291               0.000 clk_in 
    Info (332119):     0.383               0.000 risc_v_mike_clk_divider:i_risc_v_mike_clk_divider|pre_clk_cnt[0] 
Info (332140): No Recovery paths to report
Info (332140): No Removal paths to report
Info (332146): Worst-case minimum pulse width slack is -0.502
    Info (332119):     Slack       End Point TNS Clock 
    Info (332119): ========= =================== =====================
    Info (332119):    -0.502              -2.030 clk_in 
    Info (332119):    -0.394           -9025.211 risc_v_mike_clk_divider:i_risc_v_mike_clk_divider|pre_clk_cnt[0] 
Info (332114): Report Metastability: Found 1 synchronizer chains.
    Info (332114): Design MTBF is not calculated because the design doesn't meet its timing requirements.
Info: Analyzing Fast 1100mV 85C Model
Info (334003): Started post-fitting delay annotation
Info (334004): Delay annotation completed successfully
Info (332123): Deriving Clock Uncertainty. Please refer to report_sdc in the Timing Analyzer to see clock uncertainties.
Critical Warning (332148): Timing requirements not met
    Info (11105): For recommendations on closing timing, run Report Timing Closure Recommendations in the Timing Analyzer.
Info (332146): Worst-case setup slack is -15.069
    Info (332119):     Slack       End Point TNS Clock 
    Info (332119): ========= =================== =====================
    Info (332119):   -15.069         -235252.695 risc_v_mike_clk_divider:i_risc_v_mike_clk_divider|pre_clk_cnt[0] 
    Info (332119):    -2.884              -2.884 clk_in 
Info (332146): Worst-case hold slack is 0.179
    Info (332119):     Slack       End Point TNS Clock 
    Info (332119): ========= =================== =====================
    Info (332119):     0.179               0.000 risc_v_mike_clk_divider:i_risc_v_mike_clk_divider|pre_clk_cnt[0] 
    Info (332119):     0.186               0.000 clk_in 
Info (332140): No Recovery paths to report
Info (332140): No Removal paths to report
Info (332146): Worst-case minimum pulse width slack is -0.516
    Info (332119):     Slack       End Point TNS Clock 
    Info (332119): ========= =================== =====================
    Info (332119):    -0.516              -0.849 clk_in 
    Info (332119):     0.020               0.000 risc_v_mike_clk_divider:i_risc_v_mike_clk_divider|pre_clk_cnt[0] 
Info (332114): Report Metastability: Found 1 synchronizer chains.
    Info (332114): Design MTBF is not calculated because the design doesn't meet its timing requirements.
Info: Analyzing Fast 1100mV 0C Model
Info (332123): Deriving Clock Uncertainty. Please refer to report_sdc in the Timing Analyzer to see clock uncertainties.
Critical Warning (332148): Timing requirements not met
    Info (11105): For recommendations on closing timing, run Report Timing Closure Recommendations in the Timing Analyzer.
Info (332146): Worst-case setup slack is -13.298
    Info (332119):     Slack       End Point TNS Clock 
    Info (332119): ========= =================== =====================
    Info (332119):   -13.298         -209052.365 risc_v_mike_clk_divider:i_risc_v_mike_clk_divider|pre_clk_cnt[0] 
    Info (332119):    -2.420              -2.420 clk_in 
Info (332146): Worst-case hold slack is 0.167
    Info (332119):     Slack       End Point TNS Clock 
    Info (332119): ========= =================== =====================
    Info (332119):     0.167               0.000 clk_in 
    Info (332119):     0.171               0.000 risc_v_mike_clk_divider:i_risc_v_mike_clk_divider|pre_clk_cnt[0] 
Info (332140): No Recovery paths to report
Info (332140): No Removal paths to report
Info (332146): Worst-case minimum pulse width slack is -0.539
    Info (332119):     Slack       End Point TNS Clock 
    Info (332119): ========= =================== =====================
    Info (332119):    -0.539              -0.903 clk_in 
    Info (332119):     0.080               0.000 risc_v_mike_clk_divider:i_risc_v_mike_clk_divider|pre_clk_cnt[0] 
Info (332114): Report Metastability: Found 1 synchronizer chains.
    Info (332114): Design MTBF is not calculated because the design doesn't meet its timing requirements.
Info (332102): Design is not fully constrained for setup requirements
Info (332102): Design is not fully constrained for hold requirements
Info: Quartus Prime Timing Analyzer was successful. 0 errors, 32 warnings
    Info: Peak virtual memory: 5996 megabytes
    Info: Processing ended: Thu Apr 11 23:59:37 2024
    Info: Elapsed time: 00:01:12
    Info: Total CPU time (on all processors): 00:01:36


